t,x,u_exacte
2.7440675196366238,5.179377176655176,0.004676368824658784
3.5759468318620975,6.348490171018703,0.0025679810606176203
3.0138168803582195,-4.355971173731383,0.00957296488868325
2.724415914984484,-4.896878951877204,0.005883968490599845
2.1182739966945237,-1.1728475440035062,0.045470049744192324
3.2294705653332807,-2.122864848134225,0.028078018667708836
2.1879360563134624,0.15638135124310715,0.051330899969706245
4.4588650039103985,-5.768315969154825,0.005043129588258638
4.818313802505147,-0.1239904992991736,0.027414618549617555
1.9172075941288886,6.255048456140543,0.0006146886280030956
3.958625190413323,7.657667845356514,0.0010074518125207635
2.644474598764522,3.3352452493713525,0.01726250495561619
2.8402228054696614,-4.23739072103875,0.010018388970245705
4.627983191463305,7.46490236683502,0.0016389785512340238
0.3551802909894347,-1.5754417801059155,0.04449804956686383
0.43564649850770354,-5.363856194702303,3.214302122758858e-06
0.1010919872016286,-7.308053819840623,5.0912337690091015e-18
4.16309922773969,9.233377158856069,0.0002508002543689455
3.8907837547492523,-8.240416910705255,0.0005520668559604181
4.3500607412340955,0.5952092986945559,0.029602996354951783
4.89309171116382,-5.956454568856168,0.004818303045153046
3.9957928210836178,7.365607909240083,0.0013339702427014818
2.3073968112646592,-6.109466129810823,0.0012919457389482612
3.902645881432277,4.729595187675859,0.008639605867361866
0.5913721293446661,-6.6976806317668185,1.6713573593842122e-07
3.199605106637619,8.762244973932248,0.0001498525825917453
0.716766437045232,3.2664999888537096,0.005996578165338272
4.7233445852479194,-1.6975827006459898,0.02418972176754033
2.6092416087503585,9.249650194715148,2.5689069661284954e-05
2.0733096999526177,0.4810172311597416,0.052010489742510484
1.322778060523135,-2.3185254137646805,0.02972539306492288
3.871168447171083,-6.75048993184509,0.002107816952959427
2.2807516610827427,4.421786327427881,0.007252713423879573
2.8421697443432423,1.926658875791622,0.0317027250626233
0.09394900218177571,-5.54214306044011,3.4027210040722686e-11
3.0881774853793855,-5.000763307021576,0.006176730759701802
3.060478613612107,-5.592357434859149,0.003814455693156037
3.0846699843737846,-0.08316270036412554,0.040205260015790105
4.718740392573121,-9.054213740759923,0.00045247904450122984
3.409101495517417,-4.2150503088466245,0.011042862596872921
1.79753950286893,4.732478879947166,0.0037907039254774255
2.1851597689967073,2.4245980666534965,0.028166335326487824
3.4881559796363244,6.371922890092058,0.002415055213100678
0.30112735814634917,4.896499098315854,2.4718154734520313e-06
3.3338335772283383,-9.574453252793178,6.322033975954504e-05
3.353189348090797,1.3913826822448208,0.03293776529548981
1.0519128053692044,-1.2316654639333162,0.05895411942656078
0.6446314882742665,-2.773999124551989,0.01154245670998829
1.5771417546209192,9.847631729226489,1.0915826580596643e-07
1.818553854713113,3.1392674151048983,0.01761657918319174
2.8509838520893984,-4.9785985372262616,0.005788884157089155
2.193007567311602,0.6573211740933065,0.04915799023328066
4.941869190296131,-8.095361337879181,0.0011408652815922495
0.5102240537401403,4.9054655955558,3.987109045250891e-05
1.0443837804741736,-3.0469652075934572,0.013178461316341976
0.8065475894249813,-6.622332543223282,2.79474578035371e-06
3.265541627326992,-6.751570740411051,0.0015044603482938378
1.2664580126989105,-9.695422692595368,1.3316548504578125e-08
2.331553864281531,5.557605065141901,0.0024761295689361995
1.2221279600080137,4.573997513888825,0.002088979822311327
0.7948479182275986,-0.2994821500080569,0.08843694108445307
0.5518757058215257,-3.8807048819213152,0.0009657816291821443
3.281647947326367,-2.167766945395824,0.027480396441765146
0.690914756743069,7.681769838810169,1.4928304559235832e-08
0.9829118084002675,-7.574004555542448,7.245665451414063e-07
1.8436258533048204,-9.408705197475879,1.4747513010887401e-06
4.104966149239676,-5.685511005805788,0.004969767106619403
0.48550637896530635,0.41371266627629844,0.10479861933139005
4.189724537494019,-9.846341636101116,0.00013287339682177755
0.48049203946981534,-7.91470531713129,5.453942338525989e-11
4.882297325066979,3.9572796373342367,0.012633404387826527
2.343256008238508,-1.0387428575621271,0.04427273114952795
4.883805440951686,8.97277920028569,0.0005370026405786599
3.02422759872523,8.215331352052228,0.0002360893906290335
3.6963178969915083,-4.470842071979087,0.009804839506521234
0.19593896127160337,-2.445681398820083,0.005135232392692732
1.414034812882048,8.363434626752927,1.8372119909317426e-06
0.6009828060658445,1.5851518943498633,0.04879245857823522
1.4807009876107247,-2.6055618446953854,0.024585864976828183
0.5936385947712203,6.008134107098996,2.3199768701890476e-06
1.5899158969698801,8.490082152045517,3.507645074966957e-06
2.07131497257335,3.4698612940715705,0.014589464830884342
0.3207374817439218,-5.381928444921968,3.960025723241915e-07
3.4623605968500994,6.385210316914652,0.0023572157936713406
2.8330072710328755,-1.5894767717197205,0.034954556957390526
1.326947454697227,3.960931598249468,0.005797873535973677
2.6162402673334983,-0.27292767232995985,0.04517520771528464
0.4697025537922084,8.817298088348753,2.1014960943247443e-13
2.8797324777808964,-8.632495189625233,0.00011015573594577824
4.646480987881071,-6.8840659118499214,0.0025260335997437204
1.5928447622566182,-6.108634763677139,0.00039773364905585664
3.3370518998184084,-5.579989866809976,0.004317828090280514
0.6589893120219609,-5.291447632790758,4.443542162869832e-05
3.5816360205928275,-6.942995902885334,0.0015374898890915065
1.4470304647360055,3.858351047001701,0.007410888483513807
0.9159568100355842,-5.6368850346438375,9.290688961190341e-05
2.9325646740504157,-5.290930379555682,0.00463697285750144
0.10053773093746776,-6.05223475555772,7.548023029905862e-13
4.144700146086816,-2.0262556061775605,0.024951654064744037
0.023477380962735328,9.171862059726962,7.633324767286362e-35
3.3890826839811505,-2.6643956089597864,0.02293592001015191
1.3500398659608241,-4.047516406717236,0.005341291157020275
3.6759701106129743,-8.62800818192008,0.00030525003964111067
4.810942725587191,-2.949449367215342,0.017878067246720482
1.24376571759979,-5.3560790740465025,0.0005938817076000158
2.8807866720891844,5.258546760433369,0.004656914259221005
2.9602096563591953,-7.767434002874774,0.0003781190386848791
2.861259528954367,-7.126379160915899,0.0007194739886371712
1.1154081632030914,-4.429793982437722,0.00210645678494994
4.763745057584925,-4.2394634132938975,0.011319367944807205
2.2356268930881367,6.9260987339222595,0.00040718876657447355
4.232043362355639,5.825673129009745,0.004659471629641934
3.4973963765875213,1.5727126641045075,0.030873256519882406
1.4871847542756682,-4.228226422799068,0.004990282197578865
4.068989098512386,-3.6224329357801537,0.014987352409447855
1.9825287042349231,1.844365499652893,0.03750323130261744
4.405515985555808,4.797331175296479,0.008668758938926263
2.9063643631792937,-2.318038897831012,0.027501223181433537
4.408676809274264,0.1912405728875033,0.029754314557876665
3.4626579503888295,7.7606627306538805,0.0006360061875085633
3.6262713990982025,2.9958171341686146,0.019811627089352277
2.506621909633511,0.7110026408380001,0.044775387556668295
4.78041817361612,-8.575550777162174,0.00071505739629529
3.219950996148187,-6.47969576444178,0.0018891013458665405
2.1192752427908985,-5.980168323687534,0.0012073044940066086
3.031966070639622,2.4629658490458937,0.025678815888743867
0.09596599154666763,-7.837744965909,8.867860053556198e-21
1.5078740833727466,-9.420102600367471,2.1437353166030327e-07
3.300867687463425,-2.792988846962694,0.02202703326915236
1.4503880360522203,4.377183570176154,0.0039659201486920235
3.0900771449942077,3.8649870860411877,0.013132212779633294
2.1438435047288307,5.853407039007783,0.001456679703244151
0.6773703211122512,3.9249651253861906,0.0015252645674728683
1.4914116297801538,2.2657115720292396,0.03124047020961049
2.8498245535063242,-0.27675806484709575,0.04245045391527061
2.954363806240866,-5.830033590240589,0.0029319854949829433
2.871626244247894,1.3709611171323601,0.036536262273917416
3.2660040992856683,2.732494964166822,0.02262400016610663
3.2605163500084444,-7.525133431705675,0.0006828521075876179
2.15709217716987,1.3029467720626968,0.04355095464393827
4.482732979255315,-8.045025736128968,0.0009615325638913074
1.8378093502394828,0.941536046129837,0.05178915788950451
2.179324626328134,-6.82162217962717,0.0004293843293702794
4.45961677507836,-7.619729055833339,0.0013531011669548672
4.030969945230429,-7.737998879723267,0.0009785428547472675
3.5194429177018316,8.220506256618137,0.0004097881121307932
0.5011344365615056,1.961746349048843,0.030485868465838895
4.597413068723368,-4.996825555957221,0.007912908714927048
3.571206497745557,-8.57102244015817,0.0002927413122641853
4.994235032839333,0.7236283702420501,0.025847643486454595
0.7472415232899687,-7.103940582463828,2.9765830977033696e-07
4.340630286841071,5.568058688090014,0.005588431530400713
0.8124646733818741,-0.07780686796385439,0.08931804470549737
3.077797821419221,4.5289776971467965,0.00863050604314994
0.6190999142472076,-2.0854680235971585,0.028856953750062204
4.240041146611172,4.046454892407212,0.012410738857312796
4.036594793625054,3.6922871268602435,0.014565712607568681
2.8455036930729665,1.2283241615140703,0.037856092615328345
2.0359164861299983,6.914792683162588,0.00028908405754289775
0.34583497727569024,1.6494714720475372,0.03996122477614094
3.4871438657228184,1.5622082155964456,0.031001501518639542
2.2677134133903443,-3.8403378531533283,0.011614797379245777
3.61027799735174,8.630125322351333,0.000285174687929857
4.331911629643146,0.3427914310757032,0.03009952735895505
4.8776075250144295,-2.165706848528572,0.02157233581511068
4.279016711963055,0.8328458312523512,0.02948046542617713
0.05857042092500986,-7.09515722530525,3.4649707267671107e-19
1.7998903223918195,-4.697495257575904,0.00395552016397922
3.64995281212029,-3.8663627566038317,0.013482966869273262
0.8581483863072026,0.30317538362642615,0.08539383074633387
2.6051830310206463,3.9102166761555353,0.011956900682948912
0.27168994169626814,-4.255950757445688,2.2898633422133626e-05
0.9999826244820004,-7.2846800882221725,1.9895371984085988e-06
0.09260897230306986,1.1843636555048054,0.060821082778583384
3.968488516787103,7.092996627575076,0.0016603511733368126
1.1196234403019005,-1.6353582726384381,0.046888720867683434
1.7267584034845136,-0.48454182105876775,0.0580945891601125
4.640406467327955,-4.21582975690275,0.011460610637687559
3.5220720096176636,6.176682466321072,0.0028881216801931687
0.15919464765653923,-7.586701092315231,8.221788500270277e-17
0.8234707824895637,-6.5782256461576605,3.733302406569471e-06
3.1073920074988175,9.9991322551545,2.3374375757429512e-05
2.886142943020838,3.6443150525903985,0.01467802609049009
1.1894641068725431,0.9610481315342092,0.06303430255732945
4.671069989623969,5.902158903166244,0.004814294691662451
3.06982977982948,9.937649093428831,2.378590494359874e-05
2.6781640151247914,-6.182514382984914,0.0017104074740056689
2.949549881772855,5.827860775155521,0.002929706856869606
3.650610147583848,-3.156758348256785,0.018557103345152193
1.5597249773980093,4.624653699705423,0.0033138064951099095
1.9911053110804593,4.15319455075554,0.007991752972606736
1.0492187448756107,9.966600855960827,3.948951250395949e-10
0.9309650294016808,-7.762558963270683,2.418865128655711e-07
4.721861949919668,-9.957492103669445,0.00019117751236283955
3.697753975246438,4.955689292222456,0.0073417633846804145
2.4522940430878353,1.375538365976137,0.039958603227127375
1.137073139866616,3.8174825592331363,0.00548084845019442
1.2717824088519647,5.070500696527954,0.0010453888658571871
0.2901458016193781,-0.12986896448327556,0.1311455127029388
2.1720831277906036,-2.8693094991883106,0.022106448550032187
1.558979409970513,5.407517726049967,0.0011182509282443764
3.4817174440772973,-2.397401426678911,0.024866412980067486
1.8887591964624044,2.443845389808324,0.028164676587170225
0.898018387798174,7.868120530313089,1.1916591910780626e-07
0.12339364195665614,-6.832170557972221,4.321061007906887e-15
0.3362481573162429,-9.82187680216085,1.718590964723392e-19
3.3969638674928366,-4.864867776026019,0.007360689395673045
2.2684842227802267,5.949438868931775,0.0014961413516181269
2.682896055543611,1.3365128498032153,0.038344997544781774
4.483356465201711,8.92321727070864,0.00043782108866281165
4.951694736983522,0.957481997233586,0.025570702550140663
1.0844849219923698,-4.6843723482270105,0.0012733133351986005
3.315391015500504,5.317706093986718,0.00523403440795887
1.3166118836857532,3.1510077183002068,0.014362276289057948
0.1032549973286434,6.413667199231728,3.788864737161387e-14
3.791893269180707,3.359969520448349,0.01693445490906026
1.6000857541123392,-0.961019792609692,0.05529851882253732
1.9173194708594898,-4.458346618125793,0.005662696862438324
2.9415855677680285,-8.887990704614822,8.568217838268122e-05
4.155242276180952,-3.841274946492681,0.01361090606378673
3.1449092179557434,-9.074830448667626,9.210060064727132e-05
4.363253277236977,-1.3994585849592518,0.027065087814744492
1.3677101740781787,-5.484001762190394,0.00065719934864365
3.9902341695628185,4.072952165839791,0.012252991540232194
0.928179721529761,-5.596429468869979,0.00010910079454194309
4.763958284859723,-8.371363288673239,0.0008423413421731904
3.4374413819390766,6.775945567999454,0.001642360722504682
1.0775383855677922,-8.7993427941147,3.623622906348302e-08
4.736852952444622,5.019169186989842,0.007886549084348077
3.654279033850789,8.588506519632666,0.00031208681375360133
1.2697082129751291,-7.8574176263725075,2.7740353683657395e-06
1.06655988683741,1.1933585973818772,0.05977464281112802
2.5910035696533162,-0.9654657949326442,0.04218087619031115
0.12831359027265787,5.97420117432447,9.170354053517526e-12
1.037350377205547,2.4696001220937482,0.024306582647570723
2.1234273437575313,-4.434531268576949,0.0066146124426803374
1.8708499016711277,-9.970619877152595,4.636469408801826e-07
2.3178771218240533,-0.34264542316968516,0.04893106440374603
1.3881435314736597,7.882177647869327,5.184918307304445e-06
2.9339217322908437,8.107263406453345,0.0002397430092560698
4.319278029616157,-7.4940603389301135,0.0014060970764136582
0.5876592798101654,7.2135393471737785,1.8551668404020376e-08
2.5868955357705707,-9.311374284063715,2.2028511483848673e-05
0.6603405317257666,-8.153014493195755,1.1583597624790765e-09
3.5842984059629686,9.324416247290007,0.00012317677905218787
1.9802985140364688,-2.260651856168905,0.03097616511757589
2.827106559292545,-8.584322066945582,0.00010790129798366553
0.9163991810703931,-0.5908929129295721,0.07839291963481157
0.7242387967168862,-9.077259605304825,6.188080390988426e-11
2.440281403244773,-9.67259690201281,8.003647876540259e-06
1.778063689249778,1.2350045887172918,0.048706220165509725
4.702159726264065,-5.775875604098067,0.0052116229804737395
3.8266262690348265,2.4382517957653267,0.02345983594360194
3.7433180992527366,-3.3060147231263715,0.017361858713196683
4.518598698729667,-7.3504593423079445,0.0017155437924329284
0.41711217721009275,9.688037164566758,6.226285069468088e-17
2.760962349612033,-5.001171690358053,0.005480645048649061
2.922380344778844,-8.760457078516065,9.903714259983203e-05
4.809681892736145,-4.423267595993414,0.010452326457059126
1.4607376339627443,-4.965998881995768,0.0017981496188001626
1.2041438995772342,-4.0070739156484,0.004650849087299877
0.5014697113274891,-2.8865153759850752,0.006861963130761961
0.08214814795737102,6.103303615591379,1.1462187547350834e-13
4.647646583960952,-8.804311281043962,0.0005429353712137467
3.3495827329545502,-2.9093465986848503,0.020945762577506844
3.925764560115689,-7.925089140695376,0.0007693056867100186
1.4086505287697455,9.6439329218008,5.506828206499607e-08
2.9320508309316335,-7.120565353716937,0.0007785900772283399
0.3197763306049056,-0.4193011038240808,0.11878401381523217
2.4281379796731146,-0.39913134792181637,0.047225053795278485
4.887475698722234,5.623564171369184,0.005807966840387222
4.382526226582954,-4.557082574173334,0.009773254288978047
1.6907947591842283,4.755477150333391,0.0032919744475356037
4.807850772707493,-9.473228817182854,0.000325671440098454
1.1585081323560225,8.54300875294647,1.7761358694480358e-07
4.746594112078407,-8.020886974841645,0.00111316629356024
4.706888523532493,-0.3834099124288777,0.027845688255472532
3.9960129367619586,-6.53140573476654,0.0026401984112485546
3.1522396843339555,-2.627664540683517,0.023816312412711427
4.371439833124735,2.840410335389736,0.019418626220869106
1.4651014225389836,-7.15055650047097,3.823305286354057e-05
4.244717776564591,-4.217829601391145,0.011470142159674854
3.0893834595876193,3.583646654070197,0.01536196345355621
0.06618428879449745,6.890890951942698,8.74239530397814e-18
1.7361675896610977,1.8579552480203105,0.038626752859600696
0.7407043047408252,0.45969330558047083,0.08845059628168445
4.909146949091266,-7.807819754600212,0.0014046579758421782
2.3918515351999403,-7.069190768934675,0.0004279395305097831
2.4869568274933136,9.163827423150991,2.1982963257713384e-05
3.197362581993618,-9.94750279832709,2.9916346616958754e-05
1.8429230306480875,-0.31162627305141655,0.05682617981767943
0.6845013584279946,5.126849614842492,8.533903227108124e-05
4.110588665971227,-5.800739395874432,0.0046120725619550555
0.9492395595137898,-0.8087256734427299,0.07246170734907044
2.55659491273228,-0.13877618109557943,0.04614595047855755
1.1215851448736962,-4.792056845969439,0.0011611315456162689
0.4892224224701702,7.575025021323512,4.1352846040258393e-10
4.310957587108416,8.503123601444646,0.0005781939178535582
4.864597445115652,4.9867370083765366,0.008061848327296813
4.804173290315001,-9.82726816565906,0.00023168952003385895
4.532777496105894,2.5785113546483167,0.020529178407983552
3.870236663493194,-5.357762640388016,0.005861733407116232
1.6657257601432096,-4.656306817720688,0.003611700311302495
0.4055069499399838,-6.323920901917528,2.8190787509281735e-08
2.036205857069037,1.4482285691318264,0.04289489038621683
1.1611707108547136,-1.0656268809300506,0.061293253588257594
0.6624381737899149,-6.128717812611324,3.323661470012451e-06
0.2671359089341263,8.652818620402357,2.583671903911637e-17
3.6279718210528937,-5.215536933611373,0.006117204780433408
0.05713729312515514,5.57477807014244,1.8521094060889778e-12
3.852903742513881,-9.506181994927413,0.00013638396391431432
0.7347332270018753,-6.330397829920862,3.572762296925639e-06
0.39761041293377875,6.377321350261969,1.8138546669604147e-08
0.4480151711930269,0.728531122016955,0.09463530371673776
3.3602390367695723,2.9221506750041097,0.020820902422741438
1.2268360492642238,-1.4220321725438883,0.05168771232887347
2.102697333400492,-1.2873574061893898,0.04430129905419732
2.7868439566195846,-7.491919724030653,0.00042759408132843335
4.302755869143969,-6.580147080632559,0.002827629913138275
3.6352213135566416,8.37994153772382,0.0003845943571095835
1.3516395261935732,-0.8473579533171556,0.06170822638938845
0.657413996455638,-0.5508982195039387,0.09041347920349052
0.2768716021059897,3.326615457915077,0.0007025080279302653
1.5079931724047124,-9.717460899193398,9.551338321106132e-08
1.3105907461983912,0.653883067949053,0.0655678254616165
2.2807028340023985,7.706711037819211,0.00014164501441896055
3.416406677738402,-1.653909996979877,0.03079660520912117
3.478127228194286,-1.7479263088121417,0.029800535365665057
1.417594232910833,-0.9337949078703964,0.05896809715656739
1.8996347795006026,7.102041050088761,0.00015986313681383383
0.9057548086845152,2.2000217233765866,0.029822476265431323
3.9427275615325934,4.947018060268885,0.007652018606341292
0.2842403821662015,4.363003148530936,1.799468257908976e-05
3.4849862086249366,-8.982805017246578,0.00016476910782202878
3.893476979705517,9.533992519568589,0.00013816741046101313
3.8870378092437656,4.124163447917544,0.011925084275495669
1.2971128217267747,1.6025049235743172,0.04663230727604533
1.8690656896628073,-9.096468401007144,3.2820786270188625e-06
2.937998175981945,8.361623806772961,0.00017357661497454806
1.3641095121223352,-0.6088636728992647,0.06484174749059149
1.8542639960894436,8.223847628339715,1.854948328761908e-05
0.9852714009281982,-1.6318613285195553,0.04756290238786138
2.2992794187800367,1.546100002560875,0.0393665006890601
0.22306150627057042,7.874358590454673,8.352165958683096e-16
3.99897942285309,-0.7833813425195615,0.03136915132139838
0.38478223493316366,-6.40937193612916,1.1366192309765995e-08
2.59417574415763,-1.4987017317316802,0.037550457856666546
1.5340504977259806,-2.3674674166267557,0.029279976896396314
2.8877147441568773,4.617261293977089,0.007737157587451313
4.797166704167125,6.814672531425419,0.002761437337367066
3.2278512222800195,-9.773354753827865,4.047703710710111e-05
0.1768121787774546,-0.10369731817242389,0.14944016286009637
2.152012197540306,-4.6546592144138295,0.0054567127141283076
2.550084261591251,-6.711346206444282,0.0008301373510592066
2.68088747351726,3.3141133514274923,0.017506406461308972
3.4069625530191896,6.710912823438868,0.0017114635616512636
1.3879804886588305,0.8881150797865658,0.06029540039562102
0.6443028273316009,-6.1241168587780725,2.773140671448964e-06
1.9633783827354718,5.025706540046137,0.003185867350958405
4.782028613979744,0.42665337914737833,0.027385454040277805
0.9356544587542237,6.092762535908193,3.334612278023484e-05
4.519919774641185,9.29445652935263,0.00031484363797044896
2.719029750386632,-1.6129801653045295,0.03551940964972878
2.284557108228829,-3.619958091077069,0.01372421761506965
4.410207051149448,-4.358409819013048,0.010757253396524655
2.293019808842929,3.8197293330433446,0.011879818688936773
3.6208381830577165,9.437548163596606,0.00011235342301877383
1.99512660851551,-4.283620917973265,0.007085339990874254
4.520221964504788,-0.7544356867116271,0.028279073482187465
3.4501251009561367,1.5266185292392223,0.03145346447616149
3.4981102712525836,9.078471820928819,0.000149178201279695
1.6386020077855945,-5.057096680177297,0.002091859216736124
3.783893213684446,9.232659513502622,0.0001731759873095517
3.1803052772357066,0.48052189181846927,0.03862837022211688
1.2001013668985476,4.567739241800101,0.002018413313770562
0.8026941124262821,5.626817935175939,4.8809251234791014e-05
3.981957372586659,-6.7078154220652975,0.002287834396686532
4.795833015176113,9.494892100004265,0.0003165105234504746
2.290694136300214,9.522411556163327,6.654151141094342e-06
2.954920826618425,7.323401105144132,0.0006336565636835957
4.288613220967773,6.867096309452968,0.0022760760338463217
2.2861172667692853,-3.474711565396005,0.015196627345778785
4.759372384163681,7.041329214024291,0.0023377757400990374
2.878755810224362,7.766559142525182,0.0003420543274919441
4.103835603506575,-4.6694709754792,0.009090781393347576
4.544218592063692,-6.586875601459827,0.003017962605281205
4.077619093842844,5.139574982873917,0.006951320410785513
0.7970723172447797,1.5547058778648655,0.050670928472022383
3.144492195308502,-7.842736003296816,0.00042725301038449556
1.9921712930983855,-2.0098880188379127,0.03487650937586731
0.3135647601167285,-3.3600010966874683,0.0008627993303002001
2.1201612594492096,3.213816279939456,0.017676442690136015
1.2934203344470385,-1.5918969196376445,0.04691576016194422
4.245191542142554,2.9735259896878663,0.01886686442236741
0.16652313273348096,5.987761361564843,6.873823855030874e-11
4.794913609317367,4.141451045313618,0.011781641923395945
1.776844242359648,2.3507068581499837,0.029745151756943294
1.7835344520127143,8.129354596460047,1.7376350724161e-05
0.08164251341853945,-5.044364865576605,8.048134322886034e-10
0.9261616261809197,0.1511299770593144,0.08364411333617595
2.0062975040180437,5.122233060083367,0.0029759465147956806
4.6464570865135695,-5.519312060159858,0.005994960295798075
0.4980746511063566,-5.766127167737145,1.6437485454516793e-06
4.726507667395397,3.6854609030847225,0.014123190906087865
4.347442652733161,5.612783135046808,0.005444389827780839
2.270811984537759,7.727295766194025,0.00013452386426142415
1.6335044088413002,-1.0337262207914595,0.05370023446589894
1.1637206463952843,4.325921847498149,0.002735745188231771
3.0723235323843716,-6.581008915447937,0.001550558995912171
0.1653729573775281,-3.7048149519908,3.943427565982504e-05
0.07803032223414108,2.6424162855347877,0.0008464197064956018
2.143978612491189,-7.042328959870066,0.00029382148299802926
0.34037036987360103,9.113647773896396,6.676504038439277e-17
1.2597049412304644,-7.442850444229993,7.446010741654001e-06
1.1058045767304192,5.5352833651048865,0.00027055714895440165
1.2659559686142596,-3.627722894627496,0.008168147666764769
0.6552761560762888,4.658105621894437,0.0002459370569169463
0.06018111448827135,-1.904845842365873,0.009583095784106087
0.5774214856937404,4.952576904911892,6.273524057213998e-05
3.0924012975637396,8.006766854112588,0.0003320419804053995
4.871281064090251,1.92286673616848,0.02266556966438158
4.95172500780447,-6.721438663458272,0.0030471788611467266
2.045270476865308,9.021388500986049,7.602676151597706e-06
0.8147721302330269,0.6497116569211041,0.08089895675899311
3.1938087868326464,-5.21145211923346,0.005451559736359106
2.4515267327436856,-1.8314539887403942,0.03490772761258373
4.947048886422158,4.421851033635731,0.010442136191992168
0.326521035758901,8.70600816773123,6.78201709751822e-16
3.9161721915690655,8.1317263543685,0.0006263066475663371
1.4419924866574696,-7.194214041990106,3.176833320618068e-05
1.20709310038287,7.435791702289947,5.570416519223122e-06
3.31252285766338,1.803343606324276,0.030279501864412132
1.2303159249548223,-1.8064107008205674,0.04188491872712445
3.3292955877959383,-0.7126595133318521,0.03656837909301769
2.586542586011444,5.892234365299496,0.0021496356574212073
2.1204449421792466,6.895501588059716,0.0003488625028201317
2.773439043307095,3.1579378958585824,0.019106408769386213
1.4352575995981487,-8.830774139442138,6.313433116736022e-07
3.5328735313648947,6.169273465880806,0.0029193514925627277
2.0742843466678202,-9.485115725002611,3.343092078781688e-06
1.8027278024294613,-2.2446371595638688,0.03155369213414949
4.143284572778689,-1.1166512457576339,0.029366298402194322
4.624834559765961,0.12213388330712682,0.028499275392148814
0.23003655443648463,-4.880932144098713,5.768004006822956e-07
1.1631349641488276,-1.6186761723928598,0.0471070663382815
1.7425968474628162,5.745968531767964,0.0009453865411765629
4.074832396851237,-4.574671866316706,0.00954258296783852
4.927457138216488,6.26501523943406,0.004035022909146641
4.844858523351759,-9.74848298252762,0.0002575325367637576
4.5247417277496345,-7.144022661837788,0.0020113057991786826
1.4827813253201494,8.50601348349947,1.9175266320074652e-06
4.9600562170723705,-0.5920014155817395,0.026233899585860553
1.2471002052822562,-8.984047201930434,1.0108538904289252e-07
0.529530774411161,2.208865052554575,0.022465889082093085
4.75476305527697,-0.879859184048275,0.026731110502314772
1.1671012773404814,-8.228246623963962,4.856829064786374e-07
3.448841325388752,-3.040750137022739,0.019714214205105763
0.2917817949029433,2.288521687079978,0.01177197507301318
3.6535454956373807,2.554170891242366,0.02312839885426394
4.408601061669199,7.738060592115168,0.0011992198631085036
1.3621844773298126,-0.1498782123382032,0.06848901092974805
1.8952844803871427,-7.905244121178394,3.882924887122132e-05
1.8714809166045803,-7.728937858531539,4.9910993984724724e-05
3.7439412877006655,-1.663933865385527,0.028935871235567526
1.189036212695194,-6.293577225408367,7.600864990120514e-05
0.859265495238215,8.419076656270942,1.0056092038891143e-08
2.24645824343869,-5.758435146224343,0.0018265444908168468
1.5223420368865974,-2.472604868124659,0.02723216010253335
4.195945611293262,0.24763764805042676,0.031066528968383373
1.1887091300781938,-3.391955252350254,0.010025937892180509
2.5119472874463074,3.291925324355658,0.01755094575465149
4.712917998489652,2.1051111199042367,0.022413226273906166
3.1699884887233036,8.787353895761669,0.00013928587314748913
4.336447027312324,6.639181210942628,0.002738227186238152
4.701048446773837,2.0592337721748795,0.022672374199569557
3.7538243094317596,-1.0657657470552415,0.03198412010955055
3.4978753011237567,2.2954937450141877,0.025618195490873286
4.839827833021135,2.4613199916819433,0.020287529982798234
4.972003948238397,-4.608448001279822,0.00962904282243072
2.259108413348798,-6.439648290875757,0.0008085137818694438
0.3543488909210418,0.3801510755593469,0.11695109902043106
1.4639701572025943,-3.8547373898907207,0.007553646774598711
0.7617735284386523,-2.295391066156345,0.025059753339310646
2.087431873980059,-9.966727526459794,1.290734853847603e-06
0.6564466423662801,3.633559556956472,0.0025787063781023494
3.02058902010441,-8.839690856665197,0.00010410926956021977
1.9140402957892704,4.709429364038877,0.004330089480228214
4.47692942144105,-5.840802838546823,0.004838239050491656
4.83897335899251,-6.704701936899909,0.003002305019572704
2.734424508347111,2.0111245233247956,0.03138133843782591
1.374117849337983,9.66945876009682,3.842081313422045e-08
2.9611520938091838,-1.5586081966893595,0.03435038749820962
4.483805791122049,7.386382041285383,0.0016455820840103766
2.0336667291787416,-8.763182488073685,1.205961409512636e-05
2.7603913834598544,0.17336514869313646,0.04362367559808084
1.3582638380307293,3.6353172850327624,0.008823774119242291
2.277220747250135,-2.4922156201953527,0.027098115369232508
2.008567676897993,-7.410609550964143,0.00012470445040425014
1.242067325414855,-9.691871083461884,1.0567313211714499e-08
2.529331919126542,-2.26515327824806,0.029359235900018595
1.5519041298990572,4.854769342883472,0.0024243768781054007
1.8651743194037373,9.81103467658409,6.537383262681043e-07
2.624852211271321,-0.7385475261777792,0.04326098738977309
3.7529751146449373,-4.101656450565992,0.012009057097326
1.6675373289563766,-3.066663179107758,0.01793562010052891
4.620793833103818,-8.161378416036237,0.0009349266050310157
4.311592734179512,-0.9977353547249415,0.02880697424831192
0.2434514798776427,2.5425724609791622,0.0052527785734910225
1.2682126212841138,2.471548244741612,0.026146187672981023
2.23067756329601,-9.744619449741833,3.546165424452319e-06
0.5231394437123704,2.674639290820341,0.01067929882788838
1.7423799451674853,3.313728573167685,0.01500551766244443
3.7004876280884123,0.04049056800201889,0.03474717105901477
3.402572405714129,8.897585988406217,0.00016507030460522387
3.111922142830024,-4.839105116747644,0.007003331551164833
3.5526420136117283,7.038318173042693,0.001384374520443761
1.0246184347985088,-6.515568723758875,1.934825234394506e-05
1.7084905743236605,-4.7608965107751615,0.0033364827656381007
3.381212411387314,-5.902024498563443,0.0034008935163503343
4.396173815156636,7.7063899272178915,0.0012238164035866146
2.718390269140476,5.870513589496504,0.0024274178883874004
1.413498254727683,-0.9903244978510237,0.05808848124696687
0.15117629002991295,-2.439538561955315,0.0038115777023215646
3.551684144871067,-9.7419742049419,7.003402173862137e-05
0.03942051754220188,4.038791770742078,1.4069449088909762e-07
1.8633953491049775,9.298762505291343,2.062655008838574e-06
2.652686072813909,5.570386472289464,0.003110013660542765
4.610557308835965,-5.338467475625461,0.00660413497869261
0.44747272516450054,-4.709959371796617,4.032050091748293e-05
2.0297116098414185,-1.5439426904246911,0.041627641229429475
0.12156599855078887,-1.8453663371345712,0.016392027744474177
1.7130549217079516,-5.3532463706384465,0.0015636784623251133
3.1111552941989746,5.832355755891086,0.0031829296427879363
1.3953397411429918,5.721713997683246,0.0004687472797642185
1.0487497482781754,4.129416695536317,0.0029659304609160417
0.5785161666354682,-9.900787968618392,1.4786816528814844e-14
2.885701220101709,8.347565968002733,0.00016359675814177374
3.47635002952343,-3.2488378978761094,0.018023770502354517
3.359785702979112,-9.423624893086497,8.022596382150336e-05
4.744305103602537,2.748380684333622,0.019076935774714605
0.013516069467513492,4.751985903357534,9.661766811121855e-11
3.23598326947018,3.41922029249025,0.016756107152068878
3.001961185488198,-2.18167503739378,0.028486620379015233
2.9436980498514407,7.223320010337808,0.0007017975076956535
4.813851599201212,-2.869829792228062,0.018285669100122318
0.08435836685019849,0.7651649997393761,0.11069109091844094
3.4824121535072505,8.435130787908044,0.0003111814491497861
4.0683932485093175,4.557906434486473,0.009623549778370743
2.549035983107921,-8.106633541818653,0.0001308077740682824
1.6698243479840458,5.542772816209457,0.0011178435756921668
3.954200816137025,8.03381967085149,0.000707332519718551
0.48621462816212324,6.507765664323038,6.304414868600763e-08
2.2101781886496266,-0.4646942898563804,0.050003443057286934
2.599761872854191,6.502955825705158,0.0011182383174760911
3.469782054672738,-8.48741818066366,0.0002893636124806602
0.4544286601620473,-4.915467763484623,2.1492305678349166e-05
1.1387975076893047,7.337337921097209,4.681478377083584e-06
2.051507813450628,-9.172243775852385,5.768500344724583e-06
3.1164733651006533,-2.03891961659566,0.029308272080040422
4.434803906087088,7.209397715128667,0.0018513411417948363
3.0941308412068826,-1.0829046233506627,0.03676280077870712
0.6673073546746722,-8.307584624919953,6.621373089198866e-10
4.902900663936412,-0.8177495354656905,0.02611883333181796
4.358928673777465,4.644318653746215,0.009349141351101374
2.5136038057266203,-3.67216051631946,0.013814087597214792
4.611739908983165,8.130618371428092,0.0009549956031716427
2.706903968785679,8.815928021100124,6.211899579507021e-05
4.6165303394458155,-6.644688383712181,0.002957034133180008
4.1494868430167156,-8.132271236742524,0.0007345001877788231
4.841432051471487,-4.012863933065525,0.012385823295870117
4.598914053890792,-0.619147053415535,0.028110326958367432
0.1801690871428474,-6.859718564091568,1.988854106867114e-13
0.8738600208046998,-5.168633738096884,0.0002269016109482784
1.9456733855059287,8.665975065642048,1.0743554623820036e-05
4.760713486477104,4.29760042989918,0.011043209217010283
1.500144597379648,1.958919892726641,0.037605732763766046
0.8023382194380052,4.1591143444170235,0.0014769123745891337
4.4315233304328,-9.945482619810036,0.0001507897696877302
2.2319720774160148,-7.089572660862411,0.0003213366780073183
4.53937797177163,3.8350044866641824,0.013468183927073874
0.8011523316007163,4.29936995834214,0.0011094287033789991
3.3055875575404974,7.059458433964519,0.0011460168639092641
2.201318764147459,1.7110045695242206,0.03802172535270035
0.382433845151427,1.145000879319877,0.07207951822727628
3.482315723262503,-2.047245218435001,0.02759642040290573
1.2369937776957685,6.331121608610417,8.578969229190894e-05
0.19807761289758863,7.040461042997652,1.428512243388909e-13
0.2997214912478663,-0.968140738533565,0.08546526901198016
0.3053926853339367,-2.488142767868795,0.008020248387265099
4.538664787425198,-8.991898153733324,0.0004261566649019391
3.699419589145505,5.841531520771998,0.0040084792488176745
4.490311786068675,3.4611410006620495,0.015584847021208574
3.3629115564826066,-1.2159605855644706,0.033930394256566784
2.644699645154416,0.09370746828083654,0.045082816580992814
1.5222318217368913,7.921045029937023,9.241862280844136e-06
4.989811256643367,7.553481536816868,0.001743430281324697
1.8109452946969467,-6.418329631868662,0.00039274237124872064
2.3532447460695476,6.980189853855549,0.00045493400150554725
1.8912258746173087,0.1947788673448798,0.05631318955801377
4.897634646677293,-7.877641019406405,0.0013261327747069718
0.8732919269750289,-3.7703256237647187,0.00365442161595503
1.6399400045403985,3.738914799610356,0.009715347616876462
3.401743330075008,7.8686782080483475,0.000537186216495205
0.3160380916931532,-7.8330053107428155,2.192612101426269e-13
3.036246870057705,2.1930639721515366,0.028241407852032354
2.3882325143820804,3.562578517156867,0.014564636620044672
1.4199998838105055,-4.476459874446787,0.003343285038293588
1.19206640462029,5.132811920382975,0.0007676378741369253
2.5725637164937836,-7.93343372382296,0.00017454505292708737
1.8396379026852068,-5.2064622391852255,0.0022471330960675702
2.2825994563132768,-9.990180723999131,2.633037193104033e-06
1.6873869088211997,0.05475833602277369,0.06066546054131342
4.852468467979888,-4.731280896065828,0.009100115680145222
0.6671971587280201,-8.438650550002532,3.632284650683441e-10
0.484019765891871,7.617629071577252,2.9026023405749433e-10
1.7169586439545803,-6.02670030328855,0.0005938220068598684
2.9551345043524564,1.3463957715223511,0.03608520770299443
3.2958823592501414,-4.570691394600114,0.008756246498252572
1.9862837358402103,1.9499915132230008,0.03583934759289826
4.996389969610855,3.0859326739577764,0.016826815684862755
1.759464980965213,4.5118258362195345,0.004700661890123146
3.607033339799762,-4.085478426232994,0.012033016121965478
3.1879134726539644,-9.054897632050878,0.00010092974137965138
4.065269316237304,7.145432958934293,0.0016646659460342976
4.8811283172691,9.385875737380179,0.000370547497299375
4.4489682822277015,7.724494375629746,0.0012362531610812777
3.822809871788543,-8.347799026728122,0.00046917678708486345
3.491242389091453,5.702723896450809,0.00415034446432025
1.6774908483794981,-0.2799307078860096,0.06028889557011214
0.7384278910335368,2.6424267379815625,0.01597628760377525
0.3131800152990488,2.234305012896689,0.014081891257767138
1.2095085210074241,0.7006258017236071,0.06742979326563191
2.161407405906493,3.5015587903779846,0.014552858692865973
2.609981368149912,2.326428570492439,0.028379325275819357
3.865417770274358,1.5368156728096807,0.029014201300675578
4.793704615282965,-7.1435093373575835,0.0021975697832770404
0.5866024019240551,7.298748973854359,1.2580542199064348e-08
0.5350207009689578,5.069908451128294,2.980522175908154e-05
2.948473615067754,9.287383998638227,4.9146927309109125e-05
3.726990369736465,5.834860068462751,0.004063513118552489
4.2407519017349244,1.6504254196176689,0.0265344868627478
4.6791604010839425,8.343351021788298,0.0008261931369460482
4.91713121130321,3.085254172619967,0.016975190211322145
1.9990084611226293,-3.797406205678522,0.010990852613319802
1.9016759176378657,-6.489931718489852,0.0004223633834410421
0.7390433834863619,2.0861555844730013,0.0310845255889025
3.424672193417797,4.723482698766091,0.00811781360126607
3.2838097922041856,6.483242698283625,0.0019581669501656696
4.310312979256036,-4.294241210993999,0.011073112860602434
0.48628997393820317,8.040002832524515,3.260414232375255e-11
2.488884539126709,1.559425524666601,0.03773302519305727
2.9054096483603153,4.461861093288377,0.00869512583877522
1.207785200199592,6.162656662261629,0.0001089258868713401
0.8451270306458064,8.625639682415066,3.6914631598022852e-09
4.297904182098107,-4.200193057984281,0.011568431267923618
0.2926746111777939,-2.15066762747915,0.015653644488482922
2.3531045195903646,7.999346109976713,0.00010497901002387336
0.5791700065044264,6.689522769073363,1.431806013421947e-07
2.2852938066568367,-2.0172751198572296,0.033455331347908415
4.899811631711547,-0.653234683076203,0.026443062833259968
2.1185317672773643,4.342952521470467,0.007180482894176078
4.285624587522837,-8.77500707796628,0.00043885185187873615
0.5865778209159694,-2.653627688498865,0.012571109193117613
1.3562603838093206,-5.875395996020691,0.0003197610061247261
2.0189637033366727,0.3759036738840962,0.05341240573841328
1.9990607000466536,5.442048523116336,0.0020298842903351245
3.3569173933507654,-7.401502667692492,0.0008445302974346045
1.7235906368775384,9.734689143214514,3.6663375724186435e-07
3.568834342050082,-0.657765792420328,0.03481298054030796
3.1959344961269625,5.460333740217887,0.004499225283423866
1.9958057262738653,-2.9516730605856223,0.02072224951661401
2.1588006382715963,-0.23726443682648224,0.051618651149556403
3.0726384990516036,9.297284833078276,6.042795968222465e-05
0.35021095072322317,3.8052431411122924,0.0002994598890175836
4.112033691778452,-9.486935597133133,0.00018254502094921347
3.2671058055681845,-5.360357332550276,0.004988994951526537
3.631712322089176,-4.8147848601983645,0.007931357697591838
2.684615005411952,9.178138492075252,3.4121138897296165e-05
0.5523855549587237,5.391373399484458,1.2321764079892743e-05
2.0251780664847496,3.572612342658859,0.013318367491352031
2.0268679142427803,-8.606985226732375,1.587643704720353e-05
1.6052149502160846,6.076290507745391,0.00043184335342583727
0.1497516245237468,-6.366534769919823,1.52683762096872e-12
3.6862712129823865,-7.024390508967302,0.0015183417909206804
0.5489222903125035,7.3769980735985605,4.2580537324910115e-09
3.0315406652254255,-9.899257121051303,2.33353246498058e-05
3.516087482336079,-8.734402317935558,0.00022907247728574625
3.173931614668474,8.38811977821194,0.00023107173244912138
4.795711259889875,-4.968891393506825,0.008109364242400989
0.5164907754256931,5.486765487279325,5.901898426886732e-06
4.335835795525996,3.1434637484137156,0.01766192209186352
0.14595117424456627,-7.755352754195117,5.0392626032708084e-18
2.6745842746354196,5.8985780669118615,0.002286296152037956
2.021218089696294,-5.852180288361799,0.0012499522962340767
2.620919301968791,3.908531620761046,0.012006789026050886
1.825499385300049,-2.382933148424411,0.029181733586703763
0.9528345747003403,0.8951971661349631,0.07017456804166122
0.0956144872434489,8.924129193222697,1.6139482069916542e-26
2.5907490689558714,-4.8164021923973515,0.005944973967226924
4.213884313424211,-3.9780108534197334,0.012800912709320742
1.8660797787239707,-4.149491665993022,0.007460036642073475
1.1143190900749012,-2.5995454580234245,0.02220084754947607
0.4026600173592204,1.5324687459999495,0.048360384697776794
0.4265546155935168,6.005023853948167,1.90264390481189e-07
1.106982231463861,7.862270363032092,8.704191898430394e-07
0.5000703046077759,-8.776222315719908,7.792709782443918e-13
1.3251984918224102,3.001930700941532,0.016697001548863395
0.3307473105847736,1.8480919281499162,0.029181518746583042
0.3280243360496282,2.018781180254299,0.0218404085631129
4.28138089811391,5.866666236797153,0.004584412615350389
0.8106013035441662,8.757125303336007,1.2634457190193776e-09
2.79841202911724,4.965123244419285,0.005733197697802182
3.8672777222451526,-6.567505991063056,0.0024396989219897147
2.282047826695333,9.093023255556268,1.4247055717404055e-05
0.7668443892967286,7.304120527384576,1.847569642582029e-07
0.9979807106005717,-4.006891475025787,0.0032490974430328797
2.1649210314059038,-7.554953317362574,0.0001407213415999495
2.641170445892679,6.119812040585128,0.0017713341654588524
1.7472014602426744,9.527036497749602,6.913431799693322e-07
3.9073980011733065,-7.450257839756316,0.0011784267588532892
3.7551082442819923,3.0271869662176183,0.0193726686945257
4.636059036865589,-9.803262239073842,0.00020827799511958814
0.1447627451348027,-9.290141848280168,2.871846708530861e-25
4.478456456051017,5.703644205607379,0.005262135493035141
1.962843942310755,6.311671669975286,0.0006132808584626892
4.39186247689997,-3.013076736294897,0.018347108037854734
3.453923880782648,-1.0407925888990022,0.0341911363537948
4.936743785369841,5.589544008408588,0.005944915869627231
3.7964122585833406,7.154093104706011,0.0014397773451594814
1.822723129983933,-4.477985354610803,0.005154479890268695
2.5053158641737605,5.6857574372583315,0.002495897215005206
1.8819457759717562,-5.982438961080727,0.0008535402816632518
1.8245591801061907,-1.053155055477319,0.05061159688113851
1.3045224969052986,4.3779450361636165,0.003227706988434607
2.479851476867348,3.7159685068976156,0.013336239901768934
3.408699725346806,0.04578113071970691,0.037173758295756386
1.3867013565262176,3.3974681038165766,0.01167022556527078
2.6218990553861,-8.98934218620289,3.999903156129304e-05
0.5869014708527859,-4.234654868766463,0.00048614434675474833
0.7992264342709565,-5.674540646639232,4.195338373270698e-05
0.23403177356094373,-8.364138485692859,2.850180821962306e-17
4.853657213853165,-5.846217293624694,0.005107048316523777
0.019301757551305476,7.200602755904878,2.400810513792685e-22
0.8928998402882815,7.925588144542253,9.22359503373588e-08
3.0643337655849616,0.6621248990942306,0.03911630163789836
0.4068479942665265,-0.31209722953056307,0.11415577335898772
4.409482515484162,-0.7366460018855747,0.02895244113789763
3.5981007892114407,9.180899753990154,0.00014890636537260278
4.831949857189467,8.816373517292202,0.0005977257513228376
2.5381777362038243,-5.670241566383223,0.0026007610318045495
1.5020184157924361,-8.100165014140961,5.5839632875160994e-06
2.747502863976357,-8.912336584060496,5.8243115072899876e-05
4.654093586489866,-2.8467329560232795,0.01875775216987934
2.603807186209303,-1.6491429796230133,0.03595301640604151
1.3360351593115931,-5.046485118320801,0.0012544420008848193
4.386993945870598,8.404501451197596,0.0006644275818666552
1.8595937425623066,6.743080085762397,0.0002612148787195385
0.006916749994995697,4.889261480954728,1.5579231202362856e-11
1.2384251124615797,-0.32207206340721584,0.07116816037609965
1.591167545885312,7.729915367782439,1.882779338640321e-05
4.293887341159511,8.903747101704525,0.0003895227397428715
2.292515835332225,7.75344000233423,0.00013510322005371497
2.222936439056504,-4.772775448034061,0.005090139959087059
1.680511331999437,7.28454747739276,6.306371134224206e-05
4.403390615235398,-2.9926577621490402,0.018446571079620014
4.725133884701957,-7.53463553440983,0.0016123726546720665
4.959451645773147,4.8724479838783346,0.008539277315614184
1.8837063348049337,6.177691211524568,0.0006481214017934441
4.830737228135857,9.735615250131662,0.00025809347479821256
3.9593978481545067,-0.38085031822701687,0.03252327947945614
3.378445738221334,-4.979549239097372,0.006783441518473726
1.224447397100497,-8.692169585761802,1.9905159996161165e-07
1.0822863047210491,-1.7363286124319224,0.044157691009866516
0.8302391226062283,1.548572501156137,0.050834109281560166
4.613783051126827,-0.0700383566535745,0.02857783658652829
1.4703833119158305,-6.744247011533249,8.866931996732735e-05
2.265471227244392,-2.569090591329715,0.026086808437564297
2.469789169936117,8.358128911618085,7.704350585630315e-05
3.8908579772512706,-0.8141227982780315,0.03199620393249329
4.221174807765121,0.24446891156505046,0.030903993712687847
0.695363505743064,-0.5617676245145997,0.08825861302410476
2.1345218010553686,-2.305694742788777,0.029959615404227716
4.214274439177286,-8.787458182095644,0.0004112273217313569
4.090166528779192,-5.416309841118632,0.005884822111387642
0.512068792262082,-4.327337250131791e-05,0.1088338634078959
0.7819167443398151,1.6886566142732278,0.04562375933075181
1.5209934579970392,-0.4372408098521259,0.06282247536216175
0.3767953454167017,-2.7221445135609397,0.006331390543829251
2.1233150142029644,6.069949427446424,0.0010828488699655325
0.5380885257479096,3.8953122542777905,0.0008668063405378574
2.841087968349225,8.908403017184646,6.983475397650454e-05
1.2327846990557805,-9.445288673811609,2.1304078317084585e-08
2.9821653267481136,4.881588992462158,0.006535133516143793
0.5876282145181883,-8.772482628588609,1.0910273904908752e-11
4.879419342092667,-4.180411247788765,0.011565037944682012
4.662806019286702,8.342039353336869,0.0008201492275195106
1.958984692823329,5.5071059285263075,0.0017871723973142538
1.2108929706304272,3.2403832499445713,0.012154463074085825
1.2519910642678638,-2.0060705679465896,0.03684590701438125
2.4169676760119603,-9.003449024142148,2.4095955931806862e-05
0.19996400950358484,-4.794943904877076,4.1401746739256935e-07
3.198525530375635,-0.3826236530149494,0.038695795876782436
2.041514541698724,-1.544432142113335,0.04152034836911656
1.8870328629444366,-0.8373497799399949,0.05218178065555374
4.046824857445992,-9.393781413438777,0.00018963462446244968
3.54517730091645,2.6614821045857013,0.022582512404969887
4.77166907696346,-0.9806883616637396,0.02639678219590618
1.7596812024784536,-9.664225649208674,5.323533821290768e-07
4.487713823247027,8.784266838397706,0.0005000040697947371
3.8498359312504444,-6.045991537946424,0.0036172737874738737
1.7871232579735652,-6.608208108180431,0.00027571431656075627
3.108327182266289,5.101880904115639,0.005760104941131359
1.4428497882584779,-3.026736908841232,0.01719746890152243
4.371999585374212,2.230967609355087,0.02295057840511298
0.5621365860615563,-9.880677183620579,9.311606554184408e-15
1.062171806470205,-1.3713221280701582,0.05486230384737655
0.9151664603996057,-9.503319767275043,3.2465578083367663e-10
2.0151300120214435,-5.80876296031253,0.001311016020687533
3.7261648001606456,-6.105651722975367,0.0033151124734006007
2.6345372452609017,9.418535184539628,2.072798663690954e-05
2.4383816176910376,-3.951738270301794,0.011186029796579646
0.0027298244849782716,6.785027718519636,3.319461330610438e-21
2.1270086267752735,-1.5848683700947692,0.04026048727710114
0.31776887418079214,7.242586607755147,1.1973146411626357e-11
1.041266260607419,3.255744588415059,0.010185930764777593
4.661969694802472,-9.858151509919889,0.00020127046437812046
1.076991021716191,-7.767995497222364,9.008785748709228e-07
4.2916881931713124,-9.373099862931475,0.00024251778997643687
4.014466857806671,-8.191098907992608,0.0006346015057847428
0.7957311847112142,-5.593718603117608,5.094042993520919e-05
3.0285597863513942,5.711653756283495,0.0033906157088391
0.5783093595250666,4.673612617001925,0.00014212933323761394
3.6394407918475573,-5.105728876537661,0.00659624905669669
3.187311386861033,-2.1915411689325737,0.027654174873439418
4.059692808455097,7.189758703164987,0.0016002205152256812
2.39692274694594,-8.55357681478428,4.8244234269926985e-05
4.574315439166915,1.29631517390475,0.02641211469375275
0.24674473394219854,-7.699438735483186,1.5278348642063196e-14
1.4644428251350732,9.881094529294863,4.326783987436258e-08
3.5752629873258353,-1.1670769524699036,0.03271430046636097
2.090546058740004,8.305425699085774,3.347268460155174e-05
0.8647567713557819,-6.94034575349651,1.7677113660533834e-06
0.5360537271427301,9.806123466953782,5.583308434519911e-15
4.086695557308107,-8.813921326044461,0.00036225027507202657
2.365714892328221,-8.821553553005671,2.8727833958548548e-05
4.411418359595537,6.464742719159759,0.003167499263344886
3.66644567158363,5.531844830508543,0.004965669875632586
2.048631028153718,-5.041264219211712,0.0033874459328549983
1.8675550707784183,-5.063081589856251,0.002764395951023726
2.5781917332562587,-0.5468983994770049,0.04475008189560088
4.4452997659486435,8.872050783604003,0.00044766552825883146
3.6863928985708396,2.517730505949764,0.023308339483825116
0.02576482134511615,6.650593148449001,7.316506544891786e-19
3.470789256845628,7.342068432875362,0.000979394109066612
4.597537034529103,-7.311012147333303,0.0018213541627714169
3.552278797522458,1.576170623443618,0.030532701082697046
0.8850289078374796,9.738815542620753,7.269487604487715e-11
2.4175906371372937,-8.087094671003886,0.0001047261790186366
0.7015800896170971,-1.129071168833665,0.06836840534916594
1.7949763916981603,5.297066355237307,0.0018922280303136896
4.685585209702588,9.791541230565596,0.00021917141057011967
4.616526537793542,-7.605677906375594,0.0014632842084874725
1.4141842608804145,-1.91121397761429,0.03887518367121971
1.6981552208309958,5.059211236155015,0.0022644147341931474
3.0010643406564697,1.8815987889123207,0.0312907384099813
4.8159864763019,7.573061333233181,0.001619447982594298
0.7390066703269521,-7.957066184971078,1.0460821519613626e-08
1.2845832184333457,0.8502512266005233,0.06310562413884596
4.367784136453857,2.183878252065057,0.023225019713909938
2.4594611585417225,6.285290791928247,0.001240807969871069
4.494805461135158,6.912451178693569,0.002362144974910759
0.9275894876158813,-0.5166987964938876,0.07936025067078124
2.6633429373568034,2.0864981164913043,0.030895317232286005
1.6313481632468618,-9.842945413042742,1.587498637389935e-07
1.5827127994623802,3.780580481627844,0.008973929979654944
2.2343848197309955,-9.691078506426148,3.9898125233824795e-06
2.1653872455063423,2.94176732927394,0.0211573334281742
1.786734398389772,0.11792093022831729,0.05850522446486733
4.5748538515780925,9.08119437673436,0.00040160231291476363
3.658720927164464,-6.738519726338126,0.0019221428376565805
3.6377349566576482,-2.324465441326094,0.024904177203781564
1.4495672479597772,7.145950937532209,3.628366457771616e-05
2.888547121584202,0.28190746250193044,0.04201829734326658
3.89589716650917,6.292486714241189,0.0030553555687232764
3.9779518427160654,0.1485090186104454,0.03262934538203889
1.7226523037715613,3.648039927068252,0.01109649088172929
3.8543637828432393,7.630851921097676,0.0009674222057185575
3.679469484038665,-8.903683463797202,0.00022521819240186702
0.7075324281095013,7.617160292632313,2.5103770303831595e-08
4.329727342832387,-6.4207869735856615,0.003192769260983142
2.206607350902054,5.1059415659854235,0.003603856874342448
2.4320522444433275,1.316622315389818,0.040735135644197625
2.2418458944899866,-3.3415519240403064,0.016514238261478794
2.8392300073875374,9.17019439029464,4.7453402185010374e-05
3.1058462368352737,6.828666037606833,0.0012403510566525837
2.490897828814717,-4.288855678423998,0.008794942995731296
4.3339427162954784,-5.946336916853372,0.004402110367622912
3.138673780976422,-2.8201894260382687,0.02207211336080215
2.0071397465275997,-3.357683704110972,0.01562228370868223
2.083458784543555,-6.804856257270798,0.0003723394750361909
4.054193075644757,8.748151458574903,0.00037714069821857317
1.7409597137326005,7.752499445854433,3.14296799402608e-05
1.0572739789120678,7.49689989434836,1.690457847950171e-06
0.29691594002894617,-0.8857736096206086,0.09170377760517667
4.380134239602871,5.792002796500883,0.004901333232316656
4.592732255951749,-2.792846715041504,0.0191919811573403
0.6006009108173799,7.211975872661846,2.3441586156147883e-08
1.6723687074805742,8.128899284467423,1.1307591824023037e-05
0.8768603475762193,0.7659984993577993,0.07576163619859032
0.5794923441293987,-0.4761554788995692,0.09677217293294739
4.499333715000152,0.6539814919602733,0.02860900113742236
0.2843862957267773,-5.23755563912302,3.550123017768922e-07
4.902428317345034,-8.162826386834643,0.0010641405720691669
0.4822543034869209,-2.2616001684565257,0.019423722815511378
4.3173532459679285,5.681492518289428,0.005191981748682368
2.8325305349458136,3.6350353700345845,0.014693412502947445
1.839587439089367,6.817454469266615,0.00022137409115395668
1.7117118831257894,-0.9706347042668533,0.05335807094810948
3.7868207161885437,-7.51456039307943,0.0010321687655183314
1.572866475021436,0.452504662848769,0.06153438998167332
3.286594583085709,-9.210199804304738,9.522599353684601e-05
2.5866304175804005,-1.3826316385780135,0.03873400813082571
2.4248282257903524,-5.971662780994218,0.001712149819551827
4.505810853245808,6.884958337322647,0.0024183305794031164
2.773225293101298,-7.421481882642991,0.0004584427346822786
4.134308015243475,-0.5072515457669713,0.03112625276079799
3.627867670507447,-2.2972462481156652,0.02514147598744042
0.19278623029499176,6.907701893987678,2.939137077084252e-13
3.865550262527096,1.232494061362825,0.030537467488987512
1.0843512504552033,-0.5009071100881197,0.07410648925219213
4.515748234257858,1.9238808586650578,0.024015648266492783
0.21462095304416007,-5.357177765478138,2.8223004841330647e-08
1.6653601723715938,0.4276708182210811,0.05972843635957491
0.49866473617377005,-2.9992492349705753,0.005453126732086077
2.377945585424219,-7.821641300119337,0.0001443263899960758
4.100112179348759,5.829971946270867,0.004512007904162354
1.4909367983153206,-2.7840915427787465,0.02145142033679406
0.754674486555208,-4.421775789382954,0.0007132583050047115
1.651335178484496,-9.988607651664587,1.234154058212974e-07
4.06940070960318,-9.239910240370754,0.00022883568702347054
0.7019197889967344,-4.963110574429416,0.00014814859015156959
1.136812245387509,-3.4093942148216634,0.00932349535779861
0.3442598224668697,3.9825523605619644,0.00015857835490174657
3.5285502199480385,-2.630878753340027,0.022867041505218642
1.976166217681684,5.930497758281561,0.0010594052026315205
1.5541998857165802,1.7433242908068856,0.0418279975599604
3.5931319517057596,-2.9886589383220707,0.019918945241431212
1.679887711701276,-6.852051024860517,0.0001389574219289074
3.63885636607209,-9.972611813188276,5.894015058411329e-05
4.075996976571568,-2.337714496686738,0.023322796600919387
1.0883142172886924,-1.8655938614508738,0.040466705386391306
4.869093484229917,-2.72217512831846,0.018913578040009933
0.8117897395633339,6.048080894275024,1.6266717434237384e-05
1.4542045332837128,-8.088894387327802,4.493378610660982e-06
0.8989764541677081,-7.701955516411239,2.114907914806762e-07
1.7275282817816722,-5.33073382862713,0.0016471372609653538
2.400304439103778,0.27465406845375284,0.0479753244866597
2.6108793450105954,4.51802801183301,0.007650339245787
4.26803021148136,8.073274812037795,0.0008334283539543032
4.447239544079332,-4.658103294995401,0.009319746689884343
1.100519303904532,-7.4440129663426475,2.7043110811495292e-06
3.114470160928762,0.1842899911313527,0.03982776514749951
0.557480286493578,-4.008151792214143,0.0007279287590683002
2.2948493009103417,9.689840777089092,4.916398712716498e-06
1.6116676902330906,-9.203149752634395,7.168312497503622e-07
1.582503727268032,-6.182099377721853,0.00034305149508114316
2.412921208560505,5.071175055273322,0.004305200054900227
3.649138177646338,-2.272448514403134,0.025248793186980596
0.3459132939619475,1.2447631898489888,0.0653255601550763
4.395866688437023,6.309036208695726,0.0035102736070100706
3.6740688731528053,3.3372640819756345,0.0171954746884681
0.8824969444453007,2.0710204048207874,0.03337738823620022
4.695804545436852,3.636472771497779,0.014409358502215313
2.531561120116943,-8.715106861201761,5.049038867388949e-05
4.9990428905848265,-8.044014665642516,0.0012146244124957345
0.9862973715036882,2.150978905946822,0.03197268081844449
2.6745409919160066,-2.6431132269786257,0.024629761312668877
1.4512402127996422,9.91428382006817,3.535922091142912e-08
1.5208677869462328,6.41318040076796,0.0001941801397697559
2.955326904169951,8.529568898633567,0.0001426738073543142
4.608595334354167,-6.390734163201428,0.003498832141359183
4.026319277895875,2.494605832732029,0.022470035503194943
3.6197069925066296,-9.442451691889673,0.00011152471045251836
2.795868910508511,4.702846404800631,0.007052498129500892
4.611492518337238,-9.155566955521575,0.0003839345966588032
2.461807033454421,3.4815908345390127,0.015529008346736534
4.369160891673591,-5.752623092974208,0.005013294259690146
4.169908219383159,1.823819768166679,0.02597087719783321
1.0691767340079328,-4.480506252281242,0.0017424715569163468
3.856127314829551,-9.551943724028064,0.0001297983981672276
0.060855784716293826,3.71074098202887,2.7651880323959794e-06
1.6141476877404375,-1.026817116561416,0.05410651427355578
1.147837223459749,4.484613250131753,0.002066758961931625
2.534314792436567,-8.874310032160702,3.950114899050074e-05
3.6842658084039277,0.6040684310080628,0.03407943924628545
0.4883818372386206,-8.914672107025314,2.285427136326366e-13
2.574611009683842,-7.123059086797143,0.0005157255665578182
4.692060108471928,5.688265148718905,0.0054755240622233374
1.1432327549147274,-5.4265539050829865,0.00038328058235048
3.3857057205571204,-8.133529653686537,0.0003954489915797037
2.964401353905788,-7.1638256454473765,0.0007660304025878331
0.05031847828046665,-7.171355809711313,4.636852502420876e-20
2.3791309792861135,6.876477818430743,0.000542039064543064
3.5438519547052434,1.7988507340527171,0.029103641128373943
0.219877160120453,5.846980429733826,1.7984239776323465e-09
4.39760741511865,-4.855618072384315,0.008406443778386195
2.600407083178365,2.5268166491919697,0.026086245167600896
0.1533052416285896,7.9781518197547605,1.1352553490227415e-18
1.122068059604201,0.679109815016341,0.07015954599474113
4.768378482136565,7.414681123201888,0.0017913528577036745
2.9115986652602768,-5.639085707434388,0.003400685709523975
0.5373628388440227,9.338534000260154,1.006870188989392e-13
1.4377225114028076,-8.40615022871324,1.8968549840223341e-06
2.283518129302421,5.222167194657189,0.00339054316628146
0.10475034633865232,-5.965623514282818,2.1298563744551395e-12
2.058077568068794,-7.662245961132141,9.273263364749682e-05
2.4472931771734907,1.1805186301998578,0.041894213734730144
1.218389376406161,-3.659554348015332,0.007471841174410517
2.943195001459933,-5.549600974103262,0.0037401015962128556
3.7662005979608844,-1.217534205389498,0.031221480780903966
1.1791711205281774,9.768428659952136,4.188482792648532e-09
3.1024995013999384,2.653551169128603,0.02368841815404365
3.198111214818708,-4.427940688509122,0.009439425558297332
4.742701505644205,9.718044063529192,0.0002461017129960998
3.891380836482219,-4.4166663820647685,0.010256942534729136
4.24172634895003,4.3930322379639914,0.010546059936953114
2.452099542181376,-4.733343709380851,0.005989829161908857
0.9267429348969142,5.4861289585304185,0.00014041662321408172
4.979076464798175,2.8796824877151117,0.017879964293698838
0.6467788051934981,1.4541372515551103,0.05489872993933945
2.357286596771327,-0.822102514725696,0.045854910383798374
0.340465496210533,-5.143134803080591,1.7207018074594971e-06
4.719254286754097,2.1885447694244835,0.021991185332699646
4.824624704242198,7.486950982345693,0.001731650498275515
3.596945310019868,-9.37389171898252,0.00011782804610486129
1.7499642181508446,4.653394776572206,0.0039622035550322945
1.2719120055881217,7.598450703205398,5.427906664162488e-06
1.326516622685237,2.337755605062984,0.029319938505011873
0.6364701271003737,-4.831387351832426,0.00013790934892394879
2.6290447653836146,-2.9704988111603603,0.021058872044094467
0.7090863785073875,4.976096418105838,0.00014967177121911216
1.5836533327672813,-2.6635527120460285,0.023959979547389106
3.1335323797955246,-9.838536878121669,3.1126494794467944e-05
3.637718047953749,-7.889634107155256,0.0006438641803777252
0.12136352311030607,-4.29319259764412,6.623798558585962e-07
2.1505799218836996,-2.1366039362122997,0.032357411856259725
3.260622974210695,-2.7135055385643874,0.022802404708023197
4.266229880792564,6.128554422844701,0.003840436365856773
2.376623911060412,-5.568345276550106,0.0025433618236531765
4.846029358588426,-1.7937336873342407,0.023300944276992343
1.3281627377072365,6.284537882374593,0.0001336772755998331
0.0675435331335944,5.86874561068724,2.949784222358926e-13
2.4187643235086806,-5.895493875327135,0.0018526047522362643
1.2805689751000897,-2.7185397547021566,0.0212668853669815
4.118588360115847,-6.873737009142329,0.002121722436294191
1.1638633609055604,-8.19800023595259,5.167300542004306e-07
1.5531460914565316,1.0838637248941154,0.054174622666013146
3.9561371550955613,-3.6101551529017017,0.015129237896076142
3.5757162601268,0.2737843305229788,0.03558155611886008
2.7902561832863126,1.7581979715614011,0.033648875167409345
3.5247403096137973,2.1238453521852065,0.02683713846455681
2.0931843178501324,8.81530413387678,1.3287555337102667e-05
0.026550238073339005,-5.30701560599379,1.6619235256812199e-12
0.05677564256096279,7.961705864599228,6.601756932458473e-24
2.556108937868433,-8.973826763337724,3.5407664638972095e-05
0.4164548985949962,-9.39234321775232,4.995157977517146e-16
0.2553774008462839,-7.824638605073357,9.632298447264552e-15
4.8275831956873665,2.873782941690571,0.01823553483393266
4.295013198290293,0.605870349168109,0.029918058206573932
0.7601361360478476,-6.757536337858225,1.1392255703055223e-06
0.003321092951022453,-7.041901051574692,1.1076571883329497e-22
4.708338976948782,0.5885861684661684,0.027559124082412043
1.3916264916005716,9.180117975285285,1.8121243240999645e-07
0.9294880142774875,-6.345399881251284,1.649741927739445e-05
3.4575405391576766,-4.817409795498047,0.007685618782914935
0.544518694206631,-7.588334152973777,1.4368674072235994e-09
1.3232479900140015,1.8920368734304844,0.03954418616395401
4.8754734010602325,8.535385797185342,0.0007765020416639966
3.197313872370051,-5.239697172056969,0.005342211827533792
2.6033889574127675,-0.5515747363733166,0.04443031626639493
1.9895930741746888,8.15229117122719,3.2854122393034985e-05
3.87250477442101,4.165662811494201,0.011674080885620174
0.7047873826184686,0.565733269290142,0.08770880432607406
4.8366890101849105,2.7861353608998165,0.018665460857569524
4.3056150403289335,4.616791404686415,0.009456771873217154
3.088284912846216,4.569569041687329,0.008413721821584293
0.21453095201279082,-0.30045783305066287,0.13679681603340857
3.5042782472386884,-4.370480123939191,0.010189308962505222
4.5664217044274045,-5.876508142053687,0.004806806430143673
2.62288533739313,8.372277553392799,0.00010182664674912632
1.771124109136314,-8.835066073449545,3.7760068878610497e-06
0.6013867248973481,-3.258537191599455,0.00451589034394325
3.7745055206878413,3.8010027552461434,0.013929940669367164
4.425109256059031,2.0013805460744916,0.023982846618380342
0.5012587203792429,-1.3356279971301603,0.06060692474765315
3.7949227737617095,-7.915342682699242,0.0007079687704415739
0.08530243129548754,-7.209438974818497,2.5312053699164524e-18
4.835274590386097,3.9304574543393915,0.01279425390643614
3.075290103175481,-0.32606771061279716,0.03999959851770232
2.7621952949581656,-3.208985380977925,0.018596215406823064
1.479749167944639,-2.504129378347166,0.02649378962176049
4.646458357848918,-1.4262803837410125,0.025595168940954195
1.329528136683955,3.6611323779203317,0.008349085372720203
4.140733066083475,2.0189557904962676,0.02500957352838975
4.92554339668566,-8.59034041004376,0.0007604027351422473
3.916983227574029,-6.85044281845186,0.0019825335501892347
2.594949601932159,-8.588886261553077,6.99799268217878e-05
0.3303713192583596,-9.308197484914665,7.853224523590966e-18
2.362068945855365,5.520098358900809,0.0026444923662527417
2.191279734858518,7.019178153259716,0.0003310082770100414
1.0139802059349763,-1.676443355477673,0.04609773817945378
2.117938183571522,9.37681569044775,4.890485698630287e-06
1.7887894204016934,7.27195404472662,8.943097060581224e-05
0.8184213057582423,7.207700877501594,4.6859530162949906e-07
2.2068707166624306,-2.656312001341263,0.024954472055952828
1.3139997816224454,9.08694326208699,1.298942416428213e-07
2.6103121034113217,4.9785969126772756,0.0052187832489344835
0.1758002985809709,-2.92615141784551,0.0009873462380492952
4.531157098936421,7.776657878899215,0.0012305812603460415
4.08182152759928,-9.917754000697423,0.00010940394788896674
2.7629066625525227,1.4318208246776614,0.03686697486040579
4.259042913786216,0.4034558600438487,0.03048389240224877
4.811975369054002,-8.364201189394763,0.000867558974099182
0.5526114702633028,7.247129790053734,8.297765030342003e-09
3.154159042049019,-4.365776647749997,0.00975223566206699
4.989970004678293,-2.4729984109390273,0.01981091482289856
4.93944584666763,-0.49693171141181836,0.026470100882136628
3.016614961453723,6.338696609447975,0.0018901452870921634
0.6401043522540834,1.898760615459178,0.03611702382287675
2.915964154952641,1.2791440705491368,0.03689742808977872
0.010323177872108569,-2.7524484814882166,0.00013553951546221984
0.9945566733342981,-4.406306564165607,0.0016425234444704677
4.7806157977998,-0.43759536125644516,0.02738022916693716
1.6522028630142194,-4.885329359368285,0.0026691466862515485
3.1919505288847425,-3.209771235914358,0.018534660669129593
1.4042974731612134,-1.1924733010634654,0.05449770004585869
4.739109435557948,6.87001728787261,0.002618554371662094
3.642793649747434,8.610212334930775,0.00030126583047554575
1.648255787907063,6.594827391119701,0.0002002918364499383
3.958807105901854,0.5139942978621299,0.03229805941942528
0.5408276223816882,4.231145065885508,0.00037119709365260285
1.961594700327297,-3.2958278157862653,0.016187711220574243
1.1060906386579616,-0.816061548914357,0.06799857382025837
3.4186322363802315,8.809793126944093,0.00018720976034018814
0.5122314088596519,-2.90105040010169,0.006885049759925883
1.9851291614133704,-6.54028645485242,0.00045843802573230266
1.3832486510459479,-0.5581188596404392,0.0649669873523053
2.531714596619021,3.0518323758317614,0.020154347185097267
1.7494884025193946,-7.469714803830083,5.543252407246103e-05
3.532052888335055,-7.557971626547788,0.0008277121702519605
0.12288512153483033,-3.9261021812119985,5.2562129025230295e-06
3.1699346065295373,8.152982027966672,0.000305524103883176
1.1528564484691,3.492077019859254,0.00856304445618941
1.3435451437842465,-5.561316872397799,0.0005410313436595026
4.001278017917618,2.069751212438373,0.025267423476287777
4.777841969902104,3.2047966762382387,0.016596605861738254
1.5827510501354332,0.4610935981568982,0.061251288902330184
4.134026351845378,5.187649210746574,0.006808271859526407
0.5199541898561655,-9.505220226816862,1.9668199913557498e-14
3.169908265036916,-6.177655457920929,0.0024195304003533026
3.755161497674594,9.327434888502385,0.00015036410448709224
0.7798896401722827,-0.04519996486335742,0.09110015089131954
2.1300119383478027,-8.469704032129417,2.7969849679659784e-05
4.463535821244908,-3.836406195640105,0.01350381992357329
0.5178923172418609,-9.964552276531865,9.90257285692839e-16
0.09048179100737574,1.588284837712287,0.026643754545434325
2.952926895239669,9.989565001991362,1.7227737810359178e-05
2.1776577026546673,1.8019899504214258,0.03694934386875913
3.9934462444195136,2.2014585762888963,0.02447406239476012
4.617277691020533,-3.445467745438422,0.015524620719003356
1.4957682227190805,-5.259349087943804,0.0012409550586870465
1.9420205858455264,0.1631314408023865,0.0554521875094653
2.4313604316465742,7.9957233395478085,0.00012345604807997618
2.940757302176497,-9.804977917705981,2.2336335735826826e-05
4.919269148408084,1.39301684483695,0.024484246755191768
3.4866512541502575,-1.4297785745936302,0.03183730887305725
1.9477425367278438,2.423586119879811,0.028460613144509993
1.3188384322523106,6.7991605241603,4.422030843779037e-05
4.72312859211062,-1.0191217474676346,0.0265391686590341
0.677742165542532,-5.646344367585887,1.8021732856859734e-05
3.60132926252379,-2.467860261376784,0.02393850687676375
4.626975126462203,-6.988972566983129,0.0023310409583120625
3.323327932672193,-8.302015715783222,0.0003054438396684861
2.1152722008306055,-2.4824730119367295,0.02743517941693667
0.99495469962742,2.513970992229371,0.02280529145530919
1.8373766112596361,-4.743293278248992,0.0038917091161121214
3.5343590471006103,8.313683189383887,0.0003754273087612994
3.2476711208764844,3.7790259890600346,0.013923820694015602
4.639880832991789,3.7262690620379857,0.013981144678392819
4.334304568296875,3.8342137051327576,0.013581479432749934
4.080753761331842,-9.96631003543115,0.00010335222343438866
4.557254376753812,6.260135068318018,0.0037672787220898
1.381685763685247,8.352172558867604,1.5555099965151293e-06
1.8476177006982475,-9.612040325278233,9.4772043142079e-07
1.899469518930087,1.9658798077047521,0.03598564098476137
2.8022529435489014,3.531515402549573,0.015572352630501891
3.341091147713855,-6.0751483810131734,0.0028934767813931124
1.4335834152019715,6.7642252599858175,7.480280103703693e-05
0.09731233654650173,2.5166282857817652,0.0017600225210563161
1.9961119182895466,-5.498898533409915,0.001887735186854049
1.5426397977720026,9.343802334351064,3.299242642285185e-07
4.7109235950902395,-5.682687506519597,0.005506430986498831
4.4413252027202175,3.5717561386638312,0.015004317504558716
4.301553391717098,-0.5222044228015328,0.03003316568493379
3.2649988047262153,4.465696451182783,0.009316328993486316
1.7214458234946943,-8.044817521589307,1.635180453067922e-05
2.7442463369965235,9.050905110667085,4.701483459542729e-05
4.076125203581864,-5.9102193838417705,0.004248778292198852
0.4930518436140552,-5.5923212152649455,2.974125228511224e-06
4.005374401276524,1.080570709844677,0.03032413165544938
0.2058989566406083,-3.0053347315825807,0.0010247516121701323
4.082105156071779,-1.1574062869756077,0.029566056383905928
4.037819020799367,-9.25803006947529,0.0002178688561896574
0.2550365441437791,-5.30231109598745,1.2392489109371853e-07
3.1358035573092913,5.470662334837737,0.004357803899106462
2.512265371564486,8.044303080509327,0.00013388669054381072
0.8490975158585734,-5.330451141232764,0.00013670253897744952
0.7418946883868782,5.466979994296732,4.9887979655590555e-05
3.8662956303351157,-9.421066138411678,0.00015266762269987828
2.8384637441842204,-9.105514398859594,5.2140655460457705e-05
4.914995674582662,-2.1398156322691486,0.021565427199591966
4.911238886441721,-7.041777085306986,0.00243898486358631
4.963334967321332,-6.677228627126224,0.003143012266958308
0.5930775918288295,2.5479404963360324,0.014971084267089011
4.691280684819811,7.163285377436242,0.0020982601075170628
1.2228480451028139,5.579344835461031,0.00036989385254423295
2.29106129879306,-3.2701238328515263,0.017421102198825325
3.7870327791086296,7.504319340468175,0.0010421889936418247
1.0181046603861599,6.8269184073217275,8.199481336726593e-06
2.8315580277716497,0.4842339364765724,0.04210951287004281
0.9290837411299785,-0.482478746699444,0.07988081012710348
0.5236805334064665,-8.830751626857463,1.2286606835994663e-12
0.5827930621479926,-6.989498606871429,4.418791241283681e-08
1.788195174241094,-8.291736009435063,1.2743405651923374e-05
0.023274184185917424,0.5354500414722807,0.14681804821390895
2.124269606008448,3.5327699246451765,0.014101217934457263
3.320985525405745,2.3756402089369857,0.02557320602357952
2.0084409250199435,7.457704872616041,0.000115368780881362
0.4289730025991756,3.1740480787629384,0.0028472889106136447
0.31344431011820273,6.594153820311426,5.394804291610773e-10
1.3905825638243086,-7.191496308526126,2.567088827908136e-05
0.8465634527180038,-6.56703850775563,4.711938356877206e-06
4.825474866089847,8.368245554361266,0.0008703178450797079
0.756151124870425,-2.9059063604136703,0.011339838697650715
4.027312187024982,-5.660024665085118,0.004969633310084413
2.930539708705724,8.241384705828494,0.00020085762561425168
2.846434599921472,9.40209048777664,3.39867725976916e-05
2.5604035796189226,2.755392917301746,0.023502364253824095
4.858815380569755,-2.2332279777719837,0.021322244633713964
1.819223875458189,3.7677151079724336,0.010428726710688573
3.9395787547693812,-9.688842461943796,0.00012163808724004344
2.776470537334798,-7.105754264364734,0.0006723210956857182
1.9781683381286308,-2.6257111176528536,0.025361134329581717
4.777329666528905,6.644490028265555,0.0030787713384114053
2.9915798468234356,-3.9136818725684908,0.01263786895663013
0.5945847107300678,-8.842562165022485,9.10345261296536e-12
2.087696004984283,-2.4252945333223224,0.028297508953619738
3.907908638408038,-5.174916950363626,0.006630649922654172
3.468735116196069,-8.878801238584934,0.000183027053922701
4.581701649182871,-2.021514849054955,0.023288447931566456
1.296886920707601,-2.971572161197969,0.016949877062407925
3.790968581769119,4.676799618784212,0.008799211009195302
2.2993760369726046,-8.73590357566168,2.797385802641598e-05
2.868048734834077,-2.4189110755217786,0.02659245702017218
4.775233405031415,-3.1513295437070665,0.016883896801445586
4.8964315999458865,2.936430498686928,0.017769988997713534
4.307954819627818,7.7584154208656315,0.0011212022834475336
1.7954854386514811,-7.140204197446776,0.00011494538057772106
4.438504178636599,6.325075027996473,0.0035097191116534167
3.193045888207065,2.1944680550253253,0.027605622733874405
2.1499839023535654,-9.415146119720475,5.084935832766452e-06
0.17871341250241868,5.337773583324871,9.1299917133675e-09
3.8506406209579107,0.7537606606785179,0.032456356992188636
2.510527903620565,5.998576491602494,0.0017998570816884591
3.9309424973253035,-1.8226393426110725,0.027062995567274827
3.7401139967163495,3.31005587576103,0.017335785498784572
3.96783684024176,-6.023915892289229,0.003810977289222594
1.5032557934838342,-6.163108505040224,0.00028878049303996973
4.003992995338155,-3.194751837487697,0.01783257092110984
2.7442316423308366,0.38881012655429537,0.04337057215299221
2.366631002245716,4.330535811586545,0.008131938457007028
3.3756295691037845,3.336096455446553,0.017394813450253635
0.10679341469174153,6.4268912633670325,4.465835705743289e-14
0.5115840794379711,-1.47206168433841,0.053455746413791104
1.4608868258376102,8.250585088916694,3.1626810403361e-06
4.914950549789198,-7.816645517995493,0.0013983542301608054
0.6987288943247749,-6.255933823911864,3.1785852944034454e-06
1.6529815037960516,3.6743515057989704,0.01042821917581088
0.25526532345961805,-4.924546398756526,8.432562887001138e-07
1.6563444014636315,-6.708189075931587,0.00016790130317442475
1.601631432554158,7.729874898657144,1.9636461898726596e-05
4.7340358547226105,-8.631983070356775,0.00066441844521246
4.225770434978601,9.829422148714244,0.00014037401118151608
1.9138210962138573,7.251786227402139,0.000128989772111209
0.12384529019624335,7.3651549470460544,2.8449966923187696e-17
4.155155569976891,2.5742612509154945,0.02158899266457323
3.302680885722701,-5.502886403301119,0.004527372927004552
0.7618224182565486,5.961831094544385,1.4137545310649845e-05
4.980356355050936,-8.92398869651387,0.00059060183385296
0.5011671871206153,1.6423068989568996,0.04472160196220193
4.335572707968314,-1.2168072972359667,0.027922526395363488
1.4713308206484448,5.008136639595255,0.0017224534249940199
2.1767673316257854,-9.524637356077989,4.510169529603512e-06
3.977282633881573,-2.264289925065208,0.0241299242369788
3.3875417799700513,-0.458111969450119,0.036830941546727426
4.689321872220196,-6.9528154904488915,0.0024371971331053244
3.105701627301916,-1.7055962643310316,0.03221861912957729
0.48905080739526374,8.209553721226467,1.3905744716884913e-11
4.421801816209752,-0.6273155160995607,0.029112250965237237
3.845777624942955,-4.964476447666668,0.007472714954729956
3.55935225446661,0.6467012206335241,0.03491994980812151
0.26866773676867683,-8.783151308322443,9.599584241985002e-18
1.9811137233087202,-4.114629144726514,0.00823797328571042
0.8371790972976961,5.672734833806768,5.3922505352261526e-05
4.109519542039345,2.8382850049250514,0.0200067100051367
3.502643114089314,-9.520302968245796,8.677127013263963e-05
4.415387986595676,1.3975199741036182,0.02681305471476175
4.83287553462082,-5.65319839113116,0.005680649127788095
3.873738070962493,9.514996316571548,0.0001381739564106478
4.97116541610381,5.673739913869067,0.005699094768304148
3.073849430721494,-7.441838015445907,0.0006261286835870249
0.18564801945723908,-2.2890864463801064,0.007352929295388256
0.0712575757514794,-0.20060736990658867,0.16977659760637367
1.7105193760189437,-6.352565724155501,0.00035047849940946917
4.117358595337686,4.085677069276464,0.012192418746468599
4.330673531623655,6.827575205376284,0.002379818683600371
4.804062644113389,-9.91070809220872,0.00021354545581871786
0.325607342744092,-7.335532237302513,9.034576137430293e-12
0.22285555493832043,-4.330743216912898,7.022545073564138e-06
4.566417981835168,9.682204553095659,0.0002223728195134399
1.525233491814308,-1.9094424299966875,0.0385606158967426
2.7899370030481636,-6.594960740474938,0.0012133865914091277
4.912224415003549,-7.581457640558944,0.0016647132636226224
2.002242673679617,8.027123273715137,4.271093405091961e-05
3.3293569915491994,6.204881688849685,0.002574289429431315
2.0043978181599265,2.3860121461266086,0.028990302851996195
3.8409733223138987,0.7939131413871774,0.03240017369799225
2.638573627864329,5.543075230607325,0.0031635280380625497
1.1876156899317487,-3.636989233926653,0.0074233676303806905
1.356530506292331,2.7970931428259345,0.02038888972565826
1.2902960626920361,4.7369088278393505,0.0018557174426377609
2.661601641292804,1.5129745248735524,0.036896221933772115
3.5159450800783216,-6.625360930290521,0.0019671897884721125
4.746399500215711,9.718095928021626,0.00024676945069472165
3.4704368754148995,6.223911234310609,0.002713430920724291
3.905964219811953,-0.18746113519799934,0.03312166505330636
0.8446305793228281,2.399403511631723,0.023585690117753768
1.8703131250366285,5.201519813299683,0.002344998400818762
2.06890109929133,-0.8282963268078536,0.04958894182970753
3.431901150002365,4.782324097535021,0.00782525917837913
1.479459881884368,5.458557956668962,0.000883570251984116
1.5164596070983305,-0.8198522095522254,0.05878623725796788
1.7794457732043405,-6.244637443563024,0.00048173151415591955
4.051510407716162,1.9553415741230964,0.025747194709286717
2.8879504502167435,1.0857767857694007,0.03850031965218038
0.37638639916367234,0.009873716386220366,0.12167901584923668
0.39123049845234403,-8.828359536526133,7.632296921533304e-15
1.8564347214124965,5.551263886610778,0.001476391026070866
3.8329552530307915,0.7741650713023454,0.03251712805374767
3.4434171323934026,-1.3869709546322806,0.032373552848288585
3.539911773255933,6.297844410941181,0.0026344228683418715
3.8360503302704845,-6.062306178738663,0.003557921964877344
1.4357635644316469,-4.566372837365105,0.0030287583639912958
2.7412814097104397,2.7945408746322453,0.022885558042810825
2.7167632015838477,-2.19883925396267,0.02943947516641679
3.6981625058997465,-3.9386142158845283,0.013019608143893257
4.784352845528232,-4.907681297969604,0.008352351875603991
1.3899497239773295,-0.2853842667424509,0.0671162888291952
3.966408363785241,5.510737446019377,0.005411029860808327
3.299852742616312,6.106519160351375,0.0027610096261266055
2.9011893543173004,5.81139401370935,0.002891662554716421
3.8743988967370098,7.712905013480505,0.0009078796855208426
4.720162332140497,-8.98516338721157,0.0004821674302022939
0.18345708934706495,9.644337198200226,7.504583744386268e-25
0.7370005125661033,-1.4707701642280568,0.05406022360418858
3.7814361575055786,-6.140357841084409,0.0032931382652060704
0.41895676455042274,9.400455667352631,5.328826448042544e-16
2.580618503705465,6.503646457522635,0.001095440105334064
1.0993038832080348,8.594471047676365,8.781284419655824e-08
1.3714785192137575,0.4630745150752631,0.06624043149568944
3.5092024147220813,4.954836992308271,0.007095488375445208
0.15096386634355807,0.38928075548566987,0.14153276798614306
4.366597139509518,0.7890022762291125,0.029077663568153448
2.22239477676135,9.030019288140721,1.3368800221564325e-05
2.5119664695355053,4.767139672841957,0.005983391510407513
2.7002398184684595,1.3355561369498545,0.038208323330329454
3.2277214728974695,-2.1452947113572023,0.027892797947767868
1.7242829331137406,-6.713447227711775,0.0001989814952523745
0.5055374528174567,-7.685392508491658,3.5564229108442757e-10
1.591894683330883,-4.00667708926756,0.0071110521861385174
0.8407105901141015,3.8560869039464905,0.0029138989162163075
2.7806658972523697,-6.168947624685808,0.001884147295144051
1.5901431548019325,-7.370757268185876,3.917479107123745e-05
4.790335889967174,-8.444852460537202,0.0008026465163061857
4.8286713899014035,6.924987600803195,0.0025835084637901625
3.100629402841207,-5.176203564790582,0.005427208452342293
3.0874863383364297,-5.982990718280936,0.0027523083732573523
4.92689282283553,-2.1829226421485632,0.021333145929950375
4.43641575617593,2.5897240097145495,0.020726700239558048
3.8253497457907,1.7251951446960572,0.028150851692369177
1.567953058713506,8.473156137600903,3.268417177242368e-06
1.8276951405903819,3.6394426076309454,0.011739892896667731
1.006333828804327,1.2394310019518944,0.05942701947739332
2.4357406345868733,4.231963344498643,0.009029754858504073
4.951842610697898,3.2744697618023935,0.01596141072545767
4.560754765057943,5.349566384559239,0.006530518160498077
0.5917471700973453,1.4485262569661561,0.055089367597824006
0.12595144645253076,6.145815901097663,1.9897579708908497e-12
4.493188342041331,8.001146098706883,0.0010032769230157261
2.685850639743537,3.929536588291331,0.011979521070201995
1.0009494410422808,-2.8476028391623576,0.015999961754575492
3.3682663479231767,-4.400435287942839,0.009849534347070397
3.2211158896491,2.743713304238131,0.02261547637801051
0.6104280341823359,2.6285827654892415,0.013622583216770219
1.2980011674880976,-9.521788722967417,3.0883318222523855e-08
0.3003898215662898,4.94218779255592,1.9876267402959015e-06
1.0493023693507098,-5.562510263444991,0.00020511980509251867
0.6615283742653144,-8.910196757191272,3.427064919925875e-11
0.9661814623727805,-6.936015848751778,4.17550428464313e-06
3.427335729565585,3.1356177694745284,0.01897110317640901
0.24749872130533868,0.4610937619751887,0.12429568298645928
0.5092730762410824,6.938754832597745,1.4220472936864835e-08
0.6708681903914382,-7.874945000180191,4.75341984642879e-09
1.5827056047906702,6.590332811168821,0.00016853068590773546
1.4937515542597046,3.018357999397651,0.017665508038650822
1.2753189265831972,-5.70140912199771,0.0003460359741242902
3.752683267162081,4.738112313441128,0.008450733234790092
4.990113938790503,4.826665758417775,0.008727923191352505
2.669889618143979,-7.83996831035235,0.00023218662060274284
4.7210135895697105,-4.671063779579812,0.009336708010026947
1.9830505606303235,2.7772980785366457,0.0231416241674957
0.5334122340135672,-2.3885067396833737,0.017345396211453395
2.0438691473491866,5.304898920496022,0.0025057292640106982
1.4806388670734667,0.7208488161525111,0.06081270152593563
2.467034811445891,7.139941496615357,0.00043519304161145946
3.285218384582116,-7.779479691841735,0.0005301724815804401
2.305251095762041,4.674935449248004,0.005855163120007967
4.675802560389128,-0.7072005986206484,0.027521375988891924
4.4238241114968995,0.38781911649272516,0.029481235386955677
3.5098879758309858,-4.319088757556509,0.010502593350349098
2.448424561822746,-4.618736926347761,0.006603419365797308
0.6584364090722844,-6.203923692232342,2.4672083203144944e-06
1.985068333888167,-2.533086348824516,0.02675756213442554
3.5220076970058685,-5.2202431001500615,0.005947887883986554
1.424427602768656,-6.205438474027149,0.00021344927367908305
0.5199403877171022,9.235918252119827,1.0121623018986758e-13
4.5394922875531405,-1.0517143503468223,0.027392597871127064
3.545254049077723,3.562446652262439,0.015608085637051876
3.076382133175486,-2.5170368298464174,0.025039030000062915
3.9624945280445827,1.3958748761277473,0.029202580553324874
4.178230187917379,-0.015957819327347522,0.03129107119493573
2.4172949908551167,2.2537629670158132,0.029869032323136542
4.4059412570472,4.454575088978501,0.010278193829616446
4.582095053505527,3.2781841150262796,0.01649941925064721
1.357755477123907,5.242067772994037,0.0009598771737667276
3.0377267989539716,-7.073911841754943,0.0009059431087352675
2.632920144102346,-8.119377189929143,0.0001489236573656208
2.6897288957595125,-3.222011338414865,0.018433851808135504
4.68831546982281,-0.3634427824981916,0.02797019478949817
1.525943513465145,-5.511948271413527,0.0008945704637815671
4.917169891172881,5.4644905993989585,0.006344325694276868
4.510656074021161,4.3911188844618305,0.010605208502915284
2.293614443067513,8.271578365936023,5.9870609854815005e-05
4.087266318090831,4.579203952906536,0.009527307356326188
3.8452349716007026,-7.857093642762061,0.000776538753351875
3.3894748480926062,3.2998964766812477,0.017677673364198128
1.5991694469157713,-1.7588132457676924,0.04125065177155011
0.9822549591047697,-4.807704457267123,0.000750621945578091
3.357638483828791,2.039028448039941,0.02821252886417967
4.214866482005421,-3.9561966532134596,0.012925399660318687
0.08126394338684839,0.6171265136175101,0.12928839186752702
3.2140168765425603,1.5195477071281864,0.032980301137623735
2.214365123111062,0.5813383063509736,0.04932753567948471
4.490438775634918,-9.786269594929442,0.00018774175411255837
1.6073646542710263,-3.0252217166600204,0.018228859816353665
2.370924061318109,5.809245285653411,0.0019489377666538092
2.5738355201759315,-3.0620871170771995,0.020058008482821955
0.7021976068552649,0.1875899954606126,0.09465158446037145
3.564461513494532,-3.0673584061747228,0.01934972916611445
4.152381725604798,-6.0152418502309635,0.004031391038981487
0.2895463844813012,-6.004930586694264,7.331161835631368e-09
1.4569441026845138,4.9771916928080415,0.0017575806852246595
0.19022340767528956,2.5590531927367195,0.003587265052747978
4.782720523441212,8.64114082177916,0.000676870975573855
3.3358441035191175,-1.5799068012592539,0.031787205490574705
4.821002097273908,2.7313451874504757,0.01898238018928307
2.657471391656539,-0.6292084832003315,0.043455580189312774
4.010342619478069,-0.5212425426187615,0.031929103940554864
1.8720699193987,7.08174751201755,0.00015466179082569478
1.7690951628632046,-0.9139451250297963,0.05317090914600624
1.8913390855256633,8.563336012625676,1.0823933094261645e-05
3.289310668632141,2.4101451429527856,0.025380147392150474
1.7972657551082611,-8.291514140577128,1.3193170752133548e-05
4.501837258021128,-8.640341678981912,0.0005757987507221423
4.916374325250777,9.646284246893618,0.0002981180740884744
0.15213257668502955,-2.01281227910437,0.01251263193330507
0.9681164520124824,1.749176637011434,0.04389344946173307
0.56124996293693,-1.368278606596153,0.05895000707781728
0.2118202354572163,-6.82207123010786,1.6477374944980946e-12
1.1387049667364324,-7.488965938981325,3.1214641592422834e-06
2.2339666018454056,-5.7460769475008355,0.0018290436082129037
4.1849518264434185,2.1067562245911127,0.024330264384460995
1.1091201525499805,0.9306717475151753,0.06546512736635929
2.4697262783110063,-3.4282313542699043,0.016080468028718528
4.648093697233772,-9.116515205836638,0.0004081738855071552
3.3360735339333747,-3.5194389977554312,0.015951027301927132
3.990395098779987,-2.033933526951941,0.025531297130151044
2.754969850927431,5.128475658681355,0.004910582022675592
4.90233229420315,4.749679789868466,0.009030327309869999
2.943310773407371,-5.571838069279349,0.0036685960442103347
0.2275535698129577,-5.446520960115027,2.548290473906662e-08
0.9899139996989742,2.557656547755391,0.0217517435120048
2.02386814478574,3.035526947905794,0.019667432430487113
3.0063858628688815,1.2220555214103808,0.03658248107105832
3.8596543370447995,-7.760572393444125,0.000859689272498441
2.0654306295194313,-4.285597032168191,0.0073580275661617334
3.5502915250784435,-9.365935770778538,0.00011213437942840887
3.949347515545625,5.231882949453068,0.006444301898518916
1.5863009862499138,6.130068547289703,0.0003778369418140195
4.896351200179093,8.409611988224494,0.000870115687142233
3.248282476179178,-8.241688664319092,0.0003011963934647554
4.404990303930656,8.124259124490749,0.0008615049538492412
2.7796884440430336,8.368504460543715,0.00013454862890568663
3.7080155357616187,9.954119848643682,6.640560825413591e-05
3.852720308081827,5.557771360886061,0.0051133618179325345
4.541241896172895,-4.7472432871789465,0.00895076490065778
0.7517487843568516,-4.708822605621233,0.00036624459611542514
2.7914171208462424,3.764337554179889,0.013532498633051393
2.1418925655292815,3.5946532332434167,0.013522882609477259
4.615795105868702,3.2065840119094187,0.016847238673936747
0.525473471244996,-2.9375826351900924,0.006671124464586214
4.912869443404563,0.3959455656091482,0.02672356119516476
4.377256620466482,-3.970050417324016,0.01280602476105714
0.36913140782124265,1.9358143083263748,0.02697247546916265
2.4548319277023722,5.448043545054208,0.0030612377950334337
3.5877975010626297,3.97392559469289,0.012746039145220161
3.6907577284552824,-1.349893434303894,0.031025440442074656
4.532470626189604,0.4945680211260228,0.02869314758658905
3.999327177911555,5.4483699331871716,0.0056713080057676415
1.5546519017204474,-5.342941816932772,0.0012212520237196132
2.492173929312262,-5.574028019969046,0.0027703951714614533
3.5089288146792703,-0.30026373727925204,0.03609715358179757
0.6921842068217571,-0.11727043438665063,0.09578249469111737
0.9699539880009866,-9.530545041359664,6.774684809475396e-10
2.4052122405493632,1.6389267780021193,0.03746773779595045
1.4912289935275636,-1.6451713539887045,0.04426297170067726
4.312796248920475,1.5275940997127275,0.026764212186125316
2.93138660760309,8.296473478781486,0.0001872056003512189
1.7433259885918384,-3.337638339215097,0.014713924818482518
4.2441651280220505,-7.843283115041029,0.0010073372236345326
4.024392242771194,-5.869626224208471,0.004311805573878216
4.991774385496347,-3.869258841755636,0.012982877994803688
4.236538441668674,7.269401919061959,0.0016264144198635466
2.0722826740283984,0.9814858422746084,0.04808466010888452
0.6374944088499424,9.90164133002348,1.0092104489315717e-13
4.203204541002389,-4.299359681189882,0.011026818241888897
0.2987895898019699,-8.62546367762262,2.5012067638764887e-16
1.7513560367242709,-3.9762372742942347,0.008233023355685772
4.598689903856369,9.851898648959548,0.00019233956906504295
4.803832367225503,4.861983294762622,0.008545110712130917
3.202822967606092,8.301226992995709,0.0002660341419759953
3.443241584918568,1.8968946741792099,0.028905347008650495
0.21227244362761244,-4.492730992403531,2.615658984773763e-06
2.5724017054477395,9.088627579147616,3.057394683015063e-05
2.734340894031706,-5.416870952504165,0.0037697505690749413
1.7005037306205555,-2.0577193193437093,0.03510588898908747
0.3429841737694217,-4.132243859611167,9.378236991023842e-05
1.1445379986219701,2.869180984866384,0.017264311726660268
1.7899196843059817,-1.6398054808464835,0.04210558390833701
2.1757099325816482,9.142164166890453,9.378363560620264e-06
2.954633627667846,9.348401574391737,4.54897696539406e-05
3.611957593491182,-8.061719639712697,0.0005279458069934736
1.5881593663697307,8.56666185077377,2.9112668818805547e-06
1.6447687995949156,5.959920303430932,0.0005680598518489672
0.09845821361851859,4.2467487226735265,4.0298614023558846e-07
0.20437430047009153,-2.7442803729322147,0.0023059629938847696
1.289108471542682,3.5911447972998563,0.008722329802876544
3.701224988374783,6.213328678415362,0.003020460362708264
3.141569151869561,6.608494919146008,0.0015859647752750295
3.8489451033891737,6.115512370061072,0.0034344855782431874
3.844597181074109,-3.5995281988050154,0.015253318088613596
4.282837338346506,-6.2997401595133145,0.0034293361764527394
3.601596329934418,0.875507012458181,0.03381869629923848
4.895054595004114,-4.915479581911559,0.008352907274891791
4.494126096509087,5.699703646627821,0.0052876016018863934
2.9335858311161713,-9.10660026952554,6.206851679215696e-05
2.9407883524558587,-1.4918290469094408,0.035043284046167175
0.17133520176114747,5.571760580453752,1.5149631293739694e-09
4.992632888541771,-8.38881791824705,0.0009247107231018866
0.6578799868307089,3.7395829057170733,0.0020893274923944327
3.7017359831579597,-5.378734870053905,0.0055714809507801935
4.105075975621545,-7.452122144021653,0.0013113998314917932
1.865272646526016,-3.8422629083232174,0.009966628761736445
0.9842602733265687,-9.613275040116452,6.05503740193263e-10
0.49379943395277515,2.60044994573647,0.011368857362728996
3.743030029147889,-3.341822342198104,0.017105287304939393
2.2632676460284786,9.874223989227968,3.087148046549123e-06
3.5685887950056783,-8.043213061087135,0.0005183798559099584
4.577038244259003,7.897685516840735,0.0011387488789957293
0.7329186807552834,-0.04084502621743624,0.0936972120427614
4.595855003618999,-7.6459856181397745,0.0014056314805971806
2.0581322975421834,7.122346822973935,0.00022017577244139012
1.5263350494864452,-7.779088726962955,1.2887937745282762e-05
4.715311303013896,2.917185615259438,0.018245707389584715
4.953258463031997,-5.0956487478057255,0.007672447601984833
0.9944610888372407,-1.0176491158733914,0.06591255739413877
3.2841917347599163,1.4603984613087224,0.03293850247937871
0.5324765688553018,8.393509191752997,1.7972708286437883e-11
3.2545700192875286,-4.30972479024776,0.010254477690005596
4.136566138879249,-2.2461030694341684,0.02368201318788572
3.422492732620338,-6.008084584175643,0.003174738999599611
2.0866657103129786,-3.1275672934499132,0.01864538951581461
1.9153317978188478,-7.4837634415618055,8.725268569665423e-05
1.9656120761170852,0.9616679229082266,0.04972429498545409
2.9485590899646157,1.1846322757810235,0.037310607614394135
4.407836350362478,2.4674627243091347,0.02150595539146393
4.645330786343839,-5.392952407241964,0.006431492201796519
0.26764810103659054,-1.352886942916987,0.05590667417907401
0.9081119732284415,-9.17141825062089,1.1037420944108233e-09
0.5611215791414426,-9.194866247849323,5.059912899702674e-13
0.9666732038345699,-3.8107428322389314,0.004164246274525056
1.733039053045859,-0.21714097650896136,0.059359182335228244
2.5326584131131193,3.85948036324627,0.012206264985175687
3.1473061350457607,5.173469300292437,0.005525583179290363
3.6607110956985074,-1.9643803990816018,0.027400427123530063
4.450557706929035,5.112128431906701,0.007362061457055873
4.945442186148954,4.55208021314656,0.009871366945377106
3.314282392785599,2.6494834107694736,0.023240397058559674
4.226822593338815,-7.167404777025929,0.0017581685374698046
3.8901942346234946,-4.25512022846148,0.011161499471068155
1.5376601960935599,0.6775350352473293,0.060144668145421014
4.378461351174615,6.278638674962725,0.0035677105531437664
0.21381568973899423,-1.9337236630567851,0.019152243701844037
0.0018367187572893018,9.341324928753505,4.7759878997381025e-39
1.3686631469423212,3.3080113947527128,0.012646539804664307
2.3104876481372494,-3.738887257906141,0.012668501227599122
3.1918144750033868,1.2286816033134258,0.03510465095040207
0.508851332722724,-2.4985263705652923,0.013952425320561125
3.3650506691741997,8.239622887777102,0.0003433727934424944
4.009079335298472,-9.033056119972645,0.00026987320161537745
0.926564597896834,-5.421689299436963,0.0001628927122732124
2.075626274158969,-8.068669380980802,4.866134412179434e-05
2.5999249497665486,6.112393838966639,0.0017231136425258518
2.2590350904224032,-6.17841195100667,0.001122755831069919
3.9991496544423533,4.8569476196416,0.008117112947763589
4.802611990596654,1.231929882327023,0.025530247091738963
3.9947658200408998,6.604319704737858,0.0024942257622492586
0.38996408937912286,9.89897585382429,2.8540481234904043e-18
4.024677860795636,-6.915264268871965,0.0019730776753390054
0.33298166117775585,-6.991653370634225,9.971836948703849e-11
1.17985192620785,2.724310667754777,0.02030233084245213
0.765484484178614,-9.273912539910764,5.859808289022862e-11
0.9875955342304271,6.348359003976746,2.3723337953054975e-05
2.641575635286753,-2.4672141630075135,0.02667772841670553
3.3584492880542682,-2.021305541475604,0.02834988707583639
2.351606411680205,1.4409162566493663,0.04014226760721419
4.798478195146218,-3.1580921846584875,0.016808592196570913
1.2014616001508331,-3.995295201640565,0.0047085251695398655
3.8157011512739647,-5.900615623084516,0.003980442706586968
4.350910892535743,4.3764294062046964,0.010657105094155185
2.8103305537735954,5.372251216758917,0.004084497544754501
2.2811125098077656,2.1620532810743054,0.03153278843246612
2.9809222338962185,-5.279323972550398,0.004778331940126564
2.1440488508017146,3.8951788647007497,0.010696144216778489
2.775969411616847,-6.842821877107886,0.0009097619583638057
2.084669760644008,7.565649234387799,0.00011573216941649065
2.00234855147067,-1.0734788311351586,0.04799239009065342
3.476732340697649,-0.4827745214334467,0.0360207786735015
0.46425606533983976,-5.917036190998939,5.380988587000045e-07
0.8327103636441041,2.31022242265807,0.02578548918168103
4.2559923585750195,9.700977696848959,0.00016621781031400548
3.8553867340759402,1.7820097008420799,0.027663226954068358
1.4072686364719689,3.0469030910807753,0.01663349290432042
1.886344663328801,-4.230216681289079,0.006978991823752961
4.630132533142403,-3.4829718391533664,0.015304053098429492
4.090386125869307,-6.072888198589325,0.003811095234998441
3.071731499898154,0.29203343935047243,0.040098356139716664
1.1074508940147887,-7.040508466768012,8.334144400300816e-06
0.22125985657634795,2.3696255245463256,0.00724588046268699
2.156289234209491,-0.6937955157234263,0.04942659036831393
3.3631356962873094,2.486237860624298,0.024504745736861695
4.142402452589257,-8.585583007734785,0.0004749965400360624
4.263445028711347,7.68114144239847,0.0011703294907503025
0.16387950646681693,-2.4283724363250103,0.004339893429641294
1.220785169184397,-5.861372826360006,0.000212355814215667
1.6954729423870152,0.01567429012347432,0.0605118230229146
0.9436610547969293,8.596417933472445,1.580843898328318e-08
4.014876891819189,3.88572293484515,0.013375260316219786
3.8373288154247125,-3.1982655953260153,0.018026525412481533
2.5841652019048538,-3.9231290528961926,0.01180182633447856
4.914632389979277,3.2257311405271807,0.016266493966648594
0.7202927054542113,-8.223906869862251,2.5545976673455046e-09
4.498258516638344,-2.691796350516369,0.019984546835986747
0.5823162708095808,-0.4264443278357106,0.09791373657130836
0.8159085275706035,5.210349544378406,0.00015326112402623988
3.481096001253094,-3.4896537280587197,0.016163421030322356
0.5478484602084466,5.843036571165044,2.3945647217021125e-06
2.829225477093554,5.653749812562051,0.0032049723588358503
2.101167682363268,-9.61073579162255,2.869209971989731e-06
3.6423698277050742,-6.191737521394396,0.0030013653266981965
4.503376194044326,3.0678855734258814,0.017821267165472072
3.8493575733452765,-0.07915879391406122,0.033597012610406624
4.2484493821059415,-9.447273568916149,0.00021618128319603728
0.1647272426561619,-2.80702237963137,0.0013218491107002944
1.5509774912210155,2.5154719945472266,0.026510778892042473
2.577165433431662,9.833726795212609,8.885413691855187e-06
2.0797665731488975,-5.86251009640653,0.0013314604507954735
1.1562747648984422,-6.94561986699898,1.4163754396847764e-05
1.5393704898001164,-2.712630760415764,0.022925158870563452
4.727154851958028,1.018252583754613,0.0265212321036441
1.4709043993567579,3.2899863606761883,0.01365661833698155
1.7695205508989287,-2.7837048597801006,0.02259037999059712
0.018548868750093428,-5.4311672341354615,2.285007626319545e-13
4.225388136389372,-9.895511391838916,0.00013046558535186105
0.7742035170078831,-6.331060019123669,5.153979277896889e-06
1.0207213775686301,-7.998728711423368,2.7356644006565753e-07
1.276322585460128,-5.157802690947266,0.0009127898876166129
4.423110284224213,-3.54851054761032,0.015154679223654422
1.0322570562315736,-8.425231971810687,7.7740889058921e-08
3.9876318043396997,-1.8830808225777282,0.026448728219165354
4.040246701614523,-6.647478405133862,0.0024547053201096217
4.635102843931979,1.6273510337992185,0.02485444993864623
0.5778065680015698,-2.4424517005225166,0.017120177938569604
1.0863948616891568,2.793041314545185,0.018032782141425167
3.7144914604036066,5.523087746801936,0.005060296015885761
0.9800037714036952,-8.30594010360116,6.649543097439553e-08
1.4316477343672451,-2.3504264665445485,0.02939501152246795
0.8337079005568132,9.555503603183848,6.287558633672254e-11
0.8634834307752465,-9.953808078873527,1.8976850939224885e-11
2.4077667731410286,-0.8217798645705603,0.04524657356236294
0.5484153105647926,-0.6218088829276152,0.09386194781760362
1.608488092318111,6.474431152084247,0.00022216868972925336
2.132969547994395,-4.195461863788543,0.008257026074170627
0.12274058261988796,5.520612993926148,2.145033583402341e-10
1.941665832372263,-9.955995548732748,6.83689794366334e-07
0.4706121804275848,-0.18499964470400698,0.11105910280809156
2.4678926557308833,-3.6135902340346444,0.014258239496629334
4.128690942785481,6.1631105938175565,0.0036155550020185966
4.092110810908936,-1.94105442415324,0.02565789570354597
0.40224257768700256,-8.602431607752884,5.71257385244952e-14
3.006138788372601,4.167739299282367,0.010811891204918668
4.172931909856183,-9.735540249195457,0.0001476556308960596
1.1898627146731766,-3.311669208388011,0.011019967769418432
3.8096325572479954,-0.03340004490388537,0.0339060002942573
4.453821732250466,4.834848222191576,0.008526843378745127
4.030620757202221,-3.738721741580921,0.014277761396154767
0.5365051575775226,-7.918050910556145,2.3659386980832026e-10
0.04529999761192449,6.505130735549535,5.0607426777163226e-17
0.9586205496092282,-9.803546756813304,1.9206414325378211e-10
1.3523867047331162,7.4626226490225385,1.1625755527567332e-05
3.0809149530797972,-7.8700492170396625,0.00038548880764934353
1.921365876211592,-7.485980909028296,8.831951057085848e-05
3.5170351533073676,-6.675422713162074,0.0018832623019560588
1.765374802608043,-7.033139810473131,0.00012774333407229163
0.7721271232730015,5.895581034922639,1.8604648822470106e-05
1.5634492174301755,6.219627289249065,0.000306760263947909
4.421621131945675,-6.610640268658208,0.0028680609056539043
4.792661721225324,-7.749647586667536,0.0014042308317595746
1.0375636703368425,1.4496126017095428,0.05282707186997301
3.9423419351222067,3.9941391471333674,0.012717506658636173
1.3667436826993535,1.1807971500848584,0.055295330033543755
4.435657717157038,-9.446202670378591,0.00025372788580372
0.8277280639812773,5.32176505002403,0.00012434692054329963
3.3297995934702844,4.283804318691825,0.010516780222060316
0.4210563235659126,4.345191503998398,0.00010316476613988626
4.869466619869348,-5.8557354205218815,0.005089732415099723
3.503166723202714,-8.59434584622672,0.00026541064210529444
4.209078697025427,9.94568846060833,0.0001213576263241895
2.833346696815173,-0.4440553482984111,0.04221771002309801
2.384006819644301,4.524854849211843,0.006953531538267067
3.1094119569718255,-8.07165243175877,0.00031345803227119073
2.6437075584972405,0.0986452778498208,0.04509130571680109
2.346921775725765,0.08193317020046287,0.04904157229803199
3.797251257288214,-7.542839731695617,0.001012111697272945
0.8910047746963407,-2.967847105346923,0.01243122657210525
0.8558602407757926,7.829266771194149,8.371153374004124e-08
2.159213253248531,3.804298524072811,0.011562792121689138
1.60373958022473,4.633415997391122,0.0034586962481769185
0.3706225895651205,7.565775832650608,1.1846235800649729e-11
4.222352462093672,-3.7942880214956602,0.013862966623417294
3.8580140334717488,5.798894053359513,0.0043338732171257725
2.719607499014924,-8.069225549254973,0.00018404560331897004
4.8966226863218445,1.5509746370663997,0.024034444887195267
0.36300033273802657,0.682961526853127,0.10183340768305482
3.833346505139375,-1.3761559975920985,0.030037007578571126
1.3318519580454842,-5.816616891528829,0.00033141842244071635
1.8429945997178772,-1.449469713005131,0.04472895550279388
1.0963969260153377,6.885662788912754,1.1600037480983502e-05
3.945189457309326,4.614067481772366,0.009253387131397223
0.72120051010783,-1.187935343141696,0.06565422958561085
4.20008348867639,9.35177361914046,0.00022890520997933476
3.3078882411491692,5.705838314106762,0.003865779412492728
0.29511622634557366,-9.114787643680273,3.729011940301988e-18
4.054908658000767,5.0147304714995915,0.0074588650162092695
3.138778580814897,4.370755593343352,0.009696226195229005
4.524911597891707,-9.015586896462338,0.00041286809131122707
3.7436115320431913,8.531145312584478,0.00036146392901130784
2.805604637148874,-0.659222734651637,0.04170268200882395
4.182735903095988,-5.217450040948622,0.006733655461121596
1.3902511915061107,-1.0354841800539845,0.057702245404534905
2.734750309222818,6.67560933580021,0.0010537093693893226
1.4680840990170507,-4.989883608547185,0.0017589014198534493
4.841021955452543,8.281855863145267,0.0009409990409053529
1.1309815042100317,-8.70520382504328,8.372835728592754e-08
0.07869119835231253,-8.212858316400544,9.071723101490017e-24
1.629274210018981,1.9864811688950148,0.036665965428123184
2.512546984849023,0.1959391008204534,0.04663561913061574
0.14181467115037538,3.430101591049116,8.649689320926154e-05
2.7962415001695367,-9.131081432928042,4.6236220246638834e-05
4.371413874756151,-4.795152621871495,0.00866093525984954
3.5236609720833507,4.062893627579369,0.01212425080615801
3.1148416148915214,-3.1119686334813546,0.019442681311781517
4.779808753541256,-3.906906539636987,0.012946499113186162
4.791396669210529,6.3955392581649235,0.0036285612791240322
4.121332348516143,5.921261236793807,0.004264467001889159
3.038709236929255,4.899818771915445,0.006560078257652042
2.4388227974885335,2.5525083201498493,0.02607455757960738
0.06658056623233655,9.088102877678292,8.332635469287053e-30
3.031309531132707,-9.578860084213805,3.752383719950777e-05
4.945440376784268,-6.947138007731106,0.0026231495161420956
4.090505250120145,-0.8022344290788155,0.030724365734669436
1.7030232194217598,-4.386203130874142,0.005142229224707442
0.7602351252221101,-4.1328131317247285,0.0013461929802797722
3.9202930723357703,9.605925319373508,0.0001310120490020852
3.7196891031587076,-9.11559030347918,0.00018467251287084048
4.835233959896615,-9.482042549212919,0.0003290216862514965
4.374211809696694,8.702897108784764,0.0005002344220842062
2.778313126362037,-6.79819918019835,0.0009589185677339999
0.5064212348237107,-9.140454354042877,1.1130091535189571e-13
2.4175032919198003,-0.8290944172978243,0.04507938645293511
1.568475270111585,7.6378114071165335,2.084576321937393e-05
2.562042410124199,-3.8787052506049253,0.012115878441705018
1.508507873198266,8.64502901019426,1.5759371348597908e-06
4.309114959877979,7.3055230651164464,0.0016308526756330555
4.221635069914111,-4.391642343787188,0.01054718989835708
1.5773257858352796,-1.2912161541887066,0.05029534768607205
2.997906731869975,8.474761338756409,0.00016333966306117083
2.1509042881952705,-7.5342644210866645,0.00014104852342683574
4.545463785142816,-8.762133270195612,0.000529569549107023
0.9368045071316139,-6.22560796895349,2.3788712093049318e-05
3.4886420089247965,-5.4875745329301395,0.004870910259063845
4.851876639186083,-6.412219739240543,0.003634246981150762
0.8763775978154509,-9.365758660016123,3.0258788573647455e-10
1.0098321421210161,4.35317853168166,0.0018743158538353166
3.4686166933611395,-6.760961074567442,0.0016964559348112277
3.8957696226245697,-0.8922208117612414,0.031707231147635496
2.4527452739696636,-7.592232832612533,0.00023014647760500234
3.0484323257356065,-2.6896377824563755,0.02346009884852547
1.063412044059144,-2.0506474956907255,0.03523673244659074
2.3830711428366302,8.25971951563486,7.466668845599744e-05
0.5603594043745758,4.10633511093959,0.0005782574104444978
1.6071096263783236,8.122843471594248,8.67584686116681e-06
1.4238985251547716,-0.2180733692600043,0.06655975244347481
2.2231268005121003,-6.613167012112012,0.0006121342741956159
4.650631811218485,-1.807335125339332,0.024017681457826606
0.906338310739212,1.873569760062443,0.03976508251087274
2.0069412331236025,0.8249032949041819,0.05050619951754985
3.0779860955482237,7.926109840116464,0.0003594702098782081
4.732785430370009,1.8475559245918234,0.023514901490506657
0.6657409576788409,-4.867383574149208,0.00015179538645434943
4.589383084965568,9.05172659004658,0.00041693845595831575
0.4052689431703077,-6.521476635078014,1.0649120674573248e-08
2.403706985801322,-0.47123470864175054,0.0472711763178983
2.272949336152414,7.753010246997338,0.0001298884688632877
1.0480136443859778,4.198436814936574,0.0026511164164580007
1.7372983405792375,0.7076485453136847,0.05598346719958346
2.2708263417419907,3.7565610615153986,0.012382420844022536
4.326057314553146,-1.244130006182953,0.027870885772469493
4.775320726867799,-2.0638823524388865,0.022387126544340545
2.5946283931858263,2.5567608075476542,0.025751296962986114
4.350498951472109,4.740164641759396,0.008899724346913421
3.0408579283838972,8.749204508478478,0.00012127013679238582
1.7454367099383772,6.730910946469535,0.00020374194590306663
0.9709710380673453,9.21385012712658,2.318852521138379e-09
2.065673858913824,-7.68227753270299,9.13770464957827e-05
2.614121414619239,9.789469316940753,1.0594811886266723e-05
0.2222169412977809,-5.993964266596475,7.81067715595395e-10
0.7292058293542536,-8.381921536759084,1.5236773976319015e-09
3.0009221199072,3.136210056980273,0.01928296763182852
1.1250079733858103,3.4697457564180247,0.008537929822106818
4.1866318804064875,9.47644516724607,0.0001981451586257031
1.634711248870953,5.420473715447898,0.0012554064603873146
0.5241710362662544,-2.1468333734813694,0.02434685039458211
0.41765294277658516,2.002108267115501,0.026165839783464775
4.685615102658899,2.189086945018852,0.022101363458519218
0.5901015562093959,5.308374708682598,2.346442015361638e-05
0.7045488208103001,1.621960754187322,0.047892948193382474
4.313330289663765,-2.2711864035002227,0.022924732322846416
1.2714406513867198,3.629162028094477,0.008198864775762071
3.3297570537720804,-5.197969886731377,0.005740951148129606
4.083628435149457,-3.008975152637361,0.018940417450216775
3.0359032006509605,-8.567377543603952,0.00015294158275653218
4.787442717239247,6.324603361149606,0.0037916915633898407
3.544414496304207,-8.58001815474012,0.0002818527843868692
0.5637575495182917,-4.024063715091004,0.0007240113027061197
2.7920501327293996,8.51265824878707,0.0001124095843701431
3.5909326304459195,1.1881936920501062,0.032502834372567
4.009786201867226,-5.642401607475469,0.005008505710959932
0.13160667642045765,9.857743309264539,3.5933457126617866e-29
3.5943945763571223,7.614589643249868,0.0008202628586514249
4.128404105097248,-8.636394546553968,0.0004471636200146407
3.7341690546767827,-5.394298753315527,0.005555057936385706
2.5617457282779905,2.8452118662263786,0.022473206072868897
2.2901048154440145,-6.0239368599407666,0.0014029386166971513
2.747092916499079,0.7435586675778438,0.04190987662853169
3.52321849413301,-6.682784785590703,0.0018774181709498125
4.614571453162427,3.4541101774127156,0.015480361637284673
3.085176053205625,0.6247223398535358,0.03906141570683425
4.439171531417348,9.388644872003983,0.0002695897482638752
3.5062842372286367,-7.323734449005343,0.0010232698050862683
0.34168188719423787,0.6144249831624329,0.10711301564757456
2.504140950008109,-3.7655222073020926,0.012950405018704406
1.4324317415762118,2.2537752583135333,0.03140669297105002
1.4258746406628613,-5.934889190195863,0.000349940594616561
1.779637756079921,8.507849206616925,7.887018118144564e-06
1.573663860002379,-1.2415636569907598,0.05121659537788442
2.893049900585501,-1.364572382852847,0.036421498899869335
3.4180075017677853,5.726500863138636,0.0039688996968098135
1.3437469353836773,8.150365394221616,2.0654267443452894e-06
0.6488131128419067,-0.12052475857196043,0.09845391402203735
0.2940436046723105,5.425784566269179,1.7551209626194972e-07
2.878764225152761,-7.121180730149357,0.0007370926912095476
0.930650831665012,-4.951817774421238,0.00046622585147353
0.04623997111849687,3.8598062740079637,6.337685253436882e-07
4.6387653966185205,8.534942176908956,0.000685702838134175
2.685702095416203,-7.655825112417189,0.00030326311143329896
0.46224090123486383,-7.3122561262918895,7.994887667902377e-10
4.214605560637427,9.504544743240903,0.00019733447421739587
4.9160136914505905,-8.175272816034877,0.0010598778040588354
2.2430033100885858,-9.142082054319678,1.1595977982513894e-05
0.21244804119079086,0.6350867088545513,0.11575691523173107
0.5877297037803175,-5.511773580986428,1.1900939167764387e-05
1.9082687332271608,-4.047468646331809,0.008432591024692293
4.427613187244385,2.357873867623276,0.022062466253508776
0.7401933963888102,-2.9750712666726242,0.00998817105531704
4.119950470013477,9.913084293248922,0.0001146267022736222
0.07488130109509716,-5.4355793699137855,2.327701661198878e-11
2.286943493929055,7.30550810311636,0.00025967358355178755
3.2219857047528406,7.50445538595239,0.000674029641228978
0.301897410127982,-1.2482720196232862,0.0644794764053554
3.073813753082433,9.946726207581648,2.3651661277231003e-05
4.722020607347781,-4.343994001849509,0.010829038430990215
0.8012996006829753,-8.17872525539174,1.1119125411185936e-08
3.648056915176764,1.343899490171749,0.03132117016328343
3.045469489717717,-9.850564507054507,2.581527366476308e-05
0.9255819443961527,-0.5167249022372857,0.07943578590108356
0.031017073546830143,6.736075827265569,5.537741617308348e-19
0.04642225252963539,-1.605858483478313,0.02077168615712727
2.660462045860143,-5.920152619324401,0.0022131829240149207
4.713897047805967,-4.886888988641633,0.00841416013143846
3.221493137328062,8.276164547363763,0.00028028732410810716
3.571499231468718,3.244254082602538,0.01797798784021303
2.4693274346026857,-6.773762674499504,0.0006974918071395296
2.909444713172849,-0.7361307850100633,0.0402918456567479
0.6318376266530173,2.291875866908292,0.022549814124376268
4.384103102003154,0.1028082153095049,0.029948173412016887
3.803963143334009,5.7017774220182105,0.004572598820414878
4.990994764223048,-9.874150945526278,0.00025335463200020257
1.4886147377781067,-4.378713001548748,0.0041487612038536795
1.1350888589802892,1.4918142415812046,0.05075897075541746
0.6258082898067147,0.7779950754020941,0.08444638992131394
4.821048783080224,-7.918396061119076,0.0012462833642268695
3.904425923140118,-6.495677797447906,0.0026209880968249533
0.8316230685981935,5.059174461271345,0.00023855430443874245
2.7634323555410694,0.6957097004519959,0.04197744855503126
2.068841040336384,2.7993474194875283,0.02294032880160815
0.7574300390309641,6.335044417754098,4.367896196860417e-06
0.8103649251498274,1.6765336366891486,0.04616117125521685
4.817349973725928,-3.721011668227887,0.013858947981401745
1.5248209147886111,0.46500587280633177,0.06251335816273247
4.707196458419716,-7.392166090941201,0.0017828849485560109
0.378053365325422,-4.558455350010455,3.1071409335988954e-05
2.304015211465953,3.1026080495660935,0.01936904489698823
0.6480952425838005,-9.177779977163878,6.488705298096569e-12
0.023936926205860853,-9.982981318172248,6.031053640071078e-41
2.7688303685303826,7.741448470741268,0.00030508511638340494
0.5694705240568171,9.28657630526753,3.9110229647822314e-13
3.610122654668398,8.112253250622604,0.0004999363076222242
3.4905818785344978,-5.690768729273865,0.004187339375625746
0.8816645373224458,5.093156071747158,0.00027932184317394816
4.708710716327583,-0.8706399873358066,0.0269911745760638
3.605217042162448,-8.58112264575137,0.0002996526408782019
1.4898513207846498,5.8997229020651965,0.0004395037034430771
3.5461688197539534,6.16349513364807,0.0029499259505513034
3.6596513884076796,4.439550143311122,0.009945931960518222
1.711131656254803,9.93101499847224,2.0858338166986697e-07
1.877942812307296,9.842342699053088,6.48328659994262e-07
1.7955325382665004,-6.411591951051728,0.00038427601770788173
3.0830922177603703,5.908249274659205,0.002934877248098082
4.502050732700897,3.196481951655395,0.017084063341309262
0.8659661811429381,4.529358733666227,0.0008762530274365564
4.375998049181592,9.818010039048506,0.00016404715906370612
0.1382657825267125,6.732385005211139,3.3486121822628906e-14
3.3016929798911123,-2.1696541410989356,0.027383475179558848
2.072194365948471,8.749312408672807,1.4059127480784745e-05
3.9564077611624686,7.503309522823187,0.0011562245280860057
3.605990564654515,4.124671543024238,0.011783952980485205
2.4005390357259198,8.739186658940238,3.594245357569605e-05
3.2193201836129837,-0.7546646878902905,0.0373457524835785
2.508865653499726,4.2651246383448935,0.009010897782868921
4.057592353109416,-9.918254105537041,0.0001064599195023976
2.38041992984116,1.3716216378560038,0.040639879099648654
2.615779949960379,4.473781322058404,0.007934038179492566
1.252602932085893,-2.3397623500253513,0.028947283450423095
3.0252150840523617,7.35836548345986,0.0006547386125937306
1.5145240433491751,-0.2986438539080982,0.06388860349140156
2.8864200727149103,-4.348972883220652,0.009369045893267827
0.8483905778703493,0.9889005173932492,0.07016341076495643
0.797345461705794,8.110315353567138,1.36929492899283e-08
2.0851487059599676,3.648977311483483,0.012770216895423927
2.1340975755527043,9.001587004109503,1.0679539896102315e-05
1.3405463245626952,-1.0476144819834978,0.05835667607616325
0.65798425183345,3.169589840662425,0.006181347024249354
0.19605269606948528,2.5678724119923597,0.003645486613339535
0.12615913643908072,-5.217536493217518,2.2353612752417345e-09
1.3577514500323784,4.891510021658599,0.0016676710020422669
2.3092672108096854,-8.640166329641229,3.377666449423312e-05
3.631216406530635,1.5024835728518777,0.03052558334171416
2.3743585035700447,-6.4397008325492,0.0009369278346436521
4.520254097176409,-6.233128812105722,0.003803001508718599
0.17609902287703538,9.596630879241786,5.139636734725889e-25
0.9033031077031717,-2.309586617731796,0.026768863255153017
1.6925724638507134,0.392228729611654,0.05938890725384884
2.8874809403256125,3.302275726537026,0.01773926254428202
4.263680789469712,-0.034181602733537986,0.030728203497328008
1.7510097597828822,4.517528781433963,0.0046344719225353955
1.3399434125221004,-9.479395506501367,5.06819744775325e-08
0.30944584421447874,3.5340309313961136,0.0004884556075664001
4.10651738849052,-3.512130049614866,0.015655638631031782
1.8983322160333949,7.587281939253426,6.952805691713338e-05
2.8577509770846716,-7.131841595425195,0.0007123454596777933
4.917777090856102,-9.387130719930713,0.00037881866243151015
0.007972853021472881,-8.78097811029702,6.954527523440815e-34
0.7272507034943299,0.4437032819856128,0.0894417208141792
3.8955549700967773,-5.695026575179649,0.004705285610964763
4.025637426039189,5.063553885190522,0.007220851308792197
3.846235595163777,-8.889479995036275,0.00027052724969378735
2.6849944552141465,-5.303422036615595,0.004065546095159103
4.89428490511528,6.6048324274100345,0.0032439285998351816
1.9809227999766028,-9.0871768214502,5.259142358280409e-06
3.009718490565562,5.75225633678189,0.0032404128127138353
0.31684502274424153,-7.764698815027122,3.6428613881025863e-13
2.0492872495366936,6.855180190569467,0.0003244479426452828
3.61250043754961,5.680843559888329,0.004390580614221406
1.1936942038534966,-5.624883768425734,0.0003082995881381656
4.719137945365742,-1.9605508898799417,0.023063506988844434
3.4339168382164456,-0.8399087922378374,0.03523066298219167
1.4378769142878571,-2.1244696190338397,0.03416318119031955
3.844994613529282,-5.779367555324606,0.004378239916653952
0.41582385904054553,-5.4768425979351765,1.5098992588174266e-06
4.873872112552283,3.8139173173722156,0.01334460639644001
0.2464262953677926,-6.968857495084862,3.3090457011824283e-12
4.667279455743591,-4.3602681711195235,0.0107561347044564
1.264269388741306,-8.739483507438123,2.3912380280704173e-07
3.789120538454452,-5.637833283297963,0.004763166393324304
0.00036849716553044587,-9.243828993565002,1.7601735590165897e-38
1.2712004458979986,3.9667746759118128,0.005377908815197464
3.7455030332485997,-1.9114182929596701,0.02736960639623324
2.661680354486611,-2.44663425622851,0.026860879686695774
0.5747607481855743,-0.28723527835435014,0.10139427024734872
1.9681487291863764,-4.774107708446785,0.004225756351500218
1.8777467754227128,-2.79332815397189,0.022716377553455704
2.840811220904749,1.8193134362976586,0.03275813019500741
3.339885362301089,-5.509522670137963,0.004564035508523628
4.20415121206125,-0.7606410564257811,0.03012522606778286
2.486156984886863,1.4984530255843183,0.038402432659286515
1.9601085865258505,-7.238120055926636,0.0001475505999639739
0.7198826704769085,-3.860601255656732,0.0020273059908262254
4.024114824948612,1.0442455387220875,0.03034670828583221
3.5668520270728,-1.9748036974742362,0.0277527717781638
2.0433869872734265,4.319892085567421,0.007039571031931082
2.5921615497133472,-5.373564245653844,0.0036102404992240625
3.3259142220594438,-0.5855257818523434,0.03702152877592147
0.824027949237689,6.420921409143947,6.038624114218483e-06
0.13598897203960125,-7.144613666127362,6.956290138821619e-16
1.587518495933427,7.898558272779017,1.2961630880463423e-05
2.9779250981808154,-1.055082299442203,0.03791101230847436
2.4330304564072938,-0.4031941145546387,0.047145856005017785
3.4627731343156354,2.7181681247122285,0.02232042165390722
4.098449027872676,0.8366714264873885,0.030574622488725386
2.4422123336513795,6.465002662929294,0.0009846673691210437
0.6713351185891242,-6.267198074529555,2.2908363619498384e-06
4.253139998994829,-7.401907320339573,0.001470791164179307
2.8749516363705716,-4.730306615382718,0.007084248942701972
3.6996874039143535,9.956267075388297,6.548133384780619e-05
3.523323268041458,-8.022711675347962,0.0005088793030675349
4.8410588566562085,0.6090361867097727,0.02681889958964173
1.4765366116790695,5.46761470552563,0.0008656561920514371
3.52653386389631,6.651923066909173,0.0019327951276098883
1.8283816656295915,9.148493859915128,2.452166020481123e-06
1.9770536045932086,9.903338009778338,9.096048310326815e-07
1.1529731832936074,1.0451231537551013,0.06192592703764092
1.7200508782542694,-5.184263180357327,0.0019807774059126815
4.741483758291316,0.39792887066057325,0.027638903480548444
1.4628542347380047,4.720643652231054,0.002552999006960303
1.2299530297829335,-0.4666459484516139,0.07006231215999954
2.9156898923691097,-4.55379605080203,0.008164327499217023
1.2901797837087732,6.441860498803742,8.411007022552179e-05
2.3669286279714754,6.582297767655653,0.0007775578367325308
4.170881282781185,1.0129578263692736,0.029573766336289945
1.1520015715358778,2.031200059512896,0.03606511628534356
2.1334570609196,0.27068334468007116,0.05192826669696817
3.0524486751001594,5.642746588770212,0.0036408454711797777
2.7281446228674273,7.741563951710809,0.0002881530641026085
4.873616187076186,-9.959761590568236,0.00021453135891912726
3.4018512719759753,9.472539925678902,8.003115554355168e-05
3.699731210242199,-3.117585260541702,0.018787344393683594
4.8347797398336665,-2.0174531665561535,0.022386399139533223
2.0721901261426052,-2.6463359911663513,0.025097387345268236
1.776899075305256,6.8872676665777455,0.00016924767071643056
0.21931214883191275,4.735852778810061,9.247840584765706e-07
0.9210215325941357,-6.421782148104396,1.2651284624167296e-05
1.1859481602583792,-1.838128884841188,0.0411582569886947
0.9175223353566925,-9.945465368759631,5.3478891135226244e-11
3.7739194659828224,6.062266424729291,0.003484629241818493
2.6794149063805586,-5.274390475611472,0.004160776882302646
3.3381690072923362,-8.339666194131553,0.00029722786179103524
4.102310804196868,3.2153793736905616,0.017561780749387537
1.1538697064294734,-5.618087876568589,0.0002723870696469719
1.6296196991074958,0.9801536735963428,0.05453784211021178
3.541801335182984,-6.775901914595943,0.0017462249821294314
1.963794729522364,5.802167055291925,0.0012332962775589216
0.1463547005052207,9.639470504423755,5.509997048173333e-27
2.1747760951343897,-7.850158836262089,8.99181196396385e-05
4.541365432077072,6.828252217446945,0.002546864040891002
2.0451075579643736,-0.20420895844563525,0.05355596402085434
1.661244582213735,-8.97178269404713,1.6389676122773568e-06
4.9476254147251355,0.4261519008372101,0.02651131676656849
3.222077821185066,-0.3615416155315554,0.03851986640621844
1.8299901323559042,7.828260058622238,3.652972580550917e-05
0.5100976568190368,-3.192164255924343,0.003818280951437951
3.9392472247321058,5.149843331531445,0.0067686983745086585
3.540374667438788,-7.3538797991061795,0.0010181633663586813
4.609578996242824,-2.2299349488422155,0.022151861487742786
1.0863781501400416,0.7871767285508753,0.06910531837854067
0.5746217499411599,-6.369553894106572,4.732796053509072e-07
3.620362632045318,-6.044599404314813,0.0033414267728238945
1.0169792099934782,-5.093182365688058,0.0004802639977250889
0.8805191889474806,4.855928932439591,0.000468298811775895
1.5990366769803606,8.869818118228217,1.5046690928853225e-06
4.084125707392189,-7.456894102884027,0.0012918661843316283
2.697683025548154,0.9587988035569435,0.0411376826760134
0.22925177551140485,-7.057924502400077,7.318514439925345e-13
2.319473373296586,-8.914883273709442,2.1682338016844553e-05
3.419898056832376,-9.210858553089395,0.00011459536937775802
2.691842192345079,-1.4218703370084622,0.03751200695447748
2.8622510907827796,-1.4935448141394119,0.0355907876826911
1.123886641963323,3.2838487409742694,0.010715645736741136
4.238696657976741,-2.2013648006192117,0.02358518516445531
2.8069935879556205,-5.4056716075430185,0.00395922012373565
3.566230065203383,-8.073933889995544,0.000500796252685914
4.909321085066512,1.423155196584025,0.02442712608612164
2.140993288372661,-5.653229395942607,0.0018470934374664508
4.4053330633825425,-2.456989676176917,0.021573008199928887
0.03640506970562507,-9.649393230743495,9.385435806084306e-37
0.1670364630756005,-5.019158823948033,4.2076850510491926e-08
2.951399608644085,3.020056205872887,0.020409284654171883
1.5572469777110032,-7.5372437148222104,2.459773533586816e-05
1.2413828350985012,3.227107683984336,0.012622073839372664
1.389676786044793,7.208416665851793,2.4636310907941088e-05
1.5920146730529376,7.3873785388307915,3.81507341635127e-05
3.6447384807171144,-6.852083017544926,0.0017282944263887056
2.8459798611547225,-0.6533469516154291,0.041307781660126004
3.9451798627966674,7.891273140522657,0.0008047264662828913
4.1509828991752595,4.598524006230658,0.009468068958774153
4.21467429650641,7.327727569606601,0.0015355877678862812
2.073220745874438,-2.2621397534651084,0.030744302896983367
2.1063669815820543,-0.01974671312378007,0.05276940692815682
4.63132940070292,7.902281057691351,0.0011631356150139773
3.3088179730220526,-1.4197257830890724,0.03304864959529476
0.40233591989569384,3.40335407806133,0.0014043246219395938
2.7109347704623414,-1.5081845598313937,0.03657158664288123
1.7800362981745348,4.160129606105528,0.006971382127384552
4.9371749485818155,2.2644963148072073,0.02093061214387584
0.06827703231146287,-1.1679301362513144,0.060299125329693753
3.06090436535279,0.980439960597943,0.03763317535141422
3.6181154719942903,1.962977874754463,0.027603252673602884
1.444533856786776,7.581164052095836,1.3810622458069073e-05
4.86820759128266,3.5374237749178743,0.014742420060107394
4.2976831351085565,4.275089463556746,0.011171703119656635
4.578264204929062,9.398531838347875,0.0002971215783679056
0.0961602967577424,-8.646764860624971,5.964353052684467e-25
2.8493607565740446,-6.2477287316412,0.0018332208880430093
1.4732512097727335,-3.6375541383394765,0.009642114495390444
4.245143174678315,8.921346873141744,0.000368870032986242
3.1642482845748123,-5.428899484792682,0.0045570790598035375
2.694385021605549,1.3018914555678727,0.0385466954391976
0.5729408483780285,-7.644777390572058,2.0271349456004345e-09
2.7011140239309537,-4.586655925089946,0.007476829572139324
3.159520731782133,-4.477805705742986,0.009076872748185695
4.779561546551022,4.169325258540475,0.011652171184595102
2.925255052119348,-7.823418361265897,0.00033823227696523677
4.8370030087282725,5.139689881372693,0.007462532594284631
4.808030578033311,-3.929076283436313,0.012818023675859302
3.251001679167987,4.66940844255361,0.008138509870496411
2.5295399205904436,-2.6687776917149675,0.02454396931262679
2.3301087191302465,-1.471978825582326,0.039976778292528714
4.451892805578913,-7.48338480192416,0.00150443636550636
0.14128341485878382,-7.863161808615526,1.0994444779172211e-18
0.5690409901178578,0.8368368089862077,0.0842949399150169
0.5103586455957593,2.741403068751822,0.009208691603811063
3.784676625605274,-8.157386593443373,0.0005521416096631687
1.6982551192626738,-7.211355124232051,7.644167441812441e-05
3.1898427237035047,-9.35114497953065,6.810170578747429e-05
3.018914519212828,-6.751826042762934,0.0012518668703822345
1.929139848712658,-5.5484495825233715,0.0016339069857716812
2.657838611211993,3.8140619090606283,0.0128713540941681
3.2256926678583002,-8.695707055667485,0.00016877935363992952
4.704751649390691,3.7481301827343554,0.013814002452408438
2.878170364304907,-1.8914305267627984,0.03185576317136289
3.0718375588415716,-7.1409255335237365,0.0008693850778595527
0.33927908851887734,9.646583465631608,9.007356446036695e-19
4.76107907380056,0.08538044165892167,0.02773993177745942
2.640409639546931,-4.116314449404781,0.010432125428203274
4.006367099299609,-8.889896571224584,0.00031299777012478385
0.25145531573694535,-3.7135671181346197,0.00014225501890813275
2.104550678685455,2.2491246258416613,0.030859214500151888
1.284877295763508,-5.084541762249149,0.0010529599198271214
1.3348794934429498,1.3848290191982304,0.05136312999277697
3.9572686498046474,-4.434437472088959,0.010201843689568404
3.1193336263442677,-9.110911451689459,8.431002130479046e-05
2.19872655921424,-1.7366747619552712,0.03769752033071162
0.052928697931967084,-2.8675942457962833,0.00020406350515277718
4.824639714727649,-5.08219680860053,0.007676296162294417
4.8101162667786195,0.5794366311874395,0.027028069281939234
1.0877610514001923,-2.20754351355591,0.03119274723974306
0.20673186158278345,8.998909355960418,8.140625687855626e-21
2.6509968150595107,2.4245824683051502,0.027138179121785157
4.757054073082037,-2.8369171414259187,0.0185821768579982
4.551979228824675,-5.713266131088353,0.005291413771216291
2.923314319446983,3.302477172887336,0.017747171304122428
1.517744253268536,8.402574382967025,2.978329040643187e-06
1.6498044188459797,2.5422622144769633,0.026280289317775467
4.489567757430138,6.5878448528761275,0.002971354714678133
2.458920178177885,3.6845734219594224,0.01357320820678776
0.6555811448357279,8.943630090169624,2.528903951250975e-11
1.2421273798680366,-1.8558218778401159,0.04060190504286412
1.3839745073374954,5.454504963182947,0.000718371742486859
0.6177334246595467,0.18371937443541242,0.09994377610778504
2.315221907606457,-9.010170656887432,1.814645248367826e-05
4.580254541374956,-9.734755194928457,0.00021329250015009594
3.343912714961305,-1.4975306995038569,0.03230294478315546
0.3623696212442806,3.1994878097856265,0.0018870207665565152
0.02747408904581361,7.265450747728515,4.1889907018568354e-22
1.3812383373462715,-9.347536805480658,1.0424725171967772e-07
1.813464673969702,8.836882026510576,4.519031554388882e-06
3.883748345233879,7.695210239775552,0.0009286103783117386
4.835027619651833,7.472344091958572,0.0017566401648979899
1.9378358671177183,2.8533956192290493,0.021967717222633874
3.4334501490843055,-0.6668387533813664,0.03586348738757532
4.974509536764816,6.079878880703188,0.004536772830438906
3.728332919375072,-5.8765160157036505,0.0039424821996557
3.180947745429222,-4.154168521235824,0.011169616707295231
0.39037427089152144,-6.546134001089263,6.522553360464281e-09
1.6160760059736512,9.959636241892117,1.0542407901511455e-07
4.566960792285784,-6.156374324714287,0.004036369148375987
1.0050274084045285,4.015018372484395,0.0032541440651117797
4.217951796366041,-0.7585546058619226,0.030045524497124595
3.4816184254025275,-9.334094301450486,0.00010663127029592585
1.8316218541537732,-8.374729267232306,1.2678897473991435e-05
2.6458713485632828,8.588567289139494,7.737842446245374e-05
2.714032343764068,4.890853751696598,0.005888090828019178
3.5702689253694313,0.9201956981326713,0.03387138461624469
2.5827797054959807,-5.81070394942472,0.002331424681489237
0.6653799509208314,-9.87287721098308,2.684745132021726e-13
3.8672733576095633,5.452998344235112,0.00550321540962606
2.031362484530594,-3.7540276584837162,0.011534189108316975
4.815469451059636,-5.719188406598123,0.005463456969247716
1.417568911465172,-6.553769457567416,0.00010735992131263648
1.315393901482923,6.175927695628669,0.0001585176630102972
1.667536978375913,2.4126581237601066,0.02861668633796934
2.8615850797931275,2.8260155612192346,0.022416155137559145
4.474348701004912,8.508745189752375,0.0006377690562797528
0.881408200700074,7.8359808715888875,1.1028536862945773e-07
1.398393987996101,3.6092246971466793,0.009391401357620356
2.9083992157393093,9.220538747189565,5.027509208554563e-05
2.2716712108075754,-5.420779837673608,0.0027245684170872976
2.236614436278627,-9.607955338761368,4.724822336045627e-06
4.103671310482032,8.434135558555031,0.0005350168240323812
4.619391512556806,-4.713440484998371,0.00912598214206502
2.4065348303494094,9.462059343448843,1.0572516530947425e-05
3.436758977236369,-5.519218822916654,0.004680945582678544
4.005293555136969,-4.4308080921933275,0.010248880423734348
2.5918320519358193,8.188996455500774,0.00012548472561163852
1.4715820447686767,6.253103155349848,0.00022498635610450799
3.190422988611419,-8.052175482681003,0.0003523536944734937
2.925545501530296,1.5094249705512048,0.03500559895846852
4.507814098698052,-6.8449678755300365,0.0024907067097401417
0.26203518384928015,-8.5665684945081,3.7406020921774035e-17
4.550656935667334,2.247636576093054,0.022256762049008123
2.672160140826798,-8.438949593001531,0.00010117037553966884
0.07838058024956962,-0.5621002828791877,0.13612608769939852
1.7235108938389403,2.290255225207522,0.030828911670433078
3.621667819376599,8.782053433919604,0.0002431945606233111
2.4421654396791648,8.425443981917923,6.545971767170277e-05
4.900795187204962,2.149149089768194,0.021570661038560947
2.1130503691552427,0.05425038221053491,0.052645308387663
1.6331761481300389,3.0078236450637235,0.018621984098125977
4.108359672147841,8.499309856620197,0.0005039011680790336
2.739533496790157,9.818808397681352,1.3862710308189474e-05
3.4116328953127946,-9.338193341811671,9.645272294469645e-05
4.028511690193388,9.391041775273031,0.0001868109994398023
3.3571377306281014,6.063719588808425,0.0029437082173456117
2.1120374738433227,-8.499903203954478,2.515694062861404e-05
0.6239822394715033,6.003357568178245,3.348975453212707e-06
2.9012408328565025,3.2526582068733525,0.018207126355569318
4.487166633646298,8.114758827151622,0.0009080931808035944
2.0944621325920747,-0.8440543665469562,0.04909350552514393
4.553626174214203,0.0667692595620224,0.028930314978414435
2.51763909891201,6.746266240213949,0.0007659135542729985
3.104207812212383,-0.3242441096142574,0.03971804417967619
4.164942380278214,0.5273580276064411,0.0308899389812897
2.8229855482036075,-5.112822420080962,0.005128806103800778
0.4548466964778175,-3.391549758717394,0.0019246539650558427
4.904897004001976,-4.247032492342182,0.011245211003651667
1.2292465095641685,-9.086735642666714,6.32730032264736e-08
3.5525266431509928,1.6606757952047104,0.029987124091696977
2.5255671930886936,6.853030076848825,0.0006784514311390496
2.3938631840885405,5.406253069963389,0.0030524513231491917
1.2197040943344573,-5.068287208684574,0.000924188917512121
3.6107538285005205,1.7261937803327427,0.0292451162207072
0.5639413241549363,-0.19138687362756635,0.1035918924987824
4.952266546807426,6.331078458831779,0.003893038763008521
4.226867685536019,-2.9304015379113864,0.01917269112945191
2.6725447000289604,-9.268060978564328,2.8836897870066975e-05
2.1227647802900473,7.74551624040506,9.440718199515242e-05
1.4323231622993382,3.405608561641987,0.01192116379346879
2.5079573547038376,-6.36283079416444,0.0011939151034288012
4.39708731012084,-5.885916843142209,0.004634795827237821
1.375032003503418,-2.0360029008317992,0.036131899827890925
2.5026872940156797,-0.4722353232380385,0.04598701808560433
1.1727495103351542,-3.393997176211208,0.009850160036339047
1.6857455683247573,0.31340902995184194,0.05995915861442186
0.9513025446166623,7.849005003945713,2.243028496953478e-07
4.952695969605939,2.5992141495925036,0.019311038153430243
2.8574872323122777,-2.6094169979589914,0.024648592323804758
3.6640756201834774,7.20886160382927,0.0012676830478489554
0.49124956726018354,3.914461019503616,0.0006298900047935912
1.830587750371579,1.8744769655535976,0.037848453745995804
4.463199015236608,0.330363311366602,0.029308506266736693
0.4221916321197394,-8.243259003444116,1.2367921263085242e-12
0.8274161416980658,1.8587027515422943,0.03978584468000502
3.127088051755843,-2.0348144399088746,0.029295755429155676
3.1139449705211257,1.0065808845947206,0.037037081848046355
4.191135222269648,-7.518699582902961,0.0012948207918317286
4.677463819357107,5.72355112690051,0.005354555895724592
0.7099323771263188,0.23912092865008105,0.0936656756860198
1.2968690926349975,6.618611149751992,5.946187071649662e-05
2.1373070284662794,-5.863754807600625,0.001427159877883932
0.004516427606248152,8.761683219108107,3.5402620099956293e-34
0.34907151479847465,1.56369386694357,0.04497305118128543
1.132456389705108,-8.486285886246055,1.6769032689008271e-07
2.405509820079059,-3.7256465893702773,0.013059843613907884
1.2576136908430642,9.653698150727216,1.3954211440492063e-08
4.3834094611152405,2.266682387729981,0.022713631092417072
1.6213643777100555,-1.6050589641288582,0.04405933688975653
4.623114060713143,8.313828306995589,0.0008228497103367699
4.87393630367355,-2.7743076348410556,0.018639524801432775
2.249307669537894,4.94291521166147,0.004385548308616974
1.1356440844966182,-7.074698374568187,9.0787546017989e-06
1.4583306671150165,3.9431939165469636,0.006794709296838986
3.881668408297231,-0.17120505881207748,0.033311048489432483
1.3667485389629552,-1.5074151700457215,0.048275197673796615
1.902914339601423,-5.367816384680763,0.001984965233576884
2.392879292409249,9.749117028933338,6.0315764149386855e-06
2.8755555823499206,-7.527612960254961,0.0004563103302007399
4.980502201506191,-5.930162006654179,0.0049481477268631825
1.1610487758179615,-2.451773471093885,0.0258387803103708
1.7671185162408443,-7.37759251729832,6.937380335012927e-05
1.314455885052555,8.706489484063741,3.8458148302440747e-07
1.8055671832185516,8.207627814510424,1.6104196247941566e-05
0.5040225844731028,-1.236144393623924,0.06597663880757741
1.799048836205236,-0.15198609252437656,0.05819265230587668
4.439325157321942,-8.758188050295884,0.000496191425404025
1.4929492392322452,6.787457323346274,8.804512339557756e-05
1.8596738992453443,5.609750759455828,0.0013726858406041722
4.722370822189673,-2.134221096041557,0.022241819293714216
3.641894981634341,-0.45825471110160265,0.034745261155002614
2.583693574090242,3.1872359352742645,0.018723668666395434
3.885963642017203,-0.6884192637297648,0.03239704764027352
0.6158982442725197,-4.536192118994798,0.0002657026369105926
2.3224517661042117,-4.050291138634366,0.0100363438489877
0.5911806436793315,0.3462601604090505,0.09917572387961678
1.1680907250979,9.890620615597008,2.4191749105077174e-09
0.709336298701293,-0.20148642514586435,0.0941052614638495
1.8090061958456967,-8.884051601071207,4.006214051707978e-06
1.9081966019796293,8.773908325425879,7.539321037401076e-06
4.736542909166205,-3.8805820781636218,0.013107264753446273
1.3206286559376461,-9.203492465317762,9.75472523840884e-08
2.3621442265825845,-8.554284772084323,4.439841838878481e-05
4.056897019817434,-6.577307917808424,0.0026070679122825848
4.078087932183308,2.683128140508712,0.021093353388326137
3.7517159351751013,-2.640278350859518,0.0222230920341785
1.4391688107003646,8.346000822470796,2.2204678647025262e-06
2.474858097056785,5.865471286917977,0.002013761115955975
0.9310579759336163,-3.5832632091729906,0.005534518188582894
0.9419976139140213,9.722316046139447,2.047595898035402e-10
2.1792060656915546,3.3299759659683055,0.01648214413105565
3.6929611062147054,-9.65122481097634,9.480420886474798e-05
2.6329212999891896,-0.7382350160865432,0.043173016956982474
4.433416104237262,8.206477496423467,0.0008145507427746761
4.1545439888878795,-4.080793049067699,0.012221389548490922
0.1580272141020278,8.537327799096705,6.212542316175657e-21
2.84209521433108,2.3072630848658413,0.027830350272458414
3.0458063217782154,1.6608728305715665,0.03295098180582211
4.807875721500407,-2.6834579346186853,0.019259066021650294
0.11618313354430865,9.13847221331725,2.830220749892779e-26
2.6555188548431445,-1.3876765955581156,0.03811559933383878
1.023906809679262,2.6877247950568677,0.019376786169326945
0.2683145314579455,2.7417073825321054,0.003601140567785922
2.9374426236586166,2.8678677071663614,0.021905397718544387
3.8630207181640124,-3.879144435442033,0.01342538771845936
3.8743272461259393,7.294829624682965,0.0013279499150741117
0.15144205077953388,1.872070810091703,0.017528614333574215
2.0347320013579466,-2.2310883618375783,0.0313087171625842
0.2225481357431025,-3.5545128086359785,0.0001778972911661001
1.2391932349538486,-7.726305179948081,3.2168102783430963e-06
0.9644035137897417,2.204849836972752,0.030290423237277368
1.0759128962107862,5.652148858726147,0.00018880940353331867
1.6955920701726428,-1.5506841148386243,0.044426875427742554
1.3870902091799913,8.313216979900144,1.7754159651060453e-06
4.8113995566379915,-7.489286994487463,0.0017207471894991112
1.7620356000469106,-0.24221411611916643,0.05868027035649768
4.470862576464859,2.848516141511313,0.01915181323852987
0.9052083576046255,1.3920822271728426,0.05587557253467601
3.8187343359410715,7.789886202270321,0.0008130648615602849
0.30672768012321383,3.6806691136401177,0.00029637660407062734
2.3138061473467064,6.500662619868113,0.0008044084069636663
0.027552201177629687,3.242518214446905,1.4597071091023286e-05
4.05145381534718,-3.1151305567091985,0.01829358918706013
4.752430180188919,-4.548324070312173,0.009885857036861985
0.17553685413572828,-3.0007731417508277,0.0007593094245554121
4.669231807366573,-1.8364371156813935,0.023814082768615193
3.869269457456765,6.536149470096795,0.002503367265654751
1.7943078939639767,4.218721015408903,0.006630807335671571
4.544382756114026,6.536847288800896,0.003123211127817573
1.4812863562545049,8.502727922416181,1.9168303101296643e-06
2.04647656117381,6.295943175992377,0.0007186705863054477
0.4835563109601082,9.245551496580898,2.4794804099431825e-14
3.28469480950072,8.997228791089928,0.0001249289760118791
0.1480041437113594,-3.580764314870293,4.9645857708453886e-05
2.4245263759951863,-2.1538588143731445,0.031099543476548072
3.4159592512626693,1.5041158886546206,0.0318089388355855
4.106188004745555,3.8109239261030154,0.013808371858106043
0.7497069481083107,-0.7058865840258317,0.08191978652138335
3.770451831243587,5.755380570481304,0.0043609237156949
3.5953851177751477,2.6401362570229487,0.02262450152304801
2.797852670598921,1.9174055795140035,0.032027857660213425
2.92322298893932,-7.092097620169215,0.0007967579114936068
0.4563536042838906,-6.573711385400742,2.5899672962822508e-08
3.0023552162019014,-3.7342554187681483,0.014060301218170248
1.9076110353541615,9.249500081101125,2.7862680159611156e-06
4.337904256708235,-8.475793039822703,0.00060355234104104
1.565494408679951,9.205024754323766,5.43478507450446e-07
2.8829753868176233,-0.4578553716796758,0.041643830799309965
2.132856998505972,-1.2807749361033967,0.04406349660624253
4.381309691251565,6.937597278078336,0.002231175047230201
1.269583334945945,6.6295229602207755,5.173083431545095e-05
0.3940118015473021,-7.320319823361245,1.1071910129525206e-10
3.743278604915698,6.234887997947286,0.0030187181366901463
2.0644830845416076,0.21406725003513571,0.053206411427634014
2.9454917956314572,-3.5374581032590697,0.015654297831994925
0.13194665856675558,-7.8324154168982485,5.815826097468636e-19
4.7605489569870105,1.8445547689914719,0.02341979476810029
4.388091886924882,5.606630115940289,0.00550058377408878
3.1193395028863873,7.7134903126328105,0.0004824969844803346
0.08514921056309022,9.432382056125036,2.578494477413022e-30
1.889882369914383,-7.5362295777584976,7.43137239107845e-05
4.893982688710745,-2.064319992765478,0.021971611112113456
3.4066517937011733,-9.026470806617258,0.00014167129847314838
0.8049393065670957,2.7148796679015064,0.01566224754163074
2.3029837432725033,7.753392192887333,0.0001379991380655452
4.83368871921743,3.7452613776262016,0.013721711578863713
2.6735408720829668,-2.2258172803251375,0.029305223056688992
0.12307264014912278,5.198477119777245,2.2082062442994544e-09
3.0988604213798885,9.932258864435457,2.538862757905654e-05
1.3560826546557991,-9.977559212590677,1.2834448920620167e-08
0.49422975938452185,6.561116206619062,5.7875248975509866e-08
2.0145422236594652,-3.4745676626171758,0.014328369713434885
2.792615487161224,4.941329407993676,0.00583177066840345
0.08520359023901358,-5.2591827959117765,1.8827682404363357e-10
2.7952340431797373,-5.963591906781762,0.002337725622800272
2.556015734198187,6.191962733931959,0.0015185783482182004
3.9695419154938003,5.347763372856452,0.006013100556957944
2.1177490840769857,6.224409817371594,0.0008795864652577402
2.767252148349431,5.146802732478708,0.004861897333962054
3.7100465202856316,-8.082759082224538,0.0005608255611550935
4.485729358909728,7.657568317221518,0.0013277692192071857
1.9001728801184377,-2.447649020518117,0.028101094821749793
3.0081674789157327,-5.606709738039191,0.0036756894850413367
3.4730545170819087,1.35133922398256,0.032393903373670735
0.21635338221098088,-3.0827048733160467,0.000878614264987708
4.003802542430674,4.197395487127441,0.011535730049813012
1.8871509260769692,3.8923722395774885,0.009625668653050057
3.351194707218049,7.002149064695018,0.0012531745809916102
2.3583203310247454,9.871171150605598,4.299052347801614e-06
3.5116957134585363,5.991278600448728,0.0033400241860303175
3.6216548961788946,-7.1690205564522,0.001280821526519842
0.9578550674323366,5.252855899137982,0.00027359922175659347
3.3108711714322525,1.3379907677195106,0.03356196949727215
4.256617189410436,1.2636248190549733,0.028167169947684943
1.1778360025248742,-3.2550870875029254,0.011636223442490361
3.7909173494693893,-6.785340383324268,0.001972747475791117
3.169125565776118,-6.538961176391567,0.0017283722754544235
4.775630172362819,-8.848009874539883,0.0005632287878228267
1.301232886458804,6.106996498984827,0.0001728924908976254
0.7713888882900177,4.878968559686218,0.00027008666565183454
1.5606050764084993,7.134572155194213,5.635688546020675e-05
1.2897938909895934,4.082862600982855,0.004729754380667396
3.7841638023675643,-6.6442799388265,0.0022112700052564025
3.6655465192339913,4.7191803960639,0.008450280946132862
3.348424504276669,1.1570386307220932,0.034366114370337875
1.081895572292439,-7.826540933689314,7.896005016194821e-07
4.309034037195448,8.102446992106437,0.0008317159391997486
4.7828577792946385,8.046342053222205,0.0011083183107456714
2.6580290905432227,2.557284093353779,0.025621162068857655
3.2468636531469293,-1.6071756041184155,0.03213301957596444
2.5034604951028108,-5.241517935780509,0.0038726614227712723
1.4177885755130193,-8.047989486039615,4.0812882187386505e-06
1.430738019983021,6.119989978339554,0.00025445636419635083
1.5671026136745658,9.335061557154024,3.938690414613555e-07
0.9542500208207699,-9.719187357535526,2.52100274286919e-10
4.509618163146588,-0.41277426029911624,0.028938568707301413
4.291990670233429,-7.879284248038685,0.0010021149757777773
2.308196806594184,-1.6292191619928982,0.03829434025227322
1.8362570628008523,1.6122558910866953,0.04219794571025437
4.695391782735493,-1.4179867946814788,0.025400235884195904
1.1118673461640505,-9.655530338416835,2.8315706000928967e-09
2.767709797334008,9.756895352149506,1.640158120864178e-05
0.2724907777108132,8.516085207834916,1.1447089378562696e-16
0.956010985087245,5.447462154740592,0.00017630574075900999
3.020134666797549,-1.9863820228828803,0.030237821307056205
3.3109182642208483,3.789803628459236,0.013883746872084823
2.9049790933661983,4.195367529185853,0.01043820381673139
4.3480070799964485,-3.1949071760460406,0.017332196070821503
4.967026104113735,-9.206269720815207,0.00045887527739595763
3.819309210764556,2.4462903419203137,0.02342612851028683
2.3254589207187943,8.961674905495602,2.0318071530764403e-05
4.169673347270513,4.955745797309259,0.007814336239757788
0.6019369708300082,-5.4402522273936915,1.7250434098283476e-05
3.4163534822296486,1.116206028828417,0.03408917846235134
2.5916889372671696,-2.1957053776170437,0.02995390472201072
0.890329431278592,0.9300105929527156,0.07087076925609721
4.86466808640107,4.481189809082197,0.01018691796844854
1.6921870988937378,-0.26565690780880225,0.06003692730614211
3.0771170298169173,8.246325224117633,0.00024334756266077449
4.39297118762476,3.842293758245077,0.013507872381648148
2.533444219574103,-2.953623171097721,0.02125154325235402
0.5756892508821593,2.2466765147854613,0.02253532859354757
4.09369542173645,-0.8924655610931769,0.030435080564019678
1.7660688352940024,5.8406167789029535,0.0008588804961195124
4.915334344459194,-9.851008447396968,0.0002455738039506556
4.41912723222279,1.7113102349453673,0.025430918504908362
4.267246666744786,-9.530171976836142,0.0002014873136719835
1.7812658876894971,9.586687921345614,7.183661933938734e-07
3.785648889045328,0.15065083045089978,0.03404270601545497
4.931645315007945,-4.424009877499726,0.01043490324494555
2.6316080597566565,-7.7860097173354355,0.00023538093368588977
2.353660774776158,-3.1660957444409448,0.018705887798351556
0.07332910486035404,2.6815844436213894,0.0006718880058090747
3.5010188436746814,9.457766422520507,9.37039042227213e-05
4.29238784300927,-8.111993229543552,0.0008167008953372885
1.23728593040915,-5.795260025321807,0.0002560476699821984
1.575122885573284,-4.461133304309152,0.004140249716658686
2.503385106630782,5.320082519119056,0.00359144352012139
0.36040078680758425,-8.42053179505241,3.0158878833337925e-14
0.44821238049368495,7.887946823661039,2.4167643527586185e-11
2.105553794440404,-5.62026005988852,0.001847431337842237
1.3060947635171083,4.360551935458904,0.003315611663556965
2.0301865126638425,5.211035290333772,0.00275318033294984
2.27193149049969,7.861674183928862,0.00010954944596594675
4.881366983695591,-5.849221620335124,0.005116508315999071
4.721299100514186,4.465353550007276,0.010262276958340014
0.6986507576988304,-2.938480499356011,0.009836988544064592
4.412929868661232,-2.23425805994403,0.022792173295306587
0.4010333116503928,0.16624113653788086,0.11780747030314859
2.5381773485887704,-7.376525468956892,0.000353363780418698
0.8195495005488268,-2.825509427546913,0.013783968755234839
1.8294607267846703,8.80978702127797,5.11971510965073e-06
3.716701128243323,-6.387425435685426,0.002646337553351751
2.1225273967842497,-3.6967209593507855,0.01244029506916237
4.034756437856669,6.145566834165614,0.0035627664360906846
3.5940785551877092,-5.0004261484291295,0.0070030160846840635
4.714197231055081,-6.70419154177861,0.0029127784370076813
2.6707801029293865,-6.189710189121298,0.0016868486080152273
4.010739769938977,9.713528295510567,0.00012786374210978994
1.6145355316852594,-1.733847798319026,0.04164288848392161
1.7287292254493232,-2.0806534147507882,0.03460897076029427
2.002552317907527,5.140360333999098,0.0029045745022140117
2.0545786714904453,-8.745206465346925,1.3378370434057053e-05
0.5162661033298727,-6.609243008407441,7.014469085538362e-08
2.5954946966593178,4.397602031474921,0.008361779577221356
0.4840160963451279,-3.60697466122571,0.00132337902254538
4.44881067909882,4.0335662116431585,0.012441132307106376
0.3092239161164656,-9.542793120400173,2.7069415470792e-19
2.248472151546544,1.8071923750274266,0.03644080353997361
1.4234703319521524,0.8849149746635803,0.05964377412770343
0.7743470782723955,-7.10287249342465,4.108805099314792e-07
3.9191834542110615,-7.62528274513925,0.0010128838147429558
3.574661994597628,8.563083966072767,0.00029640449273137047
0.7297394509075655,0.10033876658263097,0.0936778275337589
3.163828205531551,-9.001989414492604,0.00010440166580664688
3.9627758366522303,-7.0288432121513145,0.0017471707484015473
3.8666611018494343,3.45105641206937,0.016243864459968168
0.4613979883168079,-0.464711144218688,0.10494122572606214
3.4275635952288814,1.9532557264555273,0.028557841592571527
3.5801196044178853,-0.8344983157956634,0.03413268843855263
4.310831335210136,8.510299450502682,0.0005742897105456262
2.5402216943249334,6.504974553815945,0.0010478594963786894
2.305470001516787,9.6028899794571,6.000706687181795e-06
4.8255816245973495,8.784658834271035,0.0006122208966643072
3.9825612786937676,4.5739579733648235,0.009485719949160025
2.793654954032445,-8.94939157957237,6.024735720029562e-05
1.6530853565563974,9.982035533139463,1.270050970352834e-07
4.226189980017553,-0.5336260868269012,0.030485802978490444
2.277181947322023,-8.780059287271332,2.442548035679837e-05
0.4634259607908031,9.828466210052856,2.2500809784702246e-16
2.274521363567199,1.4075343524288648,0.0412025999207844
4.359841980750732,-0.8199195450205927,0.029038742758764897
2.241410734472227,-9.604211383338734,4.837856228076018e-06
0.0717457387017506,-1.4319766108698246,0.03557655862247335
3.057426619582348,-6.334585056237616,0.0019508134848066063
4.979150017056994,4.378979843081488,0.010626731007982676
4.086242920202559,-9.842661949528486,0.00011975311295437486
3.0861897330907393,0.6607136101323352,0.0389167161948988
4.571994433989425,-9.125675632698037,0.0003843381318773533
4.06790840825531,4.296599918045471,0.01100274337251036
2.4931967637002024,9.060389856186667,2.651599514956129e-05
2.9561014270369093,-9.133589035043093,6.216621509184569e-05
3.6564640460150994,-7.9383167766631875,0.0006221018602809396
4.232130819894324,0.311859474870694,0.030768245013205697
0.290882011883557,9.649242088223666,2.6968938999459478e-20
3.8740192858057556,-1.7708653837840025,0.027639626957866502
2.23751719989101,2.311459091085313,0.029630684645471167
3.303992801507704,5.233066606400751,0.005553239984085548
3.8231650547942504,8.558401784328566,0.0003771865886156433
2.6975096251372417,-6.459666978153631,0.001291416257421608
0.7925742529019952,8.228520306410473,8.041951602539878e-09
2.0476341575913306,2.5284849429826313,0.02681159042067301
0.38436496876189885,6.112138323146624,4.877021406792298e-08
3.4465034557763192,-4.088895551277664,0.011894676225406124
4.768530909815417,0.002019192586883989,0.027708750620678253
3.976264061120935,-5.820816197316039,0.004404549554717812
1.9489321139355935,7.092082671135916,0.00018229569643124513
2.9214574800274717,-5.908418149798349,0.002675366500553848
1.5210033792343458,0.9665355715467321,0.05656687621754319
2.7052279977748253,-1.6417357325524051,0.03533410454244769
1.5036345289232012,-9.008209735889569,6.145863547997942e-07
3.69162378399305,-1.7570470155418523,0.028628504884475738
1.2967075399351273,5.687948386521196,0.00037837886113156803
4.820101952169472,0.5786504200488789,0.02697658300340604
3.309743660867657,-3.904062186823176,0.013051854941683283
0.3438892384192188,-1.0917336913791171,0.07591276860111737
0.05388881752846575,5.485311995466269,3.2078058796037564e-12
4.985231721025502,3.363075195679663,0.015468993983563502
1.1025278910789678,-7.781935175516774,1.0598265701016273e-06
1.5628137422858879,0.6249315638853066,0.060195074313259656
1.0420700710105417,-6.026095220147658,7.040808162321522e-05
4.640508862355912,9.568146182256118,0.0002638214736599921
3.2600642983430705,4.772507460496858,0.007607199773260116
2.521931617780554,-8.379984100684917,8.288536268878107e-05
2.788254072462852,-5.0354148162798,0.005388983700697984
1.5893642364959364,-8.43748648775508,3.948048107946135e-06
3.070875011819207,-2.598072846824346,0.02428407151178366
2.0980018172746595,6.45369108978786,0.0006274772800837547
0.9961407321208959,-8.664889033111587,2.3300532655071695e-08
3.2830254985494074,-6.6928560122159375,0.0016097914612802102
1.8692028462960604,-4.651095126354958,0.0044404069878569595
3.925331895585808,2.4816060328260043,0.022858083143852813
2.076974787547635,9.493668957167834,3.319443168414821e-06
2.541356875230982,6.454641313411088,0.0011122620460822857
3.9373323959044813,-5.981469661879222,0.003893547707398976
2.2393904645986558,4.201256133494773,0.00860750412312877
4.831105675620822,1.127755044760912,0.02570585181611351
3.9651433359755583,-0.16744269605325357,0.0327090296888736
4.132152026574893,8.167716140086608,0.0007027992246572149
4.769602333518638,1.7625951189838815,0.02373152026539755
1.9442531442160371,-7.255806504140622,0.0001380102388964917
2.9004013209108543,-6.700644188870433,0.0011953458096633834
3.4679587039780175,8.43946827771046,0.0003050003895257517
3.367292417703154,-8.395896083676778,0.0002875858888844464
4.764683972805098,-7.241717791652407,0.0020300711638378513
1.4417431693916727,3.062273676200544,0.0166488043839989
1.45680764312996,-5.513251771991303,0.0007710622183619324
4.590022010195733,6.521982068222915,0.00319184138203974
3.996528208632798,-1.6798704425728754,0.02755910165414823
1.0167831203479887,-0.3520037442392283,0.07831964844545777
2.8502343904638385,-7.427236846461529,0.0004995971900341162
3.7288186704816413,-9.436727804932932,0.00012827575746748862
1.7651819522375456,5.184724644834745,0.002103159747458353
2.1719112561069505,-8.520205924903903,2.878928347057432e-05
2.876983058304465,2.803180408676697,0.022628509124994506
2.335542787741053,0.7506290268868998,0.04662644825441507
3.765211950345164,0.36981092775171653,0.03395678879119802
0.029693768415348654,-4.006299556738513,1.1086401080759774e-07
2.1731626219552522,5.120572713421925,0.0034561228401188667
1.687906876644358,-1.9877289723061544,0.03644729625427139
3.0458202641491345,-6.974908563804886,0.001014128724982417
3.8797922094067983,-8.879137192446557,0.00028237933796929125
0.3807258110076511,-3.1490400842507,0.002379683241336688
0.790298668005962,2.161099589001825,0.029489317511025393
3.3254081207101667,-5.593558136169145,0.004254064755574076
3.6920122050770847,4.844095867461229,0.00786144625166207
2.9410088853941767,-7.825483734699841,0.0003441032381248571
4.914016744839632,-0.5607048550337872,0.02651447820759139
2.497307445532873,0.7340850664919429,0.04475000679623668
0.681461675488218,6.420241925338807,1.5176374150105097e-06
3.4314553018554,-7.64104634084368,0.0007015425160423353
3.0103776109739906,-9.96650011852358,2.017473133784707e-05
2.952107375151317,0.6741942350257357,0.04014779316603293
2.729268176231991,-6.985498556317092,0.0007346764689745871
4.695478547747695,1.4338673269167312,0.02534175378968338
0.64578198413279,-9.341943884811393,2.618332461873861e-12
0.3659864926248918,-0.18649960877916172,0.121112544742854
0.7705858468865989,-2.1851998835678588,0.028452263815414176
1.2249510495247522,-6.875052351256459,2.415779725774144e-05
2.964731597182346,-0.6430551726235674,0.04015178466043481
3.0621262454836717,-0.4566118339293812,0.039822225464132485
1.1630093872854212,-8.642371313233888,1.365529624312529e-07
2.4461274965546878,3.5381558568927662,0.014937272660620234
2.4103092638386743,8.273999461802333,7.742412889623424e-05
2.265553831426125,2.2688546700618755,0.030137824572403108
4.017726474563291,2.5438258911525686,0.022171063193494624
2.358465349378159,4.968061106797482,0.004592436905164659
3.79182747978083,8.721412172138848,0.0003081700488282811
0.8324056590239903,9.649540199751108,4.0424115567751846e-11
2.65983672036584,-0.14630249490105207,0.04484889982859187
4.120523880315978,8.900156680880109,0.0003411597166248177
0.8885829195812883,-2.8151471875471294,0.015048920373698692
2.324610843488312,4.5528960370701945,0.0065998360325443955
3.0453965801785836,8.735913703286286,0.00012427747616513751
0.9238728741864366,-9.675344452376809,1.8479768210573652e-10
3.7838280295570152,8.41086484442372,0.0004253224829376712
0.3949812389815871,7.7010022543530035,1.2440201732145812e-11
4.732077544538594,-5.89028394754979,0.00489407870268186
2.3411074710906785,-1.80572800506663,0.03588848042817516
1.6806154318273825,-7.541607134282309,3.851148388360097e-05
0.5840350358132018,4.943736140536895,6.79840137157618e-05
2.162983215339324,5.548271203588332,0.00213634858985392
3.299020146953859,7.61883840862037,0.0006395490943596812
0.4724363957119204,-1.1709607865662655,0.06982566575323321
1.531345475838743,2.601229803388488,0.024871743839987533
4.180087913863556,6.872950405191965,0.00217544756306206
3.2309051279916363,-8.13243365503684,0.0003357075874930089
1.0318650592881196,-7.616836648244658,9.71201116951375e-07
0.8045489789654459,6.355693067593741,6.231296346265657e-06
4.5224251310045,-1.1606105257302808,0.027138079493474847
1.4351011067049217,6.057387756544749,0.000288564964709599
0.8975008444931515,-9.99699237838289,2.9859991951515587e-11
4.999820092713012,-7.69943840784533,0.0015731390518126092
1.5459591388895295,-2.6331347126437077,0.024353266758084052
0.6237009390468184,-2.0468559880865067,0.030310516379847934
2.3087881487647355,6.675157614120025,0.0006383445703242226
2.1717255509924103,0.19564996658056621,0.05151153967394948
4.634012379151655,8.359290681047487,0.0007960637887043652
0.6710247373815237,-1.50604588616077,0.05264314195006461
0.45568203064653423,-8.660722947673934,3.276679348045176e-13
0.4648933545334005,-0.840759105590692,0.08817253629774659
4.521437329111182,-1.7798243257027266,0.02467342488586823
2.2468458898053854,0.9891450383479476,0.04583312415345498
0.7530326407761284,2.796583079118486,0.013184543762833494
2.969150491896453,-8.821910591154666,9.824433129257783e-05
2.6881167782541606,2.3505886531690408,0.02786404974655216
0.9920337387444966,-7.3545265938812125,1.5191493375436752e-06
3.015190697131855,-1.363736322430098,0.03550231270815482
1.7011561715847279,7.846603461530691,2.264164176763239e-05
1.1918538386543498,-7.323269438590079,6.766167192041237e-06
2.5520030544951404,-5.8248098678213545,0.0022426222927096973
1.458246307581938,-1.5396247316341398,0.046744656344251914
1.110699608806066,-8.792122575013206,5.209649043687589e-08
4.398612041498371,-4.274467721672104,0.011183232067275721
0.7788128828670865,-8.450617443482752,2.652120871077188e-09
1.4029498864241625,-0.4591275785244733,0.06547787730809988
1.9306918992491284,1.4675744965562778,0.043613455819657664
1.3681915515001142,4.985647110043889,0.0014732967269678147
1.053553212888848,8.464787602400552,8.485860487590608e-08
3.8557304852729404,-1.247582117600123,0.03052761228951494
1.6450807936179075,2.5561990325380624,0.026024609103630112
0.5625647884966922,-8.798634182167117,4.747234210490536e-12
2.704475812283479,-0.49372343359983795,0.04348584185544656
0.6274424861820516,7.4001472591939645,1.6785665028767907e-08
1.7875980372046396,1.8455737416513145,0.03857533423458808
4.40913381136142,-2.4979717400353385,0.02132805205524249
1.8458059755310985,-8.21507459306356,1.8321546579282936e-05
3.1625448714412503,-0.028282422701073173,0.03945370441616911
2.5731276800431564,8.374066346746922,9.246435593132154e-05
0.6886242288898781,-8.522115436681394,3.8275175173038376e-10
3.245347988954176,0.6174283804936742,0.037624402181419284
4.280174984669031,-1.4735342905240962,0.02716550396976935
0.46606237022672026,5.189277188086374,9.315585489593155e-06
3.768400445648958,-6.976990471093396,0.00165602428293022
3.4510564075948906,-6.5760944527683645,0.0019830354621235818
4.33330287498573,4.320087025925751,0.010942267956916931
0.5204596606673351,3.5991502694489377,0.0016164160102821656
1.528476896983394,0.3536558703253654,0.0632352837427516
3.4714574361318706,-9.908838581744455,5.004118553688998e-05
0.11008989443325123,7.113295520304991,9.130765440078647e-17
3.670378388652443,9.74795345854789,8.17171479643012e-05
4.289892895005605,3.3488841482830303,0.016479993970285715
2.2665202618837874,8.664558912291323,2.8981600645685203e-05
2.1716495171332606,5.156292059474337,0.0033235211515081145
1.39234481034683,3.683238464081839,0.008608934293360803
0.025259350025436667,-2.9747300812859407,6.146310801885133e-05
0.9315175833317801,-8.40680669800249,2.6842109462636784e-08
4.899320592111856,-9.356582182283066,0.0003849880988490291
4.336430385606783,-0.9887693287506334,0.028693911958086186
1.332523193744607,-0.8092851677872446,0.06273645451404083
4.8187442856052325,-2.2762951351671017,0.021246388201501556
1.8385630797664292,-9.401539712213406,1.463332194812408e-06
1.4879268737559004,-6.013095262360919,0.000360168809264968
0.7640381772494259,-7.269710005817826,2.0195459019086835e-07
4.50805534755337,-9.745227968008312,0.00019879409386932374
4.934962455334296,2.3826712824645995,0.0203903648636976
1.6370570202634123,-8.02108070703718,1.228225722591924e-05
3.5171521167921345,-7.032209289660825,0.001361392463776311
1.6765170490477732,-8.017736741426972,1.4518247528951789e-05
0.5249536965272761,5.293308184102383,1.2793573490311412e-05
1.9634615344116195,7.667568069664213,7.2173117955928e-05
2.7578498038058803,-7.624119404372514,0.0003490573565334649
0.6150837958824712,2.3132986678427496,0.02153421172895602
4.091363873948806,2.3937728917601007,0.022918983243983917
2.4868155844664477,-4.3734701883161105,0.00821428102878674
1.171914762522865,1.770264500626027,0.042990868026648
2.963797892714717,-1.3343650157604792,0.03610953719769777
3.9662965302720106,-7.847095012740293,0.0008503877234855041
1.638121745259879,9.164941325319067,9.136275280310399e-07
3.507381622002972,3.57270885068316,0.015538063131777052
2.139295899903437,9.079190203589878,9.37825137375597e-06
4.820255844228004,-6.979533852145254,0.0024830917334445475
3.854700433013658,5.8830735654448105,0.004078179884969031
1.7817545126101049,-1.5874836435271593,0.04305400303164067
0.08873979530881038,8.593722937330625,3.630651975559757e-25
3.28759947690214,3.7398191410915516,0.014243297947558606
0.9893607929242615,-7.05669113993288,3.531836343626376e-06
0.6093958782456638,-9.350508441326182,9.131192035694548e-13
4.6588822569839685,-7.487555164822435,0.0016299555115699385
4.999744851074584,4.253795543232371,0.011183148642569923
1.3494441028219257,-9.789163718239372,2.1598460530887982e-08
1.50884276082969,-0.43470999599889915,0.06312377546402992
0.8249446961908435,1.061066467534669,0.06835394335064801
2.2884238796481187,6.245351639298647,0.0010716023131026814
4.329218799178738,-1.0681029947889975,0.02847994997628324
3.5075297606243887,-9.890266094698088,5.417404258286362e-05
4.231657790382938,-5.624356407696425,0.005298400673742669
1.1424082783679024,-9.048914135367674,3.116399624192979e-08
3.6522803370424004,9.619048098426887,9.361807209791017e-05
4.5926331419803015,2.76844669634486,0.01932712809145733
1.407080571071952,-9.96159944594783,2.1249124133276075e-08
3.4532677179559257,-9.229416109973666,0.00011704058496148052
2.0032870584492724,-5.489559338226226,0.0019254670659575716
1.451133225794613,5.577110430020483,0.0006861324237218947
4.848117343771747,-2.0196162908077975,0.022329425287118745
1.7431661498414637,0.10725021167943893,0.0594151124878747
0.5392484063034364,7.450175509504909,2.4681188084982352e-09
1.942946048101678,7.824858539160541,5.172044560278124e-05
2.2383914547999115,-1.4432357327055723,0.04110986633287711
3.7610541274961893,5.203189552791073,0.0063415746202809195
4.7495713347350135,-5.316483814745821,0.006767730382522521
4.085284918971063,-6.496272008937827,0.00280005548589703
4.6547065562755305,9.525885731616867,0.000277849755482596
2.3753006498746556,2.7640202123874253,0.02351233078890198
3.5965828411821708,3.1457492538440484,0.0187045732723414
1.5452479250620121,7.556757617171925,2.2502863022628492e-05
0.34793554259508974,-9.459311960182706,7.062664607617924e-18
1.8273676266299677,-4.282232242638344,0.006360212467089106
3.4895761416414883,4.383400333035727,0.010096706716438525
1.3731105512402186,-0.90753618742683,0.06026963192953244
4.307029478207605,8.857379191070244,0.0004115468520128164
3.9538642499145094,-0.9885100716189079,0.030990209311304473
0.9702127459230148,-7.45935563915141,9.197375853887296e-07
1.6541838124540336,8.146005323036253,1.0109010407132236e-05
4.126513087745459,-9.897664548750766,0.00011746659845835147
1.219688947556497,5.175269894058266,0.00076698250763794
1.658010728335653,-9.833246835607403,1.9297018637175493e-07
1.7153346621154335,-0.7356990691009297,0.05608988282257787
4.005210139128834,-5.889066001215413,0.004233420827359227
0.18515132802508383,9.033257075269944,6.49941845939843e-22
0.3689349156070715,-2.065190079797093,0.02187693146184238
2.8922577408146877,-9.380943517016716,3.8464142452865404e-05
1.9855599549803333,5.535887467251301,0.001781146296461017
3.164426598053538,-3.668321026254473,0.01472356133416851
1.3323063808969144,2.789166801839629,0.02035580508308741
4.547913387407804,-1.8954389497904351,0.02402482579643522
3.8047094358722804,-1.2297181659816285,0.030923674326527574
0.33873110275198015,-4.724071146555988,9.653035099018256e-06
3.9195273864251705,5.766652168481375,0.004506083694933805
4.847911861561257,-0.7255901972436352,0.0265796270381676
4.712178102937365,-9.207650072440256,0.00039128420088049826
3.6774189901272387,8.895343391564513,0.00022686422494503985
0.617968767406078,-0.061584327543048545,0.10079418811381478
2.8803838292022705,-0.2805610509426959,0.04210925961974272
1.4211636442024438,-3.0709868919994303,0.016370097738696947
4.851064718181236,2.7029567098066813,0.019054014127064544
3.587428626808047,-1.9691478830982945,0.02769945335274354
3.053827948937096,4.989586985895196,0.006161823791134307
3.475440213023631,7.53165147338305,0.0008133323932847328
2.1898956455484027,-0.2053707046748947,0.051207262855936256
1.8636837571880331,3.051046500700661,0.018983296731106807
4.678997897199821,-4.089260143369042,0.012080059080258878
1.6596356739634333,2.508055960535012,0.02690332144387515
0.20718065866359658,2.704787870899297,0.00265183217083387
2.004200770772287,0.239498499170967,0.054162617805474635
3.9517017631083613,-6.8030788406388005,0.0020927878113497413
3.2423417902445975,4.506197338310969,0.009043568828949104
4.810853877389373,-3.606717807346942,0.014450332987733109
0.5310093380956882,-2.2357041919791936,0.021664631294322056
4.557731511146917,7.030877044967287,0.0022117349520284733
1.8442459695703106,3.6225010818109222,0.011996950874356885
2.3700129271095616,-8.34658205750097,6.323781465156755e-05
2.1424107724461723,1.307581769948463,0.04364602923756394
0.5822614054622072,-8.261597711830731,1.2895228757134858e-10
1.2389822786259437,2.909129805075084,0.017483934983421198
3.71135784614896,-2.106953756785943,0.026195328524964315
0.115037709228476,6.2599791428820915,3.616563597064562e-13
0.6694388719313726,5.603576368326227,1.9108682621538946e-05
0.12605084395675037,9.994167575498537,2.3362143051262905e-30
4.286940286617746,-4.016594544945836,0.012570688661602273
3.086624138908898,-6.498424084720156,0.0016988270548439189
0.8496433105927942,-6.293635232318449,1.0754355006929228e-05
3.843861115268768,1.9783797338345739,0.026496806390397497
4.834002987257769,-3.3091169784350116,0.015962691400325177
4.672801872650091,8.137096597987028,0.0009786489941986294
4.607737739060827,-8.412874986070891,0.000749499063395625
0.03905107702871613,5.296336238387875,5.385284936257283e-12
2.9450674449263925,-0.20578709939189466,0.04153538738715209
1.2831630831951464,2.748668720220163,0.020722660657372667
2.8232360715492937,1.7564848909952087,0.03346515024554197
1.5901514458027732,0.605172078483081,0.059828087846394415
0.768332713863063,3.966947099367637,0.0019268986318975003
2.2224686167917334,0.9141267757164968,0.046797113130627344
2.475481635881867,8.449433953452324,6.772136449303094e-05
4.948827534238123,1.0335517179487503,0.0253988047643878
0.21193942069270055,8.393314648332865,3.98623713770984e-18
1.5057759944863829,6.126701554175355,0.00030987836829141183
4.259469225441613,6.950957135084202,0.0021118378584873516
3.298477490630214,7.94574948385317,0.0004466559324451834
4.13341515922948,-5.948871543100694,0.004197814806869359
3.301454592798889,-3.1489076418592044,0.018979302498545892
3.7976815457306645,7.9874790515135885,0.0006608777057356411
2.4646087499852865,-7.015704169579071,0.0005099177419062967
1.0243884644879875,-0.19710215651643104,0.07935067616647651
4.050019304186,-7.905029034446556,0.0008502416062998631
2.8391032733198456,-6.9490638683936705,0.0008600788147941411
0.6975259689341484,1.7777857164749236,0.04161580734449319
4.02447013435433,-2.077969687972095,0.025124654903227735
4.792929551812891,-1.5261574875658326,0.024567322219017265
1.730819363142329,0.16262903506998683,0.05956063814056081
1.4675612604322175,3.214558239932108,0.014641841940845033
0.4088758910378304,-0.013410511590434382,0.11825276437557686
3.322456132247078,-3.1645522204563665,0.018830768942223512
4.794808092482484,-6.143830505557267,0.004245842354027761
0.6799634499580381,-0.710537251083899,0.08458505484812913
2.4257981565965774,-2.4889394309118824,0.026888108256446743
0.49119092326623925,6.308904836781004,1.633997494073795e-07
0.17054951854907907,-9.694056290251394,8.301387793880919e-26
3.3225052533382273,1.4079557422794302,0.03303488666013353
4.338435876717489,2.369185299683174,0.022280942266399317
1.6878526806301486,9.757930881577757,2.80689471204967e-07
4.378825872050497,7.707284349212959,0.0012127111245788815
0.5852654957551595,0.35134545051303334,0.09945437911638798
1.189803409587381,-4.229690947565743,0.0033120261156325084
4.508033634533593,-9.796300017765367,0.0001886346881701674
2.542549468453351,-5.184384430734925,0.004183832727756423
3.0409619189851207,6.94870777640315,0.0010382312002484653
0.19009116271253956,9.465124838636918,1.1690446866395005e-23
0.6419495507394446,4.021084833702382,0.0010684263056635682
0.2789540625042658,2.0770841639535256,0.01740296367309288
4.525003699748346,2.1246826318178833,0.02297997262115411
0.6739748193547351,2.998152582736136,0.008543534938312487
4.248364133043773,-9.964217627067214,0.00012376167779752726
1.7551734968622656,-2.6008319232988857,0.025493620983956498
4.0029874818289,-3.414423557698651,0.016375079939399195
1.825217737283737,9.558663782104986,9.59182870784653e-07
1.3384201984643824,-9.985466019438686,1.0615093570329759e-08
0.46830350594528614,4.726894339532876,4.723018437885565e-05
1.4035329528706686,-1.8942617655202199,0.0392853060609601
2.3573985835863995,-8.704792509311446,3.421889739593585e-05
4.087543994483978,-2.780942784125373,0.020430381139138157
2.262574773843489,-7.443023796619164,0.00020313670709802415
4.857177874688087,-9.252800729877189,0.0004119912408904193
2.7081650542741147,3.669061245772088,0.0142160228743296
0.12472814905721719,-9.50630851907869,1.0567615782740147e-27
2.0768365009563623,-9.76071791979262,1.9094454941632465e-06
3.4444955369325685,-1.4803195096768427,0.031785623999024556
1.171458231249124,-7.3886930019880275,5.044973379293426e-06
3.4931497542407937,-1.0774476914064035,0.03372896471309513
2.5184865259075813,-2.679313641717062,0.02443258970415596
0.12868887791557648,-7.954452939210157,1.1593659562324511e-19
3.871764747401029,2.7941435197942646,0.020828363133700113
2.801868519070376,2.994443725971511,0.020750730576999988
0.4124675154054669,2.8935580676494013,0.0050036074481893044
2.376070167311365,7.292600201227735,0.00030787202312196625
1.4364644088737333,-9.864525185151036,3.6260819708828896e-08
4.398407712939665,-9.445299580437167,0.00024634788447850666
1.4246352640362436,0.4633057196424488,0.06490108535879963
4.7084353548709945,-0.6796894391667703,0.02739852050102376
2.7306637467355626,9.811349506001353,1.3733865201202809e-05
1.6180685477336065,-2.8492786070163074,0.020998322947830647
4.0677250870878865,-2.217916112472798,0.024099960858596392
3.4870018918288292,6.714127384805607,0.001788853016664444
2.0698124784793976,2.4618435672781214,0.027779632962933964
3.1480915135329655,-8.578497580032629,0.00017633669981225076
3.8929213201414066,-8.84681410316431,0.0002959085357679912
4.257788971417447,0.5710360597479145,0.030216965026269447
4.082063568570319,-2.0645529634770554,0.024977196609215
0.8303854429670898,4.708626627003385,0.0005236612066927749
4.141947762517928,2.561243691540586,0.021707984034244565
0.2931452944188606,-9.993869255777255,1.4273179242316718e-21
1.000853407752843,-9.662446853417954,6.368928174851547e-10
3.1146336003299457,6.794289730506989,0.0012931447145676513
0.5734626272345217,-6.70829639752376,1.2129847110224116e-07
3.0167379752810004,1.3919103523799041,0.035280561609054815
1.5398284568178189,8.80993619525799,1.2545329663107238e-06
2.1473329257732416,9.332132889765195,5.92500338035497e-06
1.57575751722739,6.885054721402511,9.590429892551712e-05
0.35086783932452237,7.778465019291289,1.4538785968286088e-12
2.5037937646098047,8.101175005906299,0.00012126760690868448
4.817997221974437,-8.468883803852485,0.0007976483785207586
3.058916740800636,7.14485642139422,0.000855596145452857
1.5001593580856265,-1.6853574552449864,0.0433610726835638
4.780749170620096,-9.146686912551692,0.00043248174287711043
1.9461862597611368,0.6634220025120978,0.05283051229670882
3.4875886693442175,-7.66591908896509,0.0007163596164170277
3.1705640246122213,-8.417710586241181,0.0002218835984201182
4.764554240194258,-0.6484236277499544,0.027155533886440222
4.573013472474185,-3.7046202848952277,0.014150888890843054
0.7400202817501561,7.626353611877047,3.904853186695027e-08
0.4284293736471123,-3.6881831308664363,0.00077394552125151
4.0482116389941485,6.451526023426819,0.0028586457597547053
4.524716066484115,-9.9021757043345,0.0001715392360131923
2.464868019614497,8.984170695506542,2.806029211256656e-05
3.453806369168875,-8.91341950761576,0.00017246637081221817
0.348941400892091,-4.742332907939026,1.0454657276728275e-05
1.0990219892823594,-9.50226861291873,4.170434480648718e-09
0.7468809732836057,9.187098762147563,5.96559808187674e-11
3.00580291775017,-8.966297633730669,8.5537613305685e-05
0.9876994688305357,-3.019939168262562,0.012905313787631042
0.29923157775425313,3.2768059682857746,0.0009874530599016074
1.5110364136800536,-3.5596840677817854,0.010721668818950673
3.3860621455697637,-9.850265188487535,4.735438683002193e-05
2.8893186213092727,-5.188549339026549,0.004954890042520592
1.653624827473179,4.293852933372367,0.005455385913135201
4.167394379216882,-2.434431443575768,0.022426677367146854
1.381345540060448,6.4057067626561235,0.000126705072449666
1.302738191828413,4.7795994272795,0.0017802892967263807
2.799737053947941,1.7197314779323989,0.033961644923148814
2.391078199228878,-8.110493497012538,9.573562134787357e-05
2.229863303001803,9.639988185809138,4.338118666295804e-06
0.7789280947703359,0.4134571379537544,0.0874864059500184
2.5232309581649552,-4.7964143021839,0.005864649858603279
1.2950945863772212,2.0426927705173004,0.03598069383051259
1.9608994130950768,4.13559639210969,0.007991842126332966
3.6678522383530314,-0.6499100330523042,0.03407829589819457
4.684314127796778,2.83661965810599,0.018745536367977537
3.8693148259466215,-7.8391976365051,0.0008031849037106274
2.0281694731163187,7.48131102163461,0.00011632967735032923
2.9651656966438193,3.614502627608857,0.015012068629573595
3.73248907937852,5.459739207458593,0.005310728266762413
2.0711052504794574,-7.72529879448566,8.621076086389361e-05
1.8012407940615054,0.38605365194125696,0.057263267808295285
0.6762164797793163,3.8518956108194136,0.0017702343260482868
3.681304007379378,0.4456569902404688,0.034464305066830306
4.1925429540381245,-8.015820108802668,0.0008390401433815301
1.5829220551497643,-8.786816172987656,1.6835970750719128e-06
3.9175388282126766,2.3203247131220692,0.023969607494988082
3.0510652916849375,5.937825259198595,0.002808807245695961
3.9204152320162198,9.932580817936902,8.937375259360255e-05
2.056686915748322,1.3643495510142234,0.043809488220674604
3.7378818182480336,-5.410053056665731,0.005500841065803642
2.04254558948813,-1.8984687232619955,0.03634480608317502
0.4437899270972645,-7.867207004164431,2.367380791715607e-11
2.75289459067472,-1.7225866204729812,0.03422838777528829
2.271643631943228,6.803345598938467,0.0005100363663374595
1.2643994360078858,-2.1960057621714917,0.03230179467804727
4.460566674833846,-8.965328483812474,0.00041412866452944773
1.914266527680006,-6.68177158407919,0.0003232013043041149
0.19563055716140698,3.3935540566408697,0.00022972181980985637
1.9106787010129516,3.8245102938984274,0.010344935612184785
2.1225490395018487,-6.039165008342209,0.0011250866980806414
4.308188615970799,6.202830843550139,0.0036901583212588717
3.9959160405252176,-4.382887362253731,0.010501629736731069
0.9998329295396213,1.1143046722165035,0.06313742964846304
4.195146129794354,-3.845887155384686,0.013570459476524896
1.2396361412683259,3.8623403827775356,0.0059201627787504405
1.709670740821465,-2.4864977030366138,0.0273598443694374
0.3840922698874566,5.236138456387778,2.4416948435517334e-06
0.2767815656718192,-0.3314780669385282,0.12720893813258735
3.4043006040556874,2.8054046736789022,0.02172276605179929
4.616705422608665,8.521062755201921,0.0006855262468980944
2.4650842711891436,-1.29310437998112,0.04066161819374526
4.2204685597929155,1.012899502585352,0.029282852789432497
3.968756248463267,-6.217644209023221,0.0033122183963382487
3.3233936169066465,3.868645263204346,0.013316447648826706
4.891144655588892,-5.74585102555186,0.005430314007013089
4.01093960438193,3.7991641497339934,0.01390812327703146
1.3742219710713073,8.463668606864172,1.1130930343353491e-06
3.9450712311055396,8.826017785211423,0.00031709283108879077
3.463308231419518,6.036563708673086,0.003156718357875838
1.9976022331817584,0.7828919318573764,0.05102435797884498
0.38398735113557514,6.744370576598872,1.9610041530004503e-09
1.0717976480904983,-0.8448060027322803,0.06827256481087876
3.986189458216775,-2.4616459653510265,0.022807834332540737
1.242426440680246,4.046702589115128,0.004653293828896692
4.98928991511674,-5.853517899400968,0.005171741534609162
3.4699406999427227,-8.514409210465505,0.0002806232506585298
2.386112403588039,-2.6794674976189503,0.024557625278376266
2.8521834510596356,-3.1872931055606486,0.018825536923912107
3.054363617707181,-7.589517938436714,0.0005190156496845945
4.844724100163116,7.0912459169276545,0.002314176063700067
0.8087059731575974,3.362955762164164,0.006203958291213461
1.361979013303773,-9.48417673020863,6.007348919636288e-08
3.547955239856218,0.8031911421557005,0.03449031484822328
1.1992899157178276,-6.923936260996564,1.8873117457707034e-05
4.356485811010251,0.22440273493325513,0.03005581197579853
1.732670878290593,5.42505118745899,0.0014602804119625283
0.9041969995790955,-1.7389276786987846,0.04417131031219965
0.2381038042490924,1.937297773717992,0.020443725474711977
2.97797520158975,0.9287785811839395,0.03865345836720973
4.126410947772758,1.5521171951603812,0.02757192297396181
1.3689655557439562,-0.4376573097868448,0.06653990192446724
4.587697431294101,-6.659360702831094,0.0029050061968155824
3.7886713505900236,-5.167714609740825,0.006522432613561711
0.30650341249392365,7.880986932338992,9.915722890630037e-14
2.8631649833737494,4.764129747193923,0.006878333412441043
2.8372047016263284,9.657316771130727,2.2491277915226817e-05
1.0118615246799012,-8.917398475112206,1.1573284559961836e-08
1.6727218933286077,-3.66855790959373,0.010602849567591872
2.2913944679188116,9.185753810610635,1.2392085833095911e-05
0.2403891061870922,-1.2124237818665762,0.06589212890893316
0.7488820464294393,2.086748926656794,0.031217929707865102
0.8200219455527935,1.3948287852647656,0.05652995076461677
1.8961787722819545,-7.186211935957085,0.000137817386671219
3.736787293382902,4.622085970564884,0.009028114674636958
4.156518295486294,-8.833748030461843,0.0003755821137852849
0.8142452300851943,0.7592578298381412,0.07803789935308471
3.7595301800338494,1.0527556843626442,0.03200129486290931
3.353549791940847,-5.963030991950875,0.0031963212761030625
4.453436959569392,5.0084845107025835,0.00778618224319693
4.843956269725859,7.923536325005067,0.001252981337863654
0.6223030440497052,9.581359991150354,3.7687040008349033e-13
0.40336930710408336,-9.463661277207379,1.5564164431689364e-16
3.9986506447600467,-3.8055018637018456,0.013871836716004672
0.8108543654292921,8.496476268530255,3.6612363101690624e-09
0.9728726212860345,-8.989891859396241,5.477221510468674e-09
4.410179612629134,-4.559496128320761,0.009770603647529214
4.694824485512624,0.667771086676181,0.027494123959633607
1.59235621961487,4.803942787491529,0.002742424529679655
4.21084050218997,-5.438871588850183,0.0059214656022995495
4.294284547818255,-3.9931162437272105,0.012700064053262784
3.0269524025101813,-6.109231415422107,0.0023670720577040646
2.8304422403157248,-1.138758913426102,0.03864228066890827
2.8791920462280487,0.0869209933271975,0.042362348084330134
1.5064459382136142,7.984539414013923,7.4372818759752885e-06
3.0943351946949536,5.415087608757192,0.004482135026877058
1.2179013555428502,4.306901012079232,0.0031027653408662544
0.8881614503780438,1.453395163146002,0.0539286755896171
2.0647522721200318,-3.428395948628782,0.015023088571668897
3.528902114922176,-8.598461193833595,0.00027154118128958163
3.1071384367573214,-4.8238478998563465,0.00707150861023308
4.824410396698513,-6.10625481951685,0.004365115512235574
3.2322795568286122,-5.4420544244065905,0.004626998320154786
0.7065702489796022,-5.464502376406402,3.887459988505507e-05
0.8060910664625903,-1.3890663690811085,0.05685575683417664
0.4653357003891606,-2.3857024066416326,0.015440758545587841
0.955868824985065,-3.259064747102003,0.009151698755999594
2.9897545033956052,7.624751429768239,0.00046405100225912333
4.1914323750740765,-5.945251708496704,0.004267279991956942
4.469338260337286,-6.7269265561253455,0.0026785303625919453
2.0002194334252428,-8.47994210726786,1.8508562334732195e-05
2.7929151429361587,8.497203109518164,0.00011503218713586645
4.045997960754067,-6.113073909170219,0.0036584848084823666
1.5603526059758455,1.4453597010608181,0.047650135056047344
2.9783450221934755,-2.525643613265734,0.025213428811163292
0.8704125552683284,1.1059950146803033,0.06591326395815195
2.3827017025904733,2.8513267744075836,0.02244051413433423
0.8653613018173417,6.8015405955369665,2.7257640784986607e-06
2.312131951495728,0.14526065911146624,0.04947553185983681
1.9840984588378978,-3.4551857692122834,0.014424401078895269
2.166324117502467,-6.3784015258629045,0.0007696088653647723
1.2185611305325899,2.1363404287764194,0.03359005325439666
0.6802167118925306,-7.359912233041348,4.6101575906452975e-08
1.378326639599428,7.116143046132581,2.868979640863111e-05
1.1979001962195457,-9.444210240401109,1.5110799022920236e-08
3.6714810129222486,6.905996846571433,0.0016724739556945444
3.58487536490773,-5.6150675626566855,0.00456858231354415
2.9224149688213616,-0.24284311928064994,0.041722260882570354
0.4566689908438759,4.6104140574549,6.162684182016506e-05
2.8313092714001646,5.683336777905808,0.003122696849521725
0.3961851297029889,-1.964404214147459,0.026868054344827315
0.09086509638118911,-0.010904822685976256,0.16971672209199684
1.7629805756882788,-9.40854683743394,9.93101412847593e-07
1.2027245953194972,-3.1194788157410436,0.013784432259897192
2.973238407165213,-4.768423042918888,0.007092692714989698
4.643212440348068,-2.198618517793342,0.022196920774561143
3.59926013885596,-3.982132593607388,0.01269750828570441
3.8368043098549354,-6.8052039269979865,0.0019830995822221384
4.754465551853114,8.834606367956674,0.0005630015487675277
3.170455404482838,-1.414423312963562,0.03402226165235448
2.888654707049128,2.7560542408663675,0.023089649279766204
3.0093398797635422,8.53522272394228,0.00015345987777801525
4.329026282837329,1.449476297004665,0.02702649242374517
1.9404951760349254,-7.460016699001564,9.705690394238695e-05
3.97668112694002,5.771627137151366,0.004556123757748078
3.261284674885807,5.4932814394792615,0.004493083908476508
1.522857753909817,-1.907805190033807,0.03860307183152854
0.0684420549204584,0.7878724940302995,0.10811065006056944
1.0495999504345999,-1.5022799066117791,0.051164181686291915
3.4999438231343056,-5.515110922603432,0.004789910679948476
2.8984515487261744,5.258434216153585,0.004693864311121511
1.3729734991014304,4.888700525993183,0.0017234397917315577
2.1715123570051196,2.9411178382811904,0.02117387018533303
3.3057438279070657,-0.8871901889228582,0.03605239059266299
0.6354307024494849,-0.7038793464267972,0.08671086572838571
2.161397904256082,-4.031123031447592,0.009623658788055892
2.083121074909897,-4.685508188955277,0.005057274730226351
2.713005100601203,6.9794279364402385,0.0007266692720921874
2.609568401092475,7.187484448275974,0.0004978124126010492
1.8386334253392478,-9.693102441019207,7.517658349490708e-07
3.8136681440627314,4.392126937297057,0.010339554000711078
0.33614519995606884,-3.401557726017373,0.0009081113247196825
0.17769236267173028,8.386946873942343,2.0894961239743835e-19
2.101296697991877,-5.1575969365386936,0.003124407494748129
4.4834712508540715,-3.2919372190038176,0.016562505879658525
1.3878467526483456,4.946721889939427,0.0016235231931783388
0.8615466234882657,-8.5180127986247,7.119405812490927e-09
4.641041971646881,4.1607809363111965,0.011733820070159221
0.8411162729128513,3.4935764735334125,0.005370882861646533
1.8742026835676278,-3.919567082208209,0.009327441572340181
3.6450775516824607,4.255386376479446,0.011007197387838967
1.304620042388009,8.058494084737525,2.0521539057222552e-06
1.1492476389684065,6.078824415111988,0.00010229849446650053
1.9883361696577706,0.35684685292277507,0.05401423284615074
3.936824072984126,-7.351089958657136,0.0013084133144556547
4.554916765812532,7.846784669642538,0.0011749946935536743
0.15646263954886885,-0.20563841142978312,0.1504523317322326
0.8255406368596013,-1.8424494149809778,0.04033238511089327
4.793006445734537,0.9550635713877185,0.026354787464032327
2.9639564577448416,-5.729047486248802,0.003228251279789118
2.757051345769099,-3.2761768439879795,0.017932916207692322
4.0677183964199735,4.710110860879567,0.008868395079121369
0.19891649014222412,1.2694876413412999,0.059635083201263026
0.06918125586487411,5.245577104076414,7.67410299119052e-11
4.837470248507959,5.239292040839521,0.007093094277357804
4.142853427863406,5.071587969819138,0.007294328288816043
3.736908907791343,-7.116227626950233,0.0014398446504666229
0.7785038507243336,3.004029022975498,0.010173064517358874
2.3830196152163,-0.3964014986328319,0.04784099859428168
4.686467692829238,-8.75818095350359,0.0005790025510555962
4.667997978119773,6.701075650236877,0.0028842427190862675
0.04623553489764398,-5.605696506955137,5.55889915214253e-13
3.762457045030787,-9.741194454740818,9.273174615261906e-05
0.031188832233551844,2.868737729139232,0.00012487706510091757
4.921508638352783,-6.557893755312005,0.003361715377969957
2.0848360099784924,-8.765866543381865,1.4194689348698099e-05
4.867593789900498,8.675418734594967,0.0006875607514040279
1.8387340451531875,-7.030428024185225,0.00015522548687629185
1.465936452867107,0.40098663278487834,0.06440369657946665
1.5814598191730245,-2.6540141698265662,0.02411822950860737
3.6533953331929503,-9.105188043353262,0.00017362493758845446
0.9983641696509848,-3.7129246247630343,0.0051224967816654665
4.320288458963254,-2.9905922668901734,0.018617941968438665
2.952863468133712,-0.13124626042762344,0.041534178727682766
4.849555129746348,4.134691490012067,0.011793419325640108
4.935424517430743,9.999559035614457,0.00021608596277080544
0.9259100065107267,0.37142540097296894,0.08163256171985908
4.7789102678800885,8.855062340196383,0.0005608004647789593
0.23269243189591837,0.5490194682961196,0.12029819460387126
0.13931862061552835,1.8736463516557027,0.016587102026323026
4.719322886642759,-7.218659417018971,0.0020341126488681413
4.811983687249967,1.4165159479434575,0.02487828190576293
0.7362383633599484,-4.788759647353462,0.00027954922193567495
2.2120790769449905,-4.5190314641558,0.006422717182010782
2.470462639940912,-1.3224468766879411,0.0403265049555179
4.301406182591522,3.0747653578816134,0.018138039994670552
3.139586215980845,2.3465943923928805,0.026435917776320816
3.872832121008077,-3.8744870170900914,0.013454874626002285
2.4254842271564545,-9.424967561252737,1.1916737869576367e-05
3.2420685112091414,-5.119068397526474,0.005928012890790067
3.6770468001292933,-0.9433790432564138,0.03301181732106271
3.689406419586507,8.190308539845365,0.0004934443309038729
0.008689133923361902,2.207256980537693,0.0017718558571864966
0.49954036865030305,7.55015849308516,6.074964382194011e-10
1.8183022055220799,1.8805488632039236,0.03780782700740865
0.305987235517709,-1.1366512799812014,0.07275797898994651
1.9149485118385852,-3.428363824606455,0.01444295948415543
1.9478342423609614,9.401864238440755,2.3859929119934937e-06
4.601167686388699,-0.4350258089360146,0.02838018027662512
2.8353592744734546,-2.815066237462842,0.022560196698456606
3.5317564026682913,8.154563953675225,0.0004453026357054175
4.435993410431142,6.2372871822703075,0.0037200906952716876
2.2106466032465866,1.7747894302216096,0.03710931654762591
0.009810722986910991,1.3212846876447841,0.03653314043363298
1.4266801231270687,-0.05298763065175294,0.0669318993567702
4.070793500187435,-8.073646955083223,0.0007370163864870563
4.509205849000374,3.749944293316979,0.013950721337498091
1.7575479055911054,-2.4893292571708248,0.027365296398819967
1.469956264895242,-9.659554472295053,8.47857894016706e-08
4.622526055343667,4.5211137450541905,0.009997648392270686
1.7553686799139,-7.413859750525463,6.26274643150658e-05
3.2612259403832917,5.958332817472318,0.0030750912799660094
1.4015461752528169,-4.808688474911933,0.0020419011741730276
0.4895939939537075,1.7281524268029198,0.04034742222055863
2.5061815589300673,1.3952823802533203,0.039292861458582934
4.616159185590838,-6.462596426979443,0.0033424627164171917
3.093203769636525,-1.2192530015607055,0.03591736415271633
1.0441331239186717,6.380753352007261,3.0401092884041078e-05
3.412147866838065,9.439594411789855,8.475663371150752e-05
3.841805720488163,-9.636698262529478,0.00011562517328116189
1.6038028095747943,-7.0669163397441555,7.436197083273436e-05
2.796047007155193,2.3487914254570867,0.02754601413819967
3.4097656573366124,-9.949737873898702,4.297879273253064e-05
0.8017657269024409,5.159800348646904,0.00016064832038182778
4.820504698862313,1.6602581756823849,0.02393862073136485
2.2562598072492097,3.4572908008302186,0.015299924643822198
4.898321952360332,2.4848178833266736,0.020008968884067543
0.9478693292224755,1.9802757986078579,0.03665978294109852
2.418867731548222,-7.951752149857563,0.00012867037221226427
0.8292682683791885,-5.295505036240124,0.0001337758707766664
0.05090411191969346,-0.7216511530269933,0.11766974198795481
1.1893758628760138,-3.3121900803760713,0.01100867206130794
2.0159366853404173,5.6612105398535135,0.001581848101854918
2.155653688621179,3.5054600286692477,0.014493151306782656
4.432525775521023,-3.770592471465517,0.013886729590023914
3.1783863194042095,9.021784758714674,0.00010394318435255082
2.172208276092651,2.8848387154296162,0.021903625921606173
4.939988498049064,6.932503343118846,0.002645316468392141
3.0711216581334284,8.091705757459817,0.00029205084883941203
1.6133148249248581,-6.047334872414607,0.00046118646383297223
3.4565544060539732,-2.0453761274030686,0.027723766399343795
2.4784996134150257,-8.780620857834556,4.0404509875402114e-05
4.405838470340861,-7.043577152003946,0.0020783191415097743
4.482556310316606,1.7493248095454366,0.024978820782300043
1.836752000605848,0.3426640859178409,0.05680494792265891
2.8116952543007208,-1.2495311589504183,0.03797877380820043
1.328867220231527,4.339247793397394,0.0035342766909822482
3.13318375871275,-4.681868921906989,0.007866984340633305
4.961734811598374,-1.7110580515951952,0.023175634526506953
4.162942589110919,8.764325414214397,0.0004045449412987649
1.8320495015141263,1.3418067271026928,0.04648372284892952
0.4769017599674624,3.6286699816262153,0.0012073299896792561
4.833409936867571,4.909943372472265,0.00835816581321051
1.9479238933886012,-1.065713128417542,0.048785707997141034
1.4669044663340758,-1.3838109216756234,0.049868184044907796
1.581676964527838,-0.5959132547221095,0.06009449816470488
2.4496168331942334,7.2403939921039715,0.00037118855646770416
4.783756993745003,-2.7276876875841243,0.019090521226080227
4.933111606667457,7.705641272460593,0.0015298898656386907
1.4806336367619777,-9.181663351942968,3.3708256536458896e-07
1.7573435387374254,-4.943296802491246,0.002822664461223214
2.559032800330185,7.947776356851794,0.0001671370178413724
0.040936443148679724,8.655419754075602,2.0349663133178166e-29
0.8741828162205456,-5.846501628047247,4.3187472708303116e-05
4.680295102524032,-5.656804726501543,0.00556695785505336
0.14717618530680598,5.084918251881165,1.3363268744787706e-08
0.504881398602719,-2.770691211584375,0.008609932511068504
2.1032350851685937,-5.886882427682156,0.0013301296609575016
3.6572512457950603,-5.455292151877442,0.005227130558785886
1.3443911519517426,-3.916314833380641,0.006249908317180228
1.5298279527694547,6.659758915602065,0.00012669898460653756
1.5273649006219336,-0.8724468230412867,0.05784715551649565
4.363009633768033,-7.458227758405995,0.0014767565533474148
1.1304880311370895,-2.569278444097323,0.02299915646931309
2.8120091300659515,-3.536644141543932,0.015536946366938273
4.9996557350940805,-8.477965918225598,0.0008634983548206952
3.6423274744650906,6.4658307146232055,0.002401797348429489
1.68175327648463,4.627010964812584,0.003807913724647622
3.8272948516620477,-1.2887580298227324,0.030504848647010707
4.769578536928044,4.030857123661653,0.012333480591281946
1.8676890357629217,-3.225811825730931,0.016689722538259094
3.540056200346653,8.716720285995233,0.00024005076124866727
0.37902131559694574,0.015634327374050017,0.12138483752577893
4.476484183770709,-7.775941508509366,0.0012004723626904653
0.48128362312156003,-0.49636131431312336,0.10244151292971086
1.8646254813079732,-2.797384120930408,0.022626499187957356
2.7125292143111785,-9.317916200391217,2.913208709595474e-05
1.3178882122510944,-3.0058040476181187,0.01657519256722587
3.246346629935888,9.526816355859367,5.872020723587905e-05
2.772143636962057,-4.8070126923173735,0.0064460503742347595
3.58592620149053,4.480055416246657,0.009643512254231493
1.7706968256108042,-6.917203088850801,0.0001582904729397691
2.730069448263367,-6.613590310002985,0.0011239484292237586
4.060927000906145,-4.070180596789563,0.012277659355173037
4.053481730007278,-9.707705589688898,0.00013472752858776596
3.5711998742594075,-0.32709271676239027,0.03554388814941692
2.709679448074897,9.396510074621233,2.5567242262560833e-05
3.3663055038724767,-4.36938177110169,0.01003413356905109
0.4344014505602539,3.396551241281877,0.00171125942656088
2.3565860035536628,6.885622288227257,0.0005184992162663969
4.300717501523245,8.78912035824839,0.0004376632949747715
3.0368241086332115,-9.493473355908739,4.2913300610153036e-05
4.70841552912545,6.902368492220315,0.002538752595404535
1.3108926064704045,-8.37200827459208,9.353589671941515e-07
0.4815090105538772,-3.7322665719403325,0.0009538001602437491
3.133067178019433,4.853042207366666,0.006972949003688324
0.45462964910190196,-2.63520826720473,0.009688393712589649
3.91067681712208,-8.869687498136393,0.00029351890535146523
1.2837120407452862,4.864900227498872,0.0014994747342830248
2.693759292218283,1.1353215136709345,0.0399043562439543
4.056885201508063,-0.6947951756830761,0.031229175171068567
3.9401768435015,-1.7288622179049788,0.02756231342498374
2.479875135396043,2.5631134176316177,0.02587869494218191
4.879232066577364,8.340992425169798,0.0009128401596100942
2.4881657854542034,-1.5908065809882928,0.03739939968121871
1.3939570834552772,-2.2477183865154533,0.031466294792435345
1.512156222758434,-2.7746634086638533,0.02172470637177854
3.7182136193863506,-6.016185703989681,0.003539249609210822
2.185535194452968,6.6552639562572224,0.0005460985381164713
2.093942423927451,-5.396768446909579,0.0023712932105667906
0.1024329763496723,1.0882317093182188,0.07197524142580919
1.5263908021052464,5.626827936299781,0.0007478205296173087
4.301915399208034,-9.4841103800188,0.00021807139017380583
4.017522491135734,0.07028211847809374,0.03238229567361108
3.7325542999133003,-1.955632913220347,0.027136365207885992
0.11564193337859963,-8.544339002153425,3.4288428752038103e-23
0.1349514571584659,6.374487171579517,5.505497436623222e-13
1.557324796954413,-1.940275073885358,0.03781714153784099
2.3722663610906665,-2.5459458372748855,0.026257782325326395
4.548706339931349,3.468336851100739,0.015478133270175021
1.923149080027697,-1.1304725430470448,0.04831531642113849
1.4426250143144637,-2.5583176914644845,0.02530685274365704
2.855764841523563,1.2488322616352079,0.03761580881425412
4.573471497748472,-2.775283773174227,0.01933412952757297
3.69319355731125,5.072735698399395,0.006810023255978948
4.283331409896553,5.165703874107919,0.007025429708002899
0.9109882246151646,5.100811526742339,0.0003124911908419868
0.628322226568962,5.806915379591045,6.800825582712373e-06
2.7203556684444647,0.8694511249276111,0.04147826822809385
3.4868541285862498,6.401353648943882,0.0023535634520805517
4.774940240812659,-4.630328488015287,0.009523790386225904
1.8576720422823945,8.287883216704355,1.6557994637130956e-05
1.732784261018483,-1.9592732321403439,0.03680488159399606
2.5792714895079234,0.6043153576177414,0.04447662984931996
3.4246896835335443,-6.675096853677593,0.001787160503888329
2.830118885576516,-9.299120050830549,3.842608856986239e-05
3.6151534666629805,-8.16490310791351,0.00047506105462824733
1.9015746855624522,-9.956435348089823,5.606209245396638e-07
4.3109881509262085,5.412516235341817,0.0061076736740073205
0.9148779679197988,5.192644448048775,0.000259395118055312
1.57952321414164,-1.664867510146939,0.04322558190758639
3.8683883188515873,2.172677197767811,0.02512965471285879
1.6783612698969785,-6.999114347028684,0.00010625239321937084
3.340773011850076,6.890989669358799,0.0013851586790490354
1.4389880463648037,2.4213221517602683,0.0279777268584098
0.9355217121664638,-2.952675292791045,0.013303590821448958
1.5036628197657687,7.125782346128641,4.6666745937885635e-05
4.4349664851894,4.212569608199745,0.0115022507577566
2.30441564345856,-1.6344592903004234,0.03825835830631555
1.1270757686911426,-2.7375702918025517,0.019529713037020096
1.6071929458252199,-5.969697375126259,0.0005156743196632326
0.013854783128409709,-6.504224573985919,7.597218683464763e-19
3.7790414387851436,-0.9703184720852835,0.03220369124109715
1.1283872621640096,-2.60048533203112,0.02231694094032342
2.989605201352512,-8.77224193940648,0.00010861870650711136
0.1255476908857156,-3.7970193500149723,1.0940836803184608e-05
4.172492159867588,-7.325211745131826,0.0015087533056671275
0.9372237681817758,6.041685653774891,3.835872350729558e-05
0.023841888821349855,-0.4356772602651393,0.16030842608529144
1.505939041827128,-6.317011621195632,0.0002212843509552635
4.602435594186359,-6.771370640131831,0.0026990374599665102
1.313071090223179,6.372651227012941,0.00010594888213427101
2.517394190589557,1.1357749215981876,0.041593481270768444
2.0361492217885218,0.058333858358075474,0.053933334052483226
1.4712462916604334,-1.0400196731577722,0.056228279948319776
4.636767893007854,4.89004581620099,0.008372029690326964
3.944974540268633,1.0063607661225333,0.03098097873005671
3.809566576869286,-7.613477221821309,0.0009550598842245132
2.6305356224061986,-8.610849447610773,7.265575838431652e-05
4.124308368649186,-4.6425333448928585,0.009235583420450486
2.2921432910562682,9.465279860651428,7.437826267925172e-06
2.325947752357778,-8.3665399321902,5.5351505284964686e-05
2.468870317067319,0.7598074452503489,0.044929362536698936
1.1845511261228547,8.417183855545744,3.2211508667249783e-07
4.61825929693495,-8.462870416825494,0.000721849240757965
1.2937533743927458,-6.194831185535714,0.0001414193088305201
0.9907974996973251,2.419764478792727,0.024990006991327137
1.2187589666579264,-9.723372550766383,7.494001577681184e-09
4.086760582829695,8.525035928479603,0.00048354251561841743
3.842728188381808,-7.852781352912119,0.0007783943439350177
2.135534042280341,-8.791474046711764,1.587579200909193e-05
0.06890952312291254,-6.1554049575299725,2.2169519243470818e-14
4.878675166254428,2.2068972707956025,0.021380279087780403
0.6626548874518168,8.821274951804938,5.418146782190187e-11
4.2571133829611965,-0.4185016841407325,0.03047527048317787
3.908615433153762,0.7053981903404161,0.032194787170763045
4.690378908556825,-1.1383933793832668,0.026359594540184075
3.8669926954264437,0.7269465674615425,0.03242143534117909
1.656857954135143,-4.612945068819993,0.003769426288874052
1.159570217070847,3.8985363144599106,0.005063026599817964
1.8884541020320744,4.198571707266494,0.007209850140392418
1.0154358525833729,0.4168206460866326,0.07760208240465928
3.597873738724754,7.190167737500353,0.0012370396828862837
4.1325931624705525,3.215935743305005,0.017516253122249886
3.23219446198624,-0.13008982115504963,0.038741229838520436
0.9304636565455104,6.842265219728393,4.145616551858832e-06
0.18692355514322856,1.6864109370390992,0.02917172097379921
2.902006334284822,-8.47995133785409,0.00014050300297669156
2.313365525398068,6.052162135289613,0.0013921527296025396
0.9985196409951619,6.91180677636245,5.675455432683674e-06
1.8404195111014554,-9.038478076911652,3.2875491731116214e-06
2.7073312780447663,5.408317438951169,0.0037420498621107173
3.1645855613828977,9.617177421715471,4.518412340499941e-05
2.3832188877140914,5.814662154459027,0.001959652302116986
4.856964108677039,-2.0424108748004244,0.022197232029429654
0.2311320023542801,4.3545872788242335,7.40821877692303e-06
3.291039565134492,-4.15651559249226,0.011292218205892726
4.547789508939129,3.1549316880195466,0.017247347891200922
1.1828210555661252,0.35041897312464876,0.07264905091395134
1.0685359403456884,3.2445481485788203,0.010634189443962097
3.8111640374129108,-1.7232842004834374,0.028233453108756773
2.43186897052618,-6.916648918271129,0.0005538545104743963
4.96088753348941,-1.5791391218790185,0.023666684684972506
2.945618102458561,-0.4518176305634256,0.041007208570336844
4.617209667439964,3.55723503178859,0.014912967581138217
0.06105259831710952,-4.309726088628352,5.857678900787496e-08
0.7726981023785257,2.913015528059317,0.01149999649598679
3.4220952237579483,-5.323250103251061,0.005383658035623593
2.08233184948723,5.29817355358343,0.002623849206300063
4.1798228471449015,4.442231989089416,0.010271151406275086
2.1444904627825907,-7.645033855141272,0.000116711050890568
3.564983481774928,1.8530980772668588,0.0286218878267537
2.830800085167291,-8.238999461407932,0.00017396448456833395
0.5995178366431142,9.382486371016583,5.734105429317867e-13
3.5897560335351617,-3.21520743512105,0.018181948312717675
3.5318590067384905,-9.594777007042374,8.218864072380826e-05
0.5785907560660736,0.07230097464042373,0.10351829473646337
2.809557289038645,-7.5627466275384325,0.00040316794155363444
1.6782500877435917,3.0188562425342287,0.018680181090725174
2.2942489102288777,4.620121718787525,0.0061189998566502975
2.1137934651538797,7.1853194662567645,0.00022386317680981072
0.523872021245943,7.7728700385955385,3.600694022199993e-10
0.7901149314563988,-3.8110092740145767,0.0027609719936342834
0.43404308071825104,-2.8448051499808553,0.006012749299418852
0.9622350680168096,9.489457906812692,7.097766973910046e-10
4.262221932488728,-1.3215635536283816,0.02790445915474452
0.12261324631466453,-1.9058826743304724,0.014145720023698658
2.1580862514342805,8.507212638281203,2.833778964280697e-05
4.004681943515454,-6.253953403557655,0.003262591365360386
0.5012910226369505,-0.518484509982418,0.10034030244166421
1.1385679507948232,-0.2914805189167531,0.07458059950398102
3.6371985377914346,4.850565173870805,0.007763514178138353
3.237762162966763,-1.291729950663214,0.034369251646319605
2.8151191835758302,7.264442241098024,0.0005823800540823575
0.8582040831409038,3.404939626444497,0.0063762077625818744
3.972655059829328,8.619350651455939,0.0004021957910184763
0.7070705594064802,-4.759576231143829,0.0002563988780043938
0.6739894736153212,6.248050163169424,2.515995752477674e-06
3.9751752215167717,-7.664535820818649,0.0010112877094538752
1.8461166394203765,6.038601968520862,0.0007418824761277117
1.5630855796167342,6.974584790939527,7.760537873757135e-05
1.393360256551182,-1.8680703386919255,0.039908363051593954
1.6248605318380072,4.000276728837983,0.007349481433547885
1.702937998538026,9.374049093476515,7.859746489502918e-07
3.481838468032698,-6.301321949680108,0.0025562535736299973
1.2013110057563625,2.362819165417509,0.028137508428254767
1.6266322673695244,-9.051389384842917,1.1290058315447186e-06
3.8810575423503306,-3.2279264994754158,0.017765142715675517
4.565752866568561,-7.1762643174745495,0.0019921112164748324
3.0641798511421614,0.7356598326799322,0.03881562512560553
0.5255911473140351,2.064317131232393,0.02727790005791279
2.7079233035431143,9.788115360602486,1.3495871117006954e-05
3.1388943711220314,9.336049700377266,6.399621520124e-05
1.5702634850347374,7.653226813845169,2.032771221991011e-05
4.1400018646344865,1.3496256931302248,0.028439406795748055
3.9103940537858906,7.721257026946905,0.0009220684143669064
2.8765335336014495,-2.9016436568527233,0.02163520586117861
0.7250779471355595,-5.981374963394995,9.778827198244483e-06
3.4869073284204584,0.5209077406138025,0.035844754552935766
4.4767433192076105,0.6241859667139344,0.028796995132702678
1.2505055488661814,8.201432780942607,9.784042509674255e-07
4.793429478420041,-9.885275049558365,0.00021716978937210392
3.856511985151418,7.1110290552374344,0.0015446293808694476
1.5016078738955618,2.1647099373737397,0.033312498481808075
3.0841056205579087,8.792889936066008,0.0001221362607065205
1.5392396604034726,4.904318641857335,0.0022247794031952607
0.49733938046947035,-2.6748109782970886,0.010051204664917948
4.120743348103427,2.6959831353470456,0.020902984554468144
3.3290351725451615,-2.6056067174052338,0.02358207849811174
3.0700032564036093,8.431309661902397,0.0001911411327237379
0.7108644035661671,-9.606304835671722,3.551588823678345e-12
1.8868855658489854,1.0958027552595322,0.04922117900674415
4.383180400024555,0.14662782306670152,0.029936254742719846
0.8165223038845315,-6.197208737508715,1.0985635240668223e-05
0.23951443498559266,-1.437066762210506,0.04860326667955868
0.9557573844508765,-4.062159492461412,0.0027039615547567375
1.25090003587432,3.40819683327849,0.010404527288000029
3.918212618829417,5.062574565153861,0.007116357029092811
3.240707355946657,5.427913760544314,0.004692655916168238
0.08671373403246085,-2.1129615015560432,0.00620851420601478
0.08644826370598324,-6.172212837022721,8.68838637108289e-14
2.834482144000277,-4.1189978065101895,0.010841802052291434
3.1664622118914436,0.6946821989343004,0.03805026645023915
0.6271094045777698,2.3060522020167102,0.022027280864711143
3.052310760417796,5.897459554747455,0.002914274482288006
1.2017595520977005,4.394727830236842,0.002645090641141894
1.683606712302736,-6.512601868170666,0.0002524163552799007
2.0441579019217064,4.879819775457065,0.004017459394761572
0.5809739811713982,-7.697785909024548,1.8737026001296166e-09
4.815468027224775,8.355089456148768,0.0008755833444872458
4.868822268137805,3.795401188932594,0.013440753091251631
2.225008445447037,-7.761732670201216,0.00011581812264643386
1.2873323904013734,6.731557013271129,4.4712686259420874e-05
4.792972232626556,3.5683782920681075,0.014667499527830535
4.090286982735954,4.237942535095023,0.011332428641465839
3.62114302779116,-0.2514224828863636,0.03524059323213912
2.3090589363881966,2.0941042961977896,0.03233136195693752
2.0528935072058605,-1.4377275537447254,0.04287974020273311
3.896746361384259,1.3501911497596097,0.029797578267685386
2.5980683888231333,5.795823251409081,0.0023950777386824076
3.3029106941040403,-6.004711773421243,0.003015848237291154
2.8309649080420596,7.517920800202749,0.0004374893406517055
3.560927035756815,-3.879819238954097,0.013365169520183686
0.4705250203920047,-7.048669827148563,3.664842633738483e-09
1.888105463178934,2.6909812260273736,0.02428100557905999
0.8354459425493255,0.48819498599394606,0.08357437474494914
1.2102195001176779,-4.169330213892428,0.003738585596032011
1.004121382690904,2.5634144344667913,0.021794128463670594
2.516611496519326,4.287037480882054,0.008881222743947818
0.09496494254959353,-4.548239844620365,5.201905412627476e-08
4.81983801004222,-7.667183190751821,0.0015109464946513548
2.594819132047856,0.2061023429531783,0.045567994053830066
0.26285757102194496,-4.340413657907412,1.3972294637677128e-05
3.410269201808796,-3.4954971801911334,0.01613255480752378
1.3444402504893826,-0.1206215580517771,0.06907435255866025
0.5338379629421491,4.624009312850369,0.00011696098524654802
4.151518429874974,-9.70080039646541,0.00015016555442409085
0.9895380145716209,-0.4356525659223287,0.07830159731109929
0.5237713442981567,-7.530197166374979,1.1923515746956366e-09
0.2845322630191599,7.0645564682297675,9.691812224622624e-12
3.642788717670835,-4.804465023641066,0.007995791205442674
3.27635623661384,-1.9199313107804823,0.029549725381524516
0.04099570293037036,-9.051531025010606,4.980053417560552e-32
1.1074027022415183,-7.017144283866241,8.851180786803002e-06
3.523410155583748,-9.96420419355559,5.033168581070131e-05
0.7607042735197617,-2.799293814195554,0.013270085684551057
2.8837539156308227,6.213756138343754,0.0019453584785546984
1.0657823337605365,1.5155689047180037,0.05065072501566403
2.2461714240539363,6.798122908500414,0.0004939298339268709
4.337115309008905,-6.49083398513278,0.003045536788983439
1.51298213650493,3.546831060020777,0.010874905835707604
3.429861949626156,4.917151277867788,0.007157294077310822
2.1914061639140057,-3.11998228018862,0.018971753440308402
0.4807762715074415,-7.714046377434287,1.6075600416451856e-10
1.8031749682590048,4.8440551325499115,0.003346833004218581
4.206400331740538,0.4294105196634863,0.030784618980628183
4.865231211341142,-0.6053735259236674,0.026698962099634647
4.225408353080026,6.7422007939766395,0.0024450116521530143
0.8111419538677533,-0.14187745406041508,0.08908944119481532
1.7275464922454231,-4.100490812316615,0.007141123956651645
4.155940793033751,4.968634560843,0.007746966602296403
2.7694796719788273,-4.60305624767948,0.007548838393383031
3.880928985572041,-4.4742902369648245,0.009937129956946431
3.8889163330839507,-5.825304210767126,0.004290315312884192
0.355439503150598,-7.932253523040707,6.455837631031349e-13
1.7120328280051156,6.031511921368274,0.0005836744250943654
2.3951075272648357,4.013698684112013,0.010556082439714337
4.72612360790194,-2.335736292031008,0.02124539487236711
4.491144005080021,4.499689376893663,0.010077283164770417
2.115159914656099,9.224915536074562,6.52683323258802e-06
0.47832963743457524,-0.6750280993939981,0.09552912302211448
2.022711434401909,-0.23429286921993508,0.05385923924099728
2.679516663206404,0.5812150902586932,0.04342223241379813
4.521985956995157,-4.668796390887778,0.00929643282908074
1.4743963357060852,-5.039918802994849,0.0016532294746835988
1.5443207283449367,-0.23230555500347982,0.06349148908646729
3.135916172739205,0.014609220540398482,0.039715857727202195
2.525957775356895,-4.214360530096625,0.009417346514563055
0.9793447952940326,1.6462586696853982,0.0471273907266023
0.7236362442128969,5.4158270970632785,5.0530146833339886e-05
2.447486049026733,3.7915727234641246,0.01257747612918074
3.8969547820014023,-7.057830570865904,0.0016508702092049396
3.894156257783937,2.8478353989828413,0.020402384425708155
4.879018436602954,-9.931634210193831,0.00022135278882326934
1.9135909907899733,-2.146064662517868,0.03297521905061492
1.959946634051305,-0.7794430169394122,0.05162285009410719
0.009097473902646147,5.911135738439771,4.47492281480707e-16
4.149586825977446,7.601877859638908,0.001180228026051746
3.233142220340253,4.363954472560103,0.009884938360972874
3.8496105936594542,5.505044998590936,0.005294613686795833
2.3531159997240154,8.63227584812621,3.8199333740767245e-05
4.600967443204324,-0.3090570409871045,0.0285187517301564
0.14556898916357197,-4.405595696975406,7.374206530272827e-07
0.5764059136894417,-2.597182289467856,0.013494664481456791
1.8800866748575156,-1.4275231580586443,0.04469711179021577
0.4255295405678605,-3.6769350342838507,0.0007829545155417781
0.43943940982535956,-3.9257172242741945,0.000431208276500507
2.8343633967527255,9.653796874783232,2.2475465910822625e-05
1.0806100978495876,9.846537821459119,9.547204113096583e-10
3.1326760527856474,2.858561831152681,0.021729166953754594
4.646999110726291,6.195876716123202,0.004000190506742147
4.119411048515646,4.4228970669450725,0.010346574665779198
1.2421519377690415,3.6422345341050466,0.007832155959677057
0.4483146305566149,-7.069836173965546,1.9374767456358497e-09
4.750962341079601,-7.265563854922306,0.00198644333574024
4.972479656866624,7.716797253068066,0.0015385316792685972
1.872474497325896,-9.714657455426304,8.464408149945265e-07
2.303386305712805,3.5952775809627333,0.014020843220561695
0.7266683066503327,6.095706770970871,6.963882408097302e-06
3.5509039638884063,4.358260764180887,0.010310095086289843
2.1091680342642043,-7.1118147482902305,0.0002479272489595391
4.0150757262720465,2.810079915531908,0.020400749279769637
2.886483557122852,-7.530264557356283,0.0004607908428213417
0.21391904583316856,-0.7550544319590919,0.10569710050600357
1.674772702517987,3.096650462129647,0.017545289936516818
4.042980853350768,-2.562599056247466,0.0219761959512904
3.440569406919634,0.34491672822751696,0.03660423625248485
3.1626597368945775,8.939091007699279,0.0001132014919125234
3.362523211580391,-3.7922070416762814,0.013894701456779141
3.025184378117991,-6.499801920637063,0.0016236098006797164
3.205621632937872,8.15130231633987,0.00031907679516725827
3.102105523204355,-0.3349259096154551,0.03971779263736721
2.6671396975232913,-0.07286801732969472,0.044822012917271815
3.7887356271370654,9.07125186472473,0.00020902144142679482
1.8474628176061598,-4.643846675633578,0.004391430947333046
2.376191693202508,5.929553529850413,0.0017121832105585935
2.0072477845984493,1.2031187371621819,0.046388702183900246
1.0460524556096373,3.800355272008076,0.004879298531331325
1.6094448124994214,-0.5871276397959146,0.05960501484625425
0.27507538804950327,-2.322823288276508,0.010286668252617828
1.6276381696130537,-7.118796193824211,7.279740125348109e-05
1.9529154646656455,9.750004023466818,1.1439349993411207e-06
0.46692048824411914,4.5440219478119275,8.412811010959011e-05
1.1022756485604834,-0.8986101560251569,0.0663379923884247
1.2477087372142048,-0.1416452913021118,0.0718860396642329
1.137351041043444,-9.994923145759525,1.1521009950232243e-09
1.7511085076197463,-9.407849866868778,9.357917181072644e-07
0.7243805253498692,6.15153286947028,5.722371907462141e-06
3.657506784222247,-9.07660609095107,0.00018033118525169408
1.7132742765887659,5.434252197350094,0.0013994739199348083
0.6118261701084898,4.267281189119432,0.0005148091423901294
2.9679989066339147,3.5864786558249833,0.01525187683366867
0.8982408755871135,0.8901153768442818,0.0717886491393593
0.29028160338846865,-3.053436237518019,0.0017679162425430755
0.8164607101237142,9.451962390568053,7.163661744193714e-11
2.0999740602457093,8.214751220104787,4.031388139327276e-05
3.467544859637179,-0.5137013681800173,0.03602228491548435
3.2075044238563004,-6.49160068060689,0.001853521322012742
0.026029896799125707,-5.308448173151694,1.5639282467651406e-12
3.9664532625704303,-9.719676540909779,0.00012095107595333557
1.6784388923124705,7.44550504320522,4.606912924887446e-05
3.3985784547778493,-2.7317224920280943,0.022350024486160178
0.16336585853466423,-0.2836020346694994,0.14575123411627042
1.9689412168615539,0.5290651037558689,0.05342210245233786
0.09805250659551512,5.862665796310672,3.184686730142437e-12
4.081727675725576,2.3025941974819695,0.023523964050161425
0.9348359025808217,-8.614380705243027,1.3258308782893162e-08
3.372739537595459,-2.458080546044254,0.02471277407527578
1.3853308136305575,-0.8746293348963583,0.06056815915585995
0.6767555716882384,4.364720114615659,0.0005691683701672156
4.6514766952328825,5.68085170006775,0.005469656526931386
2.9751230789331107,-9.896745079183244,2.0853838696347725e-05
4.4531552364944655,1.9732899906305317,0.024016855224360967
1.5329970082531958,-9.405098986469422,2.6389100593351147e-07
4.149176668391973,6.709103710709364,0.002438933956976516
4.708411667031412,-5.1992127984024865,0.007176840394618087
1.975919133933941,-3.3373754993773534,0.015745284836733948
4.520655255992235,-5.341171655289512,0.006533115839134158
1.6754287133955499,7.355458536515268,5.421940874426457e-05
1.6229999956364556,-3.986310081391558,0.007449011280402961
4.978663360975479,4.842426437058229,0.008662868352197425
4.762052240886762,2.259373514382334,0.021507840811036797
1.143091729857375,7.254429685165839,5.9811759686972806e-06
4.186010135185727,-6.0447771852604015,0.003984637110433276
1.7122893882045105,0.34443157986621564,0.05925032132748579
4.896216869890134,6.673404126094031,0.0031048580696166244
4.249088143800316,2.2119606573245285,0.023487030064616648
4.524596506562691,-9.754903943007127,0.00019959451968993325
2.8683675574477925,-4.928718146059785,0.006062754491792974
1.470756761605902,3.686953045945721,0.009131811575942375
0.98762503188355,2.2317821193818546,0.02977531228072618
2.639359602730665,7.929652504370587,0.00019595263592360823
3.3575786261649117,8.510361103795933,0.0002487913802142806
3.7089431756185034,6.006311346620265,0.0035543358616775384
0.8519160628148142,-6.327220050171631,9.938919798655e-06
2.6794399628553105,-2.5600782248776373,0.02554645571260072
2.18054910047609,9.293712214135851,7.1470482637493215e-06
1.04112105488906,-0.32348194938439434,0.07771443898894413
2.76481158679412,-3.3200255445595372,0.017511987724075934
1.3795686090322872,9.239948832131109,1.3984306547567784e-07
2.675272785547751,3.9903844525760963,0.011474433807862613
1.0005467245043864,3.928850669117958,0.0036969244943423274
4.499712684579026,-1.7527085475926256,0.024889935702533308
1.6905141245979527,-8.129748057835878,1.215256515438395e-05
3.051673013288965,9.66991024757155,3.413273691385076e-05
0.6096649370994794,-8.303982407075976,1.9831924858070452e-10
3.1500859626423363,3.3193763621956247,0.017603813957172313
1.3602016964570418,-8.97781442128565,2.5273507079043414e-07
4.782657951855836,-9.713541051700304,0.00025459022986313315
1.9707713302066543,-9.80123229539602,1.1080957500761308e-06
3.03703278355929,8.848689895342552,0.00010553713060027188
1.0790668283164817,-0.7567597586558961,0.06991650683170468
4.307381014382,2.0405944504297437,0.02423107619817478
4.021664590602331,-7.173585255811554,0.0015924542698007036
1.2281765613788576,-0.24534260611549996,0.07200730802008258
4.5552425400305285,0.37606767733542057,0.0287154189793314
0.20077511017063843,-6.9471311406340615,3.465540105654425e-13
3.7628656025836986,-0.8394661633491207,0.032793426034108966
2.2893439267132214,7.730361945949284,0.00013904211271481003
4.17729697238482,1.5039577204904084,0.027545022371420015
2.32742983718004,-6.280933048922963,0.0010752281734850667
0.3279104783520148,9.106427913060934,3.3504348574368497e-17
1.1327276614792348,7.856946874961817,1.0794169745473704e-06
4.971874173584692,8.540135694979607,0.0008104258152544804
1.6708880138468434,5.618342792416142,0.0010034666223428738
0.8015260851271644,1.2271932275499946,0.06291876933009098
4.029154129027444,5.515357918986041,0.005464130550746903
0.22534913695250403,2.3882726501772673,0.0070615793608462835
0.33204375734381286,-9.886110889084174,7.442479915764237e-20
1.4875938972718306,-7.674357490698256,1.3655779690439234e-05
0.2370048731769836,-7.809087092487051,3.5526649702060725e-15
4.978563419461528,1.0772636293155955,0.025147468570536124
3.4556444304106626,3.9147005634730796,0.013076143627207907
2.597932204286786,8.78705105652152,5.203477091305683e-05
4.025831949781319,8.024552477703697,0.0007491110427828118
3.312434003059668,1.9566885734559047,0.029079224852422276
0.8663247683794728,1.4242720672383058,0.05510412114596728
1.0981689982444465,-8.633706249769975,7.662131049318657e-08
4.338471428606457,5.424231183656026,0.006089066621147038
1.684806633869107,-4.680820217054973,0.003581005044574594
2.238201713124392,8.358327169729442,4.533301732867402e-05
1.9556785606167326,-5.5758887353276805,0.0016325858717320743
0.2601490600252121,3.926448173138258,7.13997437029972e-05
3.5228685864180975,-7.754129275666504,0.0006735636576897159
2.7003704039310783,-0.1223506857412957,0.044384900176423554
3.380700409069651,-7.020382064644992,0.00125697215819088
1.3911569483357167,6.853708611147823,5.301578054380328e-05
2.034569541634884,2.2801420620822093,0.03056005090354555
0.9632488113582399,9.544806698002873,5.799031039948204e-10
2.0984131571859885,-7.179509448658495,0.00021897562939762703
3.267457058985169,7.122022015135009,0.0010454538298154687
4.72344521596234,4.686202994694188,0.009270910903486097
3.3172859994300383,-2.255742918711146,0.026600741445310057
2.625798649964994,-9.641955636131382,1.4017571889836248e-05
2.081836112490807,4.719369419546446,0.004883160647754206
0.5277484213049016,-8.037041316211651,1.0335666711227629e-10
2.3853714846599514,6.17886747902428,0.0012974387789946185
0.7755404658032189,5.969880677660646,1.5406470974113626e-05
2.9109359153954504,-5.685455929347263,0.0032611792250676515
3.65123538805292,9.318172804599335,0.0001346930268945007
4.732478058440962,5.858038376939955,0.004988293819822177
1.484264338439833,2.0917993550130927,0.034837388643722
1.984527693787665,4.69902679161644,0.004638014532574904
0.9147596976266614,-0.6337255086368714,0.07757436762811452
4.389702549402163,-8.143059297849277,0.0008402466673080614
4.120386122247114,2.7386050768949595,0.020628723120080128
3.8747994733661795,-1.675429370256797,0.028192280514886116
0.28645019274950667,9.577158116916369,3.621906839766385e-20
2.7835972098746082,-8.733099497421273,8.100363103049779e-05
1.1750678101773455,-6.789760412045618,2.2892882114070526e-05
0.5984259836115347,8.00699386464774,6.386398452273308e-10
3.9080655009169467,-0.26014862824331964,0.03304167444139399
1.0579068755384098,-6.137290981669605,5.874370730844046e-05
2.504058491238348,-3.7466627157044696,0.013117830328551744
2.630481742002704,-8.474001073589768,8.899208351339206e-05
1.0664100201948579,2.6782224162343518,0.02006287588126059
2.461305831611911,8.401610898867094,7.077416067781548e-05
0.26409948799998473,1.403960493812681,0.05208652680193999
0.00036224819246089,2.8396372008166164,6.365259673336999e-05
4.401609658321851,-4.143912625465871,0.011863845612820745
2.077943510430761,4.168379989833733,0.008239369824480092
4.537098994766778,8.303390464601009,0.0007928412809177152
2.4815367986412977,-9.072562107074457,2.5252065029431958e-05
2.1555414729408238,-5.654383202624443,0.0018738193251174237
1.4795607032930365,8.7325774953919,1.070694533050804e-06
0.40844468796519373,6.099463880071898,8.67705146806123e-08
1.5484732463226092,-8.594855017211271,2.216577081929125e-06
3.042351325869208,-5.341359354813228,0.0046587171511702
3.813931736114946,-2.696120484255877,0.021661403423510122
2.7041275882692184,-3.614183379705689,0.014698214724420428
3.791279218482094,-8.974643622220142,0.00023343929141244292
0.7887579582949372,-6.585667041775918,2.656068783585669e-06
2.9161996583958687,-4.3526019926120245,0.009406437816316754
4.413016135128552,-6.937327031180196,0.002256496161172192
1.0898010382040169,6.549034048654988,2.5910787738288486e-05
1.1383446919649516,0.4082486213712162,0.07349870776795561
3.742162565340253,-5.5710535438211455,0.004929262262223249
4.060283924243977,6.954494216873574,0.001941441734545897
1.240231648470496,5.213333208773825,0.0007574342918053455
1.657849020938889,-2.2744526156396194,0.03114089138462683
3.158847002253059,6.824184085979404,0.0012979138660753104
1.992158565945949,2.748971433912324,0.023562324056468235
3.120054850646264,2.4691883659270104,0.02536615794171038
2.4821501604836254,-7.921637489582219,0.00015143206611510225
3.868256545393625,-1.8359045899076865,0.027276338163696335
4.229443234566621,-8.571712606712257,0.0005126514569172421
4.3191360465258,-1.9817453538304246,0.024500946046780644
3.0576253886492157,-8.811039582204858,0.00011457289635419509
3.0629205225962517,-6.14246207642929,0.002346182161165011
2.248234494097029,-0.8723797497396006,0.04682401304218536
0.1380702248165272,2.3616423688864607,0.004356380643899117
1.4959010973163123,-6.380647471323567,0.00019151205222698719
0.318488592503704,-8.352129383449856,6.108883101800996e-15
2.1889262442987656,7.474413322601276,0.000167615200065572
4.247426244913071,-8.33091331628257,0.0006509542581244643
2.984010088524106,1.3744079807887548,0.035654729711076305
3.377662991347785,5.825048144345695,0.003613748460286081
0.9400398588853748,-6.649187015431175,7.721969384448014e-06
1.3097657485139713,2.926334995624069,0.017803126513807818
0.8156607648644726,4.612440085233345,0.0006070553904236989
4.213443811302153,4.143826525952736,0.011870916444383829
1.4015650649374627,-8.965805505258952,3.5127084966004455e-07
2.811631548506146,2.831773309558404,0.022415216012382215
0.7056430650950424,-6.857677355226139,4.3274976952849156e-07
0.6199445416365584,-3.9606748742691593,0.0011104977358026562
1.7379168160800873,8.576274231669725,5.729600454960462e-06
1.6517657903000864,-8.955369114237852,1.6220703569136643e-06
1.6442661690570393,7.234573067316994,6.165292264808105e-05
3.004663935098781,1.0245511220355592,0.037865047288184114
1.5799507802022221,-9.373536160537032,3.864689763142817e-07
3.8436793448738564,5.0799306171607554,0.00695967418934396
0.45335384123320666,7.150041467175278,1.462441463982683e-09
1.623929288688143,-0.8489686232071776,0.05640760144679759
3.3459656425103135,5.836783841867394,0.0035331032019286913
3.0146605523876504,8.209416604093143,0.00023485496624299273
0.5975780918352769,1.36459415975159,0.059077611065624
2.1973674656741875,8.333822244381778,4.256616725180099e-05
1.5461073143726833,-1.6605007460426577,0.043552428592654596
3.159352161573863,6.237302919835802,0.0022778597030775854
0.6493513978640181,5.613319988575542,1.551982766743718e-05
3.352829614918538,4.378597448225811,0.009960987348426152
2.319162656348949,-1.7710791199327005,0.03646073509934348
1.374449939596285,-0.6354617746857976,0.06426368222196624
3.7372199683203804,-5.812113571426913,0.004144749469629023
0.9395492765662306,-4.438273184460582,0.0013291880047116326
0.761189692815259,3.6452030901398853,0.0034499871223970563
0.07677968282272907,-3.491225457379967,1.5481653628289276e-05
4.30650178156351,4.485926108143721,0.010095921439891966
2.461827703567189,2.488209009268287,0.026827258814781336
2.5835780466077276,-2.8707277391122528,0.022174680948406668
0.5738130835291766,-6.647634076079692,1.5597376646384569e-07
0.5388806802381368,-3.6049382879666965,0.001735840509710036
1.6689170244735148,-2.6954048382303775,0.023709447130266573
2.581153220093057,2.915643615421157,0.021672603122198125
3.5043610952167477,-8.763557382737988,0.00021854279522230484
2.496351782564642,7.3223001564684935,0.00035691216756873707
4.157792155195203,2.506004095738776,0.022010363509813488
1.8869616587349451,-8.93644840304874,4.962055235399196e-06
0.14043995977350732,-4.970882758417368,2.1225223238495995e-08
2.1307613751305636,-6.987874212545999,0.00031060974239288425
0.4250131465868301,1.6368113281703955,0.043246723996581804
1.610272136818458,1.3803295301431362,0.04831437040060107
4.925773415592038,-2.715860574485191,0.018808861082114003
4.286771285605217,5.1955391746249795,0.006909478614081008
1.1822785657946948,-8.764556758010649,1.1155963898882037e-07
1.879812156563544,6.547395539171941,0.0003705478596578806
2.1558256547215535,7.770562488198877,9.789275243500463e-05
3.819341888500929,-6.282478696158076,0.0029942220092406126
0.16728563910282546,8.808886864502817,9.832749502182112e-22
0.19311385013951687,4.647303363961498,7.524240498787466e-07
0.5855893376435772,7.868915762831918,9.287955542643494e-10
3.141624912925371,5.8296370965926325,0.003239146459527219
2.0727330862222364,-8.641759218907287,1.7224537533012997e-05
4.24462814381167,-5.06213051838775,0.0074182570568399175
1.4202894511391861,7.017731883027697,4.223024327644747e-05
2.4462601490471685,-9.03827350435795,2.4482296100972538e-05
3.5339286076487215,4.184177549124966,0.011355533119170992
2.7260059858250463,3.62690894457792,0.014617722604577612
1.5839998887847968,-1.1197686119618453,0.053122406608593804
0.762713843066754,1.49650889862448,0.05297002313271608
2.7030170931220603,-4.789318909916607,0.006369866307841825
0.7107825113107413,1.8131822236742003,0.04039230306641167
4.696522298457228,3.7616422399093317,0.013749866006373821
2.699453053053202,-2.287597408058117,0.028526958584151565
0.874576524284631,-7.039413075039594,1.4201540124620347e-06
3.6032127345845373,8.8990873733383,0.00020850990308106306
0.5177359715988611,9.790076082657361,3.0225668388051257e-15
3.8582239498701005,-8.601616660242415,0.000371737154323127
2.2864455553952183,-8.886949809131723,2.0792507573187463e-05
0.6633097775626601,-2.7464501321276025,0.01242163176771881
0.18605518154400758,8.789384794681528,8.645913492981017e-21
4.966889968449525,-2.4006470491580156,0.020213588854940696
1.3718414504381564,-5.423743065426779,0.0007346952657392173
4.761243110358531,9.524379184195261,0.00030049928566031005
2.5091816836852536,-5.328888438268214,0.0035745001457710875
2.5150769196274076,3.6936170259459455,0.01362131373353604
0.455348591860667,-7.765809251805176,5.927926080341946e-11
4.753529094189875,2.642819383758191,0.019604656924227595
3.664479322750434,-7.100952475785998,0.0013994225615571575
2.593639190797756,-4.425880930062935,0.008175466396115855
0.6012856953694301,-1.2700141524235615,0.06355266360947927
0.8783828474414274,5.300337383430232,0.00017078300554628656
2.1608330257089188,1.1031685229209458,0.045736721690309096
1.8112941036610848,-6.39848666134437,0.000405339548352935
2.790690034356664,5.09795681855719,0.005120628620687906
0.3817198737860439,2.7544822566728673,0.006013861196816848
0.20173009659169905,-9.615474873099162,8.742063986324283e-24
2.555515433450271,-8.688021545615584,5.544493551130969e-05
0.14250690464536142,-8.157660119952757,6.149196585052116e-20
0.2977597700508805,-5.009873903551878,1.3894220668819517e-06
1.8817072909520316,-4.465603419724539,0.005473112179168862
0.3088953486740098,3.5497640171229214,0.000462407180658407
1.9273481330817503,3.0065729343708654,0.01979602711379517
1.208752579547182,7.440063574322473,5.5657729697532145e-06
0.9388514855454383,6.306290308357486,1.948374687132936e-05
2.023399157431314,5.771017849448745,0.001390639551637284
0.5995195281562854,1.7781306165730388,0.040298265719447696
1.748196835596354,-7.867346634403005,2.57416052127651e-05
2.1743681468330145,3.754970806131741,0.012073112108266318
4.150014734800689,-3.9535700900930166,0.01295211185073661
4.6640309124111115,5.6678950081042245,0.0055199420577829224
1.5416921723311627,-2.6662643237326638,0.023747711372378834
1.4632102487021814,-7.311879301203017,2.699775263184398e-05
2.8325913713560906,2.1061682117687326,0.029942174371879238
0.6870721320016193,7.6561083467599005,1.5586449844748703e-08
1.7485609236402873,-6.482837650314721,0.0003094123763924376
0.2660818958095368,-4.111481669481485,3.764887102636098e-05
1.8953407189106382,-4.711320342739258,0.0042519960674718875
0.5707567286155524,5.64554328746679,6.337291591029609e-06
2.80906455901148,-6.956413707447653,0.000827315290946912
3.2079686719783087,-1.1922071666711958,0.03520799028799088
4.935457683383479,-2.4679433670595614,0.019986357217954904
0.9756933112971999,5.386617901370487,0.0002203882164331382
1.0360107440123194,-1.2117498488111913,0.05976094363972625
4.7370975929488255,-5.021891809282691,0.0078758505394383
4.323204192284092,-8.387671235292967,0.0006484342209020891
3.0802702471860943,-0.2836119916334727,0.040027959700420536
4.207036183751045,-5.0196619864700125,0.007567759892796869
1.0484607236074424,3.7101361176809746,0.005581512181477711
4.3701441143171795,-5.198337295734239,0.00696376687503926
4.336537548373203,0.739824210049667,0.02937428672003889
1.2405612424003132,2.7313929904163086,0.02070232466835846
2.5418665712993986,8.013554823785217,0.0001476749842833261
4.648871319455022,8.107698181866795,0.0009912318112176408
3.395749980837426,3.3699695310749043,0.017116648014638094
3.3025955266037026,-5.731480727441902,0.0037787388896653694
2.7988230028218295,-8.795500776582115,7.610891723940674e-05
1.344157823466251,5.044348993543018,0.0012803820599521073
4.892076857556295,-2.8004045950583816,0.0184664369419503
2.2375482281109145,-7.586451292222365,0.00015591140788352278
1.5572504827648193,6.70463810978697,0.00012684774335864395
3.642903548408886,0.7413006610346997,0.03398814889399618
3.0385240663023376,8.980246085861058,8.850663087291367e-05
1.711206541023063,1.5774874519735267,0.04381860095430381
1.5189579542851868,9.025605558806923,6.460923021930681e-07
1.0725334258126618,0.9706154795041417,0.06536958469986398
0.3924321837012973,-6.560239851621022,6.392343190864576e-09
3.1285545325962936,9.279398861518871,6.80159513304346e-05
2.528468190718776,-8.203991264512654,0.00010919567219762078
1.1742420537642306,-6.346916532343454,6.328612176281958e-05
0.27562262791681336,9.918057690865187,6.436308389654278e-22
0.09450534131881849,5.571936463976989,2.771736136256279e-11
3.6924796483255866,6.816536337825589,0.001828643058703309
0.9412659457758499,-0.5702823818196006,0.07788894025636325
1.3332180969475331,-2.4264069881683863,0.027452395595315027
0.0705609689029818,-4.569655901486227,1.4837288813334999e-08
0.7531952741608944,-8.923319721700969,2.233000833876764e-10
4.372228587812479,-9.053652487921282,0.0003566914518448479
1.2103041737122888,-3.4402382746526206,0.009666414282332635
4.76979099241536,-5.522458191879391,0.006065589191886315
0.8217341920006949,3.3357800770698063,0.006637252477612289
1.2663072932982216,-6.607581954421205,5.350225657285058e-05
4.338549842384962,8.181012152157493,0.00078900148594158
2.1330416934591057,9.354530870029631,5.393676037661917e-06
1.339144695968029,-0.5021555057029197,0.06668556964954585
3.4640688136008984,-8.977675041926766,0.00016161689628672296
0.2561420199111991,-6.587311371458011,6.737268781845323e-11
4.453025882892523,-4.656498710259855,0.009329268291219491
4.207807726783298,7.5195597625792985,0.0013047452598828014
0.4289851756621793,7.765379228493586,2.6481677577101125e-11
3.993093733122473,9.325941861859665,0.00019375074287125205
4.805852209415979,-4.747086968158952,0.00902516855764247
2.4603480957744672,-6.483568005973104,0.0009833155231655888
2.8407667506301895,0.4965563807545248,0.04196936609150488
3.3989837011296373,-3.112829065380332,0.01918606463793711
1.3336347160800548,-2.0373726379395034,0.03611350384240568
3.248306294941874,-0.9521809126510927,0.03621263635015126
2.3743375005147103,-8.781982972574848,3.1379481068156596e-05
2.0277090230678914,-3.5080067433626922,0.014014642796772605
4.514007797937524,4.864258812227826,0.008428087680463114
3.9895155497424195,-0.42683752189495117,0.03224137449219424
4.673038141018136,5.3098162103726345,0.006747405639918625
4.183259124435531,3.4467885866179557,0.01599571571514226
0.20905300576650687,8.823176557477254,5.591729454208916e-20
3.032646955379117,3.8070064526071405,0.013514985125074043
3.4881844075773545,1.1909860727197348,0.03318804240641528
3.3242873785815004,-6.856570471379008,0.0014156822398539183
1.3597821737917537,8.422114033089027,1.1310212265587732e-06
2.128151757324958,9.934402921422919,1.6356608844004448e-06
0.19514569041797936,6.849554218046055,5.297768540413655e-13
0.47047063847836634,-8.130418599885614,1.2275825364981033e-11
2.802559503095919,-7.771551865875638,0.00030743232220565713
2.912058822327901,-2.701690953419922,0.023600443088404664
1.006146453118194,3.9204662850803107,0.0037869520283166105
2.241013618707731,6.538089440096176,0.0006939479603869184
2.3603862987433075,-6.383695276551329,0.000986643449113653
0.05668388767590127,2.504807555064268,0.0010789996077085393
0.7126039165124648,-6.808670348061554,5.604499775201929e-07
3.1215002864133936,-7.757919067729935,0.00045957301406790836
4.9641005389880855,-0.5805543703695726,0.026230337095256923
3.251958739687181,7.220877786996802,0.0009333580868027718
0.6010833359392997,2.5541132723473776,0.015021039398341676
4.107201485495533,3.6308730083155467,0.014911457529819221
2.1576886059079206,-2.1366769918076773,0.03233095244406468
0.41850104607222105,-4.662392678556007,3.457351471885794e-05
2.9991229166301125,8.641929595613046,0.00013129251232795703
1.1402304908245946,-1.7718305632138716,0.04302875635859455
2.083908736897647,0.268090056243409,0.05273653050175717
1.5914712493717564,-8.55555973538108,3.0377446764649245e-06
3.2142697375361973,-8.61697219857154,0.00018342685044094346
2.15517336403311,5.161279567099879,0.003260676600738156
0.5199104660823822,8.640120032885086,3.211731918147852e-12
1.078377830660271,2.7339081352176855,0.019081181344357993
2.502226368190308,8.000911402276301,0.00014000774841936786
3.9459211353537986,5.47905481463793,0.005500710834001724
0.04871632618817623,-7.422692904988182,1.7160314478093126e-21
3.0621364199470005,-8.666852677684396,0.00013953094035020307
0.579408793378331,8.841785983188423,6.04897213718892e-12
3.0202471188408477,-6.767917971574859,0.0012325533303868873
4.184038177391245,2.583123304126884,0.021453773634344444
1.142414832384675,-5.284686798981786,0.000502135137930248
2.4775737623863385,0.31096260763488814,0.04684496756801345
3.8702646292226754,-0.2495220185397642,0.033328313205359415
0.8778873962731032,4.374585927628088,0.0012403926846488293
0.7628057135098076,6.410745854621137,3.6174694919456747e-06
4.525229343196301,9.977096744749531,0.00015874271401617718
3.4732332568694826,-5.829446359940588,0.0037388100971654484
3.682866815211108,-1.2667305428405218,0.03150667428276572
4.2198431380602015,-2.479832054774416,0.021989424401090567
2.697128904425057,-9.324113653297895,2.7879712188037563e-05
2.4420274959623187,-5.263459526645287,0.003643837943111382
2.781286757916901,0.9289754248842801,0.04050291305839238
3.585089844660704,7.538867958313386,0.000877799249543656
1.954686525761307,-3.724045657994182,0.011493609481946037
0.47584123358491937,4.028455682397372,0.0004182251647583664
0.6779844229144233,8.801955275046378,8.362284142718397e-11
4.869514790212018,-6.412662170186625,0.003645803880973023
0.2585883117039123,-7.828588311631468,1.1273502370007555e-14
3.558096687245746,9.730755493390443,7.168979577238246e-05
4.718407642105016,-8.999482178460443,0.0004754451229217688
0.6462977362029154,-4.379858702586019,0.0004698296480964113
3.611321889260391,7.386795625515237,0.0010364036177654972
1.5122829899015533,-4.491594912717369,0.0037012251795427793
1.1848250915558194,-6.489383243224259,4.8251418925709887e-05
4.2631130410653775,5.636623653767632,0.0052878357258370505
4.546768457929919,4.514082092729936,0.010019250738109877
1.7352525469619007,-7.844543429127859,2.5720249565822846e-05
3.1632376835463374,0.03584162466209584,0.03944556705924388
0.879688171672306,7.869535068455249,9.622836320479823e-08
3.9487971821312633,-1.5186753062651466,0.028661876171407294
4.406199439378532,-5.556493794584201,0.0056844511246237845
1.5933617609076434,3.8877298849147195,0.00808645798781919
3.2648349212374086,-5.441164704300554,0.004685076176056412
4.3820884894574625,8.159082505186483,0.0008249370330687589
0.0768745312487823,-1.6235860347644664,0.023115049934336378
4.278676310398775,-0.2442923648030444,0.030532546612510692
2.8605717208602726,3.8901117835160033,0.01262219367413687
2.0700769238757557,-2.809685735170331,0.02279880202966116
2.6130792342437563,8.840816213623825,4.944426632813695e-05
4.12031004030996,-4.541841046899188,0.009734692774877634
3.610647747750148,9.31484688365633,0.00012874096434105646
2.506324253411247,-2.235900295261075,0.029789448463530932
2.4382616296871102,5.606092586591121,0.002570664848036178
4.496288563476918,6.199787960803558,0.0038661470030421875
1.161711018018039,2.4206344964657927,0.026547714842790487
0.4785084790456984,6.237425281313499,1.7770711187191904e-07
3.3931905934771596,1.8148965953892304,0.029766791516324637
3.511058561028822,2.0469481328214876,0.027472961740837198
2.841930134104793,-7.186454408895678,0.0006575591487891836
1.3126827253907802,7.809281235695121,4.063385060279495e-06
1.4797653020238317,-6.919922198961606,6.47266339575873e-05
3.0852161443085353,0.10731569532864782,0.04018591518514247
1.364791711740162,-3.6331713686966394,0.008895014886344442
2.498106062004704,-4.2295387901966315,0.009230472340028106
1.6603717494229353,-6.607348034350668,0.00020236601802505507
2.5521908806732467,0.9558377347446729,0.042659089163859173
1.1468194984471725,6.8907938200354835,1.537470752810787e-05
0.9903023915764159,-0.06158176840615681,0.08126358008343275
3.6699916990645476,-2.8020323641580287,0.021208437120214214
1.9286376868020327,8.542216744038633,1.2902500019284344e-05
1.1628309558235723,-7.323009831486205,5.666982866326542e-06
4.292102007410801,-0.39361663529920676,0.030287569217106864
2.008502382600982,5.228222463321783,0.0026412626619085064
0.5793508263027386,7.958465877168262,5.293556391671769e-10
3.5402398192277618,8.555607813198773,0.0002884726233110228
1.399859946208521,-7.759906682316831,7.375475875484022e-06
2.8262112267952064,0.810897729858258,0.04074206051519421
3.118465201310796,-5.7694890810837745,0.0033723424539411654
4.812871855459602,-6.4566271922354534,0.003505730386717602
0.9555060030758356,7.311955064027988,1.2665825684222334e-06
1.4208602863516917,-2.6185279056583433,0.024058610957985265
4.661099160391603,-7.878727756810624,0.0012013071490799049
3.591464531570004,-5.634917314062353,0.004511719818813124
2.246654984876061,-2.381808988852341,0.028644667406658525
3.6738669861464466,2.9930227322240945,0.019756743436114506
2.066925616048164,2.4845359578083492,0.027447886610136273
2.050257606894891,8.490015884383581,2.1273108737020664e-05
0.7820837711205691,-3.6941230607752162,0.003338731989209422
2.610241232963914,-2.0577945294950855,0.031455507708091975
1.3133220709251392,-4.338486673095813,0.0034570665766813515
3.1679671797664977,-7.668055258420425,0.000534254168692141
1.9930309141968228,9.219382849766987,4.204907072566313e-06
4.268605163646492,-8.079094356079716,0.000829385306767111
3.856812955652618,-0.5445238542766244,0.032954096892629736
0.7396661659677956,1.4002024344902786,0.056891032259599496
2.9554598159280756,4.0041452799124535,0.01190237322487592
3.5687031024190223,-4.558583347406113,0.009187926461359207
2.5722045580491275,0.3213955595537925,0.045606048353535586
0.5697364099541452,-2.247008197820133,0.02237053158770249
2.516236970619677,-8.060838478190245,0.00013165956536636894
2.1644949482814884,-7.58984992076722,0.00013310628320221919
1.6287721799321164,-1.9263678747334279,0.037833365615210675
2.912677857730734,-9.929518484400434,1.7327392532124564e-05
1.6243616649382049,-9.500593426275774,3.6693149658057506e-07
1.1777834350264527,-8.934709169495347,6.324719801165794e-08
3.6795063769219056,5.308041255377201,0.0058148528605805935
1.0668551069127115,7.7879545795244844,7.81935730195113e-07
4.026441277159182,8.085341948459206,0.00070771473331102
4.8958050310919,-9.837539058160989,0.000245305188231433
2.2061935822657963,3.0837157766118253,0.01944041591645229
4.061961929959334,-4.271496822152865,0.011138689929729283
0.8418386419490936,-8.602410402934133,3.8510056000618294e-09
3.9865175110040187,-7.92487088121897,0.0008013660005443342
4.8123357926686685,-8.66533857293213,0.0006735779006835547
2.5851169708495148,1.0053516525090966,0.04195051742231381
1.278599021039697,-3.8624867181682454,0.006203956633402009
0.8041313413831325,-6.67445680202797,2.318610486998226e-06
4.583134146419322,-7.090477161322024,0.0021352375462241747
1.6228626934334711,6.788218665759448,0.0001324102795054726
2.4850186544153297,-9.548985066134993,1.1320037776452864e-05
2.167157755859229,-0.09485298920038865,0.051739819163796476
2.1760776022817865,-8.545172405361237,2.787391684529708e-05
3.8262913022562364,-7.080944104662881,0.0015602752336384563
4.675791596575138,-0.6941207267620975,0.0275470492888414
3.183873386140335,-5.8620416773904305,0.0032159826307229544
4.785691112236066,2.7338930292501367,0.019053786315479642
0.9522233430401689,-2.4203391737781104,0.024525004405384247
2.819686383141984,5.689594773620046,0.003083390528487871
3.4275349268919553,3.1578926479963663,0.01879096499872356
3.5748816481307837,9.558298223299783,9.12111671598406e-05
3.7792372554985243,-2.8592720409900725,0.020556985870584216
1.6657505081708228,-1.076927166505664,0.05257251419235634
4.410972897512945,3.3639672411202035,0.01624022493549612
0.6585278122595045,-1.5583660653988929,0.050351557667898714
1.3926785717450607,-5.218862061182232,0.0010752999735605547
2.343570002883126,-9.866455472762784,4.131174270504761e-06
2.9599904629392597,-4.487882145968928,0.008648726451362365
1.4764209082145823,7.283932423063643,3.024584802414423e-05
4.539128224756795,1.7907821874266805,0.024549166805038478
2.259234157587953,-9.906996197249935,2.8527266380469e-06
0.501686670578424,5.758546354239254,1.7800804935256451e-06
4.095258828931353,-9.687766902909551,0.00014390177679860232
4.827269478753939,9.063392875122808,0.0004796536567874231
1.7316382504292243,0.27619539823816197,0.0591703497435829
2.773217922926088,8.161838951084338,0.00017658013444047337
2.915353013938759,7.718514807611708,0.0003799270644506829
4.008104594006906,7.705334167107772,0.000994131445227864
0.7591913693078772,-2.483955626718883,0.020009679068451615
4.2062703201502245,-6.282434292674742,0.0033978694567086036
3.6080475062565958,-2.976179883762244,0.01999161047639781
0.17460047970609016,-7.314467939406888,3.145541466014355e-15
2.834575856361167,6.687846547466968,0.0011427403688618598
0.14016883554480997,1.3718069847205712,0.047273327737645796
2.482199736680199,-5.028352205972095,0.004668540068972653
2.9970655890889626,6.399651393624552,0.0017564850951763999
3.1743985281459026,-0.7822892652321105,0.03762202868326002
4.634393343438556,-9.782410575822764,0.0002123926858393898
1.485285094303919,-6.9340649377947035,6.418787854360588e-05
4.222829298692478,-1.564874790241916,0.027031530024473744
2.261106066852073,-8.447772817774204,4.132756629508242e-05
3.3346992979422434,2.866989856251717,0.021330092385326696
4.039717114613166,-6.053472777752386,0.0038094506010781276
3.6202058295440604,1.8822187902724234,0.028152840807795582
3.9775029444446885,-9.811652644983306,0.00011009894270052489
3.180347536036,-7.103986631549386,0.0009928772753972004
4.003903044524642,-3.481374797511818,0.015935926932914863
4.545067383868188,-8.246360763528832,0.0008364664038832754
4.522094207757908,9.670643916405975,0.00021700838167803378
1.639441097520871,-5.359654569438835,0.0013802156193386673
4.859864136776272,7.973702672046841,0.0012128225859851637
0.288334981560322,3.7273648716524406,0.00020888329293075163
3.082013467160837,9.17132221508907,7.310892851985095e-05
2.476122788509603,8.209912379250348,9.777700771295165e-05
1.152380350797565,7.573222401945042,2.729870455966445e-06
2.6757402428994514,1.5554647340869323,0.03638229906662969
0.329773298500447,9.29284828067043,8.551580513496687e-18
2.7685707879513717,-6.383598345606916,0.0014932465789299588
4.2723272093692355,-0.9161550557023617,0.029283502774475254
0.7048620628145041,5.622530088094134,2.4257460218806767e-05
1.6267609337043587,-0.32976304785016275,0.061144190258106704
3.155616355258999,9.888447831423573,3.0165504503968553e-05
1.7965063934356473,4.662964996629757,0.004101328468173699
2.0750151357384117,-5.8728911119202305,0.0013062180689364892
1.6922544908001014,6.227912883079043,0.0004112763776078107
2.4133494780198044,7.749236971300498,0.00017157762198075213
1.8659797686365254,0.7883432576724676,0.053004968427663654
0.7212416162293767,9.810803785881813,1.6412065199253342e-12
0.9940639809933705,0.7180693759496961,0.07318242473349888
0.3962329501163131,5.462620562928368,1.15915175352086e-06
2.338285338595501,-3.519427272971953,0.014871645224848325
4.227019672543669,-5.223400976945163,0.006749279993527495
0.4527554169259451,5.675209516101569,1.2047428637790895e-06
3.293627487575841,-6.140588842645878,0.0026725847928201
2.1011158022675125,-4.321402599840749,0.007256555860032262
4.356905107973685,-2.6356933146351302,0.020670749580049916
1.8165677291535953,2.490142784692793,0.027397035710339728
3.4722169436597667,-3.155274272735669,0.018767331277712462
1.9955611326801448,-3.581494718138652,0.013106197735068706
2.709742204939081,-1.1387133476218008,0.039730511930473514
3.8747282072115565,-1.0043604034403977,0.0314392630035816
4.83928541724733,-9.580664592442972,0.0003008127647231565
0.6744372378310343,-3.670472265425653,0.002543687331151153
2.645485304345226,-0.606749805866265,0.04369611247942411
0.6613432119219864,-5.290224926723274,4.541978167861581e-05
0.15251860071189394,-0.4599170240231292,0.13612182017813995
3.7397531012660497,1.3857730984141998,0.030538830442718205
4.916356594220654,6.790367439440917,0.002889928508391883
2.9770164156814003,5.494926504233959,0.003984911496922236
0.36216322502258036,-4.867430545401645,7.74162972901118e-06
0.3086398945582852,-7.425533418216075,2.4926441876317355e-12
1.5727368183390467,-9.974058993661199,7.508837899114562e-08
1.9044203021418111,-2.0276195809756263,0.03494924442262265
0.019332421205102146,7.107300397159271,8.334180633160022e-22
4.213414515662494,-6.772142082158988,0.0023800072741901605
2.3428988319139012,-4.265607483395176,0.00850064599558352
4.978538410402586,0.8640545245030395,0.025650231872905157
4.420734675473726,1.8763650902864697,0.024630645307616394
2.503881539059274,0.9445246502344684,0.04326258674095981
3.1352906383895895,-9.949275457073394,2.6562893062335764e-05
1.5727599962604306,5.414335439068376,0.0011354465167768043
1.5167805220674309,8.006048950452328,7.4405721492374725e-06
0.6510248110535127,-4.944422714293011,0.00011180284471840475
2.7270010817761507,-7.335674965678858,0.0004809576672519387
0.40835632541743383,5.369316325786272,2.0824463056610007e-06
2.234298296142194,4.6006539482318765,0.006030113523479169
1.6086220996348843,5.860974913295966,0.0006150165294543255
3.9526666770386845,8.37887957974511,0.0005044882971725535
1.9072280689235925,-9.11518410881124,3.7022154534686573e-06
4.507476509249658,0.7406645860622447,0.028381467366638293
0.9476521504538049,5.781477386123113,7.753159354449545e-05
4.6527328708103,0.024680507007676766,0.02835970923906948
2.966433223020277,1.0428457907709738,0.038086555779689925
0.6012080111293233,1.3324624636976186,0.060591028423115256
2.5107508524997044,-9.79220893669529,7.932849878175922e-06
1.339590936953804,8.08577069289817,2.374430242245398e-06
3.7451824848131645,-5.784246476485415,0.0042396961188801915
3.2565471940564783,-9.490838044737709,6.26753030066838e-05
0.31368255658956345,2.6687786163573612,0.0054825645648567565
2.087731099341454,1.2034798728113536,0.045463815600242
4.435681015538855,-7.444814581412141,0.001540619852005587
2.039134963220385,9.965893925814171,1.0493149248084125e-06
3.718152808271028,-2.170100977881164,0.025726167955566606
0.5669128561577619,-4.680117690934726,0.00012827966426766583
4.334583134518911,-7.976061927214156,0.0009429512558210435
2.5121588169251066,0.6907456148332862,0.044824889444279745
4.737860841150421,-6.714486654806107,0.002910071954661064
2.686605859514768,-7.0864915086436975,0.0006204426618245091
3.846128419474872,4.550162987912783,0.009505827118661775
4.860569479621074,-8.662786502599884,0.0006924250478351036
3.6467350496498114,4.263035961681712,0.010962547488249487
2.886366681804245,-8.60709490306061,0.00011531511060626003
1.833540698046638,-2.113728579353415,0.03374031125996518
0.21262543762954333,-7.501229701617643,8.964009969252902e-15
2.1627285457899004,9.693174139611727,3.0668602617294774e-06
2.062402289652244,-5.275086296757225,0.0026416012649737018
4.115311288187769,-2.7107555288297096,0.02082107025104627
0.9462635309898471,-5.773376279733755,7.848186694044801e-05
3.713224259769243,0.8776811205597461,0.03300723561139787
0.18781806444370608,8.445368353571553,3.045369409497921e-19
4.431826640470998,-0.34682916622059423,0.029480236368212023
3.3397129805649577,4.8426634207532615,0.007381132649605537
2.112218936353047,-2.902227968441988,0.02160071666848126
1.3275386106701004,-4.352214967205557,0.0034649243374316042
0.9220052004767221,-8.028014698263314,9.015454033235139e-08
2.928225678395055,9.397976678651045,4.022602577315409e-05
2.0511933748338396,-2.4297559542759517,0.028274537506752875
3.715114462666238,7.472260149872131,0.0010248250333185062
4.533872757437819,2.393928839757841,0.021534737539294378
1.4782577302620274,3.5642502300143146,0.010444923151570395
3.2495017860166553,-0.8546666307583095,0.03666149100970088
2.1136109624504535,-3.4550868604476186,0.014895614268686342
0.21369496510402874,-0.5261992090246732,0.12381427592310479
3.0771633649282886,5.327604226311131,0.004776431325636081
1.818512829134515,8.241888540449647,1.5765254567156226e-05
0.06863022663189888,-0.094175998295432,0.174724488754084
2.361399905326013,0.6172539487847555,0.04711597205687969
0.45834450436031626,4.649163136677659,5.51965100381152e-05
3.140848288652279,9.186927913118417,7.870408825511036e-05
2.6324818270464974,3.156449267671581,0.019076975498748896
2.5017437158143485,7.000965723277815,0.0005465810355361292
4.684396042446505,-1.91763777154158,0.02338989654749997
4.402136893580958,-6.410264881915668,0.003280801436593064
3.569669833057257,4.09429424978628,0.011952677898938882
2.887703553609195,-5.0987156388689066,0.005329846270152205
1.2618465685124824,7.7166855856613985,3.7935508538007035e-06
0.040813837233046324,-8.425527866369766,5.7930057584557115e-28
0.5981737012220917,-0.4813328537795307,0.0955260937258761
1.6014711498126148,-1.2722341893353004,0.05032387386619718
0.9836392295442686,7.247083549371975,1.946877001565743e-06
2.8500191123944414,9.37572635622329,3.563082480955482e-05
2.6747490874742024,9.072524754969841,3.937533650158845e-05
1.9489572247039648,-8.9014041026224,6.792313470577113e-06
4.002722627652871,9.815323928907262,0.00011277655333009249
3.6557857292581666,3.359333875652723,0.017047922223797266
3.4394143296195043,-4.954275426631516,0.0069957374785544575
2.5133762372175155,-2.459121259583954,0.027072394907027664
0.21722614711830568,7.773953032779055,1.294552904052825e-15
2.140138645376262,8.321053170644973,3.737439971475279e-05
2.4959091727584775,-7.562210182256597,0.00025767858796549195
2.2392379816825256,-7.133690823246692,0.00030553281686597375
0.022373133558665215,-9.116089761008435,1.4282940927741156e-34
3.2621442939262613,-2.123070905643985,0.027938239906342893
1.2869638766541913,-3.097288211119169,0.014896945896056635
0.22329412179722563,3.4542962266071022,0.0002603155623429741
2.5173430468965936,-6.76709902337304,0.0007464138218991502
4.602736913306111,5.939557591726928,0.004653777764181808
0.1472014168301411,1.6029591235986018,0.03102729410097342
0.06870796535721646,-7.779832543140836,4.227808948899486e-22
2.9387404343136576,7.9370514653248705,0.00029893796551328384
2.714931186541941,6.988534647897456,0.0007204660884948867
0.07853174256414297,5.081982753558211,5.047862699383833e-10
0.5153437533720107,-0.4051724877810603,0.10289678465522205
4.181973211473467,2.2075866711011667,0.02375155709280732
2.263192232483697,-6.04450038777,0.0013279734245561124
0.6219363332051342,5.195977793575004,4.374514732823836e-05
0.779602420803947,3.878897424552349,0.0023615288357985995
3.0571136799728227,5.978234087818336,0.0027175301410402503
1.64332997389389,8.757923287195293,2.4635513216308192e-06
0.12852616024773889,7.777359155111174,7.17199259131641e-19
3.180092481089644,7.908084334837383,0.0004118243689546287
0.16176463026469523,-1.400168289435106,0.04663536152908677
0.5513997424644446,5.77196811157121,3.239884037225693e-06
0.7938412424579883,9.391573475898884,6.053977330694806e-11
0.7163895574091017,-4.678414591692026,0.0003290404933354991
3.8078147317121602,5.304041389354261,0.0059943349462506495
0.467227279417739,-5.137637546767508,1.1380614736345076e-05
0.743207956637707,-4.29368800089734,0.0008992444642889009
2.2350778449231994,-1.4463481193583974,0.04110221377329031
0.7004184543957426,-1.156799076641061,0.0672593561256516
3.734680137587785,4.016002636431672,0.012535702997009244
2.43872925334744,-7.90519538052105,0.00014315901720752234
4.39821698120074,6.83251079987442,0.00242612227405466
0.19057937618973675,-7.277453935064326,1.3129599131969842e-14
4.275991941404028,-9.488468804976584,0.00021217415311497464
0.7690547724571434,-1.936085669830291,0.036570521746286666
4.628173679427522,5.50120524951755,0.0060436917571792025
1.6302055473764758,-3.0315266372432266,0.018256072541012427
2.553915190972282,7.00576263188632,0.0005816903931802889
0.11847038190334169,3.2674006953799584,0.00011638225486961812
3.645694551811292,4.177984281913641,0.011478576887191972
1.06885642712431,0.3383688227989463,0.07656950300718325
4.583083712550129,1.7878115961399317,0.024380572182074088
3.308935228549026,-6.724088108312616,0.0015896286862697887
1.4180957276548583,7.749977884259426,8.278561906321e-06
1.3045429461432534,-1.4848121545870097,0.049381348816018834
0.8523960663950914,-1.222115149005333,0.062332231559277515
4.009352517197284,3.569443722276473,0.015361365484706934
2.192383744973183,7.767877250196456,0.00010679010064364702
1.3847280571987564,4.880896142720893,0.001781882025334536
4.764097560600322,-1.1730443012567626,0.025894368078802684
4.01120416116591,-0.752447756145946,0.0313764270189259
2.931515052507774,-4.432887140795085,0.008928298781832739
4.012243278461808,-8.832160343714365,0.0003340644169780539
0.6006337197878381,8.793692182982504,1.3768364152782919e-11
3.360818882656848,-8.00754438344712,0.0004438057617651387
1.6207578747308393,-4.5894832277501845,0.0037251482504961236
3.4375448641497925,8.948969765213878,0.0001619566657452573
4.808285647152341,1.5555000591394137,0.024391697474355798
3.901797953536619,7.0613961237224885,0.00164988616431623
2.8277941862448195,3.902497010958818,0.012468917119315982
3.7276660411003713,-9.071930199469527,0.0001958178903913803
2.341658334586616,-7.003583011297778,0.00043314273163125576
1.3997258932533048,-7.649240749600345,9.54378203766892e-06
0.2031701998585006,-0.37433121230473176,0.1347329830565972
3.3860152262968675,6.3281925201254055,0.002381419535901414
0.7129571730557904,4.363687418720421,0.0006765032828001275
2.2967398042212466,-5.857216999104797,0.0017166127593829068
3.333772714547239,-1.663872441304724,0.031201288202760614
4.456470029845302,3.965971802424864,0.012801455920504258
3.046818186273671,7.887734058768935,0.0003628015734567895
1.0886233969154124,8.32248443378852,1.8686149178309604e-07
2.370278279329243,0.09266325538139242,0.0487001866024988
3.3381003444215906,-1.6759742770261497,0.031088562894899124
0.9765876118656441,3.0345279000313603,0.012535551708993307
3.6608589781528784,3.2510484234924615,0.017842205396252177
3.819121186354611,9.465640303024458,0.000137624267997569
2.6126467895876915,-0.03890459759606735,0.04550853999770732
4.294006197490221,0.7522859286414985,0.029598649814411723
1.1236991904541538,-0.8163825384459003,0.06754227073693933
2.6886874679360497,4.341399019944323,0.008970170172330406
4.4708209188128105,-3.2952715369776353,0.01656095276535146
3.5207575543638625,-9.286754781247375,0.00011901801787840444
4.034371567848069,1.1231167529074995,0.029983339334978668
1.110465111584229,-4.374236346435949,0.002279927817591089
2.8639029063843147,4.960072408380729,0.005904069821138279
1.6202135773588116,-6.564714475142868,0.00019580288201595506
3.294582165921589,6.902097225508182,0.0013271298807243396
2.613048234411,5.218194567012155,0.004221752264748326
3.1274440252952034,-2.4681050798356585,0.025354780987975747
3.0883501216865668,-6.555014051895416,0.0016093397362115223
3.6821791037406886,7.103594296749666,0.0014107813585833157
3.994411433917831,-3.1660743933888487,0.018038392947382836
0.3093888422922658,-7.916984362226125,8.855290812912067e-14
4.741884248408458,0.16213916966531627,0.027820090704957005
2.0322245620044272,-9.193605743461774,5.146700263178071e-06
0.850485060929953,-6.784063561871989,2.521165499611053e-06
4.609900593589554,-7.3518730722773284,0.0017740455008193505
3.919957076874454,-0.02080191543013754,0.033088826730529805
2.1017690471860453,-3.4352718887172307,0.015073199645406692
2.999572572343436,4.493516012710527,0.008693192663219242
1.13098630725886,-7.836455052260158,1.1290407230909768e-06
2.065651638595144,-3.8867611618901554,0.010462553273587364
2.004699825563886,-4.026043096325365,0.009033531125837784
3.77020219708536,4.945786979738402,0.007473517676110006
2.1586149773088015,7.595491442014264,0.00013025607074235683
3.7743564425597835,-0.14570492335192853,0.0341319261830086
3.9503971411955288,1.2335430543779253,0.030023378852750263
1.928099308053255,5.937951385587359,0.0009763946271453773
2.200316656789866,7.424190971243792,0.00018514955189780045
2.6035799690932753,5.274600040154295,0.003987292994034607
0.017553480222625706,-4.820067052035968,7.203205778737744e-11
0.9752750009236028,-8.540631755890253,2.818273196955016e-08
4.235685736041251,-5.781613070647904,0.004797867510693316
3.80470151265555,2.3913272448631275,0.023859448533201093
0.38575790237607543,0.9777393265733121,0.08285930124469121
3.174488325397416,0.1564950989863867,0.03926986416516644
0.10367676579087992,-8.536364084982061,7.100915918900088e-24
2.6710183456395855,-1.7826096805103937,0.03412853798226186
0.8074081409174938,-9.47621538245134,5.3997808691179404e-11
4.267261735155233,3.067803968532285,0.018240278688576292
3.0740761096960405,-5.082593793762857,0.005779482156700952
0.3199113109324331,4.140994204836625,6.940242440487826e-05
3.2062693032085035,0.6449560581777547,0.03787761914837855
4.460991055462676,-8.916520177287389,0.00043388946201354804
3.6685320111629505,-7.215724362693818,0.0012631839753228223
0.5760115383639464,8.235550104254031,1.2631306076136514e-10
3.3254663204760107,7.515697787375316,0.0007305490156218704
3.0535134022930057,6.3150828770431175,0.0019823956548509895
3.156759320242684,1.4230540401623788,0.0340559853198787
3.975810653482691,-2.7962141361563475,0.02058207662365111
1.52209569634759,9.175278913163822,4.484557619271043e-07
1.7773426367297562,8.18881600702208,1.5071242868089567e-05
1.0090806873167835,-9.659453639673814,7.248133925475239e-10
2.2858804153953254,-7.578677648267869,0.00017359044203286522
2.0492168084592066,0.8609848270013298,0.049568782739203794
0.4205092162613555,3.8105056259309436,0.0005216282161898647
1.213032571913707,-0.7032287438657399,0.06729640729635022
0.5996379152479797,-6.358663989301279,6.958805976416969e-07
2.7725419865165666,-1.5943888659583685,0.03532557218705911
0.9363326313014891,-5.892764831465962,5.5490223341091165e-05
1.6280109956638078,6.084016354109998,0.00044924268288750233
4.085266679118995,0.8444566982049722,0.030634582167282307
2.8592461013747195,-1.8229492261547886,0.03261775945553154
2.5979164615765242,-7.166677055947166,0.0005032918227327129
4.7218137214450575,0.2887622972459365,0.027851968355671566
2.1867569539125653,1.3278068793520408,0.042960346908089066
4.418205422965189,3.062094805146831,0.01800805929838852
2.8892700255850476,4.111100396333425,0.011004479909262448
2.0266774081604035,-9.163444860127044,5.356793786400654e-06
1.7303603716505038,-2.4440562541510458,0.028118097882631407
4.516889916064423,-2.559246549468557,0.02067928049331003
2.8262267889155352,-6.5901666635961265,0.0012600927251413263
1.258567822024776,-3.555641517464725,0.00883395134363701
2.5973443046819433,-9.117243836204203,3.092627212282402e-05
1.2488544676236923,-0.7571352744149031,0.06551760275689573
1.2033444836660934,0.2763834475310425,0.07258527031597191
0.6457067595684196,-0.21594067390792304,0.09777370166374981
3.446546268910618,-7.160318335780229,0.0011495603106069724
3.9052180386231723,-7.882699686695219,0.0007897621392804906
1.6180598647159894,5.183287407101467,0.0017081481113971825
2.046483253953602,4.977510787662885,0.003624465947625112
3.9653404586424683,-4.060712607818278,0.012321328053011176
0.08151599733153769,3.600559082431449,9.781507547485035e-06
1.6641547748239742,8.830299723835427,2.3116890431595628e-06
1.5379719205885023,6.78047804874884,0.00010356826294532335
2.717258475537573,-4.091628644430571,0.010795315073292415
4.474346198414492,-7.33539138568619,0.001705732458579241
0.2025836807234832,-8.975442702221805,6.879636773054978e-21
4.213856776727633,0.07456665602968116,0.031045893267618974
2.7856390290080855,-0.8492738385536356,0.04093540972477675
2.938334632993157,5.022767023194628,0.005774339507317699
4.7848281835517605,5.367078715861698,0.006607358916313276
0.6414155321909976,-8.600424978623566,9.726372706730502e-11
1.383217824884741,9.428633033184205,8.385693724164641e-08
1.1502590484747655,-4.841716930496583,0.001146230652797445
2.344199789453505,-2.517953501391035,0.02665892822887208
2.8991493000609934,1.5257406311451938,0.03505388451293942
3.639314872748351,-9.234347610417986,0.00014673538503647568
0.2651960322837943,4.257683926212755,2.0520411597452373e-05
2.130647100831548,-6.1560029868409245,0.0009790132571574997
4.621371673070604,8.33998136291791,0.0008039249071550762
2.3129638710494342,-5.065232249864424,0.0040578931104305275
4.088113595884602,-1.733846552368849,0.02682660577441967
0.559899033924316,-5.513497530552338,8.836473124737606e-06
1.4484083383339619,2.921981418442229,0.018891692832221557
3.676984445930164,-2.453945918556826,0.0238115866930839
3.106771185459709,-5.216497089616976,0.005271764687395531
2.2157633127897576,6.8784268729450275,0.00042120930614325894
3.344570001234866,4.058902263637027,0.012003487331620903
3.8548415167012244,-0.567026496057748,0.032918037840970804
4.4875435462695075,-4.2812921019474075,0.011149686783347112
2.2017755610952805,7.445862035474281,0.00017968545328682172
3.213048493226502,-1.6123236965226955,0.03230185204738493
1.9073014009241978,-0.692065350311049,0.053223877174336014
4.635249324271633,-6.160139648386444,0.0040820586313332725
2.403418463929249,6.678408571120158,0.0007222889238133181
2.052614953467412,0.9981014676828863,0.048169480498038535
4.697356288854111,3.1379549121503754,0.017088931463833338
0.009806409540442096,-1.6236554040823492,0.015507869581144937
1.6598554532115828,-9.612452332450424,3.424496832073545e-07
4.191027847703967,-3.9897636503495715,0.012737317710898676
2.2572417463862466,-9.586556744635676,5.280110446203177e-06
1.7419319267211493,-9.401429243116887,9.058068322749476e-07
2.939082070585839,9.702568655821779,2.6031226477678613e-05
2.023379084989379,-8.105065838375323,3.948400276246887e-05
1.6475180802322247,-0.9800622270595802,0.054249578369323086
1.3298665252228103,6.774389821325055,4.887207565517168e-05
1.5652273609325407,-1.5689922445303743,0.04521832259243573
4.62081014746053,-5.024953996155633,0.0078104692451395575
4.798364657247186,-1.7199683886903454,0.023790921001205535
0.4941529832356212,6.477777337400386,8.325587589419483e-08
3.677069414345731,-9.102171535651255,0.00017893322286308927
3.2888134381467955,-0.22444345823055478,0.03812363230448865
3.1548433270207896,-6.1298806030506885,0.002504569449258131
0.16421672851853641,-8.794613411388465,8.141156496999539e-22
1.3672695780885002,5.711089551090275,0.00044315240050965126
3.7305143504631415,-9.710349666536054,9.249357616359625e-05
2.479034144935812,-1.700841067623431,0.036244410870670006
0.1194417259941083,0.9100555496116698,0.09282037588398455
2.632577774581248,-6.542325345473166,0.0011056565350050773
4.239024404428363,7.989133087102871,0.0008832718384577531
4.392101269403793,-1.8263884515426128,0.02499642754848074
4.493129774589538,-6.35792405095116,0.0034795055735833504
2.636661924182545,2.2235914882245016,0.029466271624779675
2.33483794849054,2.7889738305138714,0.023209163525525715
1.2217231413333325,-2.226571471959973,0.03142599252799654
4.330387861567617,-9.370632735153245,0.0002512243187719081
3.9992858766091386,3.2329193945143846,0.017583358832996856
4.317874320716987,-5.244667384597397,0.006742458525158653
1.1297248284630719,-7.001488175878949,1.055556753000544e-05
0.4895146608233103,6.4187428063120535,9.893552838241436e-08
3.4922253417027624,0.08482817553105271,0.03643852926304977
4.565755885219763,-1.041404873874697,0.027285277296729804
4.5828838275034585,5.096844750494508,0.007503386662822528
2.6431573559970616,-0.5862157886815904,0.043815396168917234
3.210526095268045,2.2367969973787893,0.027165694282699094
0.5604059642510151,-1.8751881582283065,0.03549869746854678
1.3764389269528277,7.750445503195021,6.677970442335734e-06
2.688754887638789,1.3113127840720455,0.0385139403435707
4.403844429517493,8.050221051725678,0.0009181636985461699
2.420698640953305,7.976591392005481,0.00012443113173456316
2.9635412203675964,5.171414625820024,0.0051789127469587005
0.2776821768783344,0.9610257570159693,0.08644189901803945
4.823269964175359,3.0843918987909706,0.017150830217406987
2.462136113786652,-5.558302869912439,0.002751828581314739
0.8013521435208831,8.38254715599032,4.986641400147433e-09
1.6948548617704668,7.1947184240678865,7.801356977442607e-05
2.5665366995295127,5.742865740857967,0.0024678899323796765
0.6925715452833064,-9.490379541603813,4.055331626854643e-12
0.9832341226227742,-6.109456968369955,4.2232954213872005e-05
4.57948452362737,8.333948298250927,0.000790179365217738
4.362762950859943,6.1810785666388846,0.003795541285246671
0.6115105396705922,6.923192448203146,9.231269815989645e-08
1.3949895270128354,-1.9086099893148845,0.03898530890696685
3.177921708514551,-4.872505392295343,0.006958303668761114
1.2987682386568067,7.813956327512631,3.7003810234013522e-06
0.010419393817899247,-2.540893524929235,0.00039813258153397645
3.5060728331141062,-4.022588437821639,0.012377399651549183
0.9653928688170832,-3.9827537365008254,0.0031528249965983935
1.6247777166271204,7.648647769779696,2.5407289255001606e-05
1.4196821775523376,-6.461398927312587,0.0001294765023148764
0.7618459895129609,6.659146790694468,1.6073414748740424e-06
0.6784255248178428,-0.4486453429407078,0.09185949597667963
0.7245674763217025,-4.777125130444131,0.00027021917904242806
4.8374584265366884,1.6846247431821642,0.02377361838202828
3.6342544165864514,-4.420170278858961,0.010031924149542308
4.700376891853171,0.29777356622130036,0.027964133533024637
2.8576996516194364,2.273516443373225,0.02812465747139102
1.6550437958047075,1.6604765153132224,0.04275929863552252
0.8196342507406973,6.324745382596799,7.75045587899108e-06
2.4167814772891716,2.375336041691252,0.02833564095855954
2.4669925520623366,-5.587209947630871,0.002681376980223607
3.887349134700381,-4.102137364654204,0.01205646844143914
2.642197417639815,-1.9564453633450363,0.032429862484765995
0.9742517313926169,5.389746729323694,0.00021751527288959123
4.070953513922035,8.083648885801477,0.0007302341577326777
0.7395800702392008,-9.509352890015183,1.1186682553758415e-11
2.644570054006256,9.868362962239704,1.0034994541842523e-05
0.2123459885322787,-0.17075951859277438,0.14172516207801952
1.8459047204961465,-7.365119638859059,8.894228744053825e-05
3.359365856605363,1.3088337773936747,0.033408645904780716
0.6935425405326717,-0.8293330547893696,0.08004875451796031
2.6243999606420103,-9.013569128874511,3.871998232297927e-05
2.6941958442292098,1.5524858405762938,0.036276668573473274
4.546775562321395,8.63142326140845,0.0005966811067259144
2.333146868499602,-0.5473876392701786,0.0478634639201124
0.3917544212465507,-5.4159465252574845,1.308458626972511e-06
0.7296864695656241,3.418809400349243,0.004757918338553061
1.3780432006495964,-4.647490234456622,0.002476730420616145
3.9947700877943277,8.30382091024741,0.0005608886409391719
1.2755416428369175,-0.4590878294491887,0.06884808701780823
3.0471464589060093,5.691089760823161,0.0034838181140938694
0.3919084485096941,-9.017248904611193,2.119253427417155e-15
1.010727097932271,4.64977721061339,0.0011062320814897526
3.095714129066873,-7.040477619076821,0.0009879643711746388
0.4906937691480878,-5.64564253504837,2.3537882174850294e-06
3.577712950877341,7.226167801423568,0.0011803081311123056
2.2455010128587594,-7.5214971271246505,0.00017479948458737563
1.3978762569292102,-4.105785571250542,0.005249769880701091
4.369501261323273,-2.6018553328405076,0.02083666178991699
3.36579073459174,8.200211360969213,0.0003593867844394003
0.3209219117705914,-7.142207228390271,2.55189957644296e-11
3.3509881894609523,2.3386994083760353,0.02578373901076795
0.9918961829552353,-5.94184472336071,6.656881194175502e-05
4.6012945628184605,-4.223821068990041,0.011427713997826808
0.7686599473264594,-1.0987992513234843,0.068220792474957
3.0834477815207455,0.9445315473783644,0.037634216417727004
1.2120325207849258,-6.492527263477328,5.4264962066916544e-05
4.710832410225787,1.9104391421173101,0.023321378379156075
1.6223359776353856,2.1448877049028425,0.033618100472731526
2.9481828154210166,-1.8292944920633136,0.032055887113334146
0.6475468814309643,-5.9855971950373466,4.585811844456764e-06
2.3968602787926403,-3.321454472737404,0.017061119711549635
3.0441814460554455,-8.039268166776512,0.0003011416648004506
3.853480945511631,4.896755078071591,0.007791696066903373
2.785337469139208,-9.707653999884919,1.8493984351818295e-05
3.5179942603966516,-3.3641833042030296,0.01710186094582068
4.295407523648759,8.48681024322315,0.0005810622490791674
1.4927837244888535,-6.249613665399614,0.00024059967820874126
1.7008346696526404,0.47031087869185306,0.05871012526086451
0.14786925578253896,-7.0151002075527895,5.8137968265418536e-15
2.771309064327098,8.99536809639249,5.391742848887861e-05
4.857654641732731,6.411589445928755,0.0036398155692383112
3.6805134965043336,-3.7474905028344168,0.014288947259892392
4.962927602486468,5.038917152949248,0.007890249836882255
2.2717603817865992,1.3470448987724026,0.041914352367501406
3.7373678924133324,-5.566954407314144,0.004937183943778188
0.8060413613108552,-7.312257088394514,2.856889058725968e-07
2.1100323224555084,-5.015104980953073,0.0036712620761634113
3.2180693635872624,2.5798118878791314,0.024090064518174335
2.251560290215062,9.095499148016245,1.2957329438204668e-05
0.148610920609637,5.5375059128373305,6.934583641774434e-10
1.5842130475347989,8.06921741046543,8.815477676899582e-06
3.380338785152997,-6.118430853455297,0.002842069170348562
1.975968602895769,8.29178756883785,2.437247891137187e-05
2.242024722931638,-8.306360419750566,4.9925509309408084e-05
4.28089588116903,8.883737621208095,0.0003933835187433755
1.3469541517224588,-7.1756869188363614,2.183355886058093e-05
3.0796580726413514,-2.7694020836691386,0.02264446730829754
4.228852784191929,-3.0888914628527893,0.018174676202884137
4.03575313475979,-3.4028595887749553,0.016419747607524744
1.1936183322275755,4.732309272726162,0.0015280605966093927
0.25544885328815214,6.789439683389425,1.7188921183968418e-11
1.3841389516676272,1.4094675844510007,0.050263387257642664
0.8820170261630367,0.9215009713918221,0.0713383867276083
0.13855374749070115,-4.773841070090048,6.779037578085119e-08
1.521808217428784,8.066501513380164,6.643673717610698e-06
2.604056949945148,1.2955467913042096,0.039384460303554504
3.2515948930489498,-1.773754975682074,0.030838833700080115
1.8894761648400948,1.1899854853302028,0.047965084984723835
1.0214146119818068,-7.910666051004032,3.626908656516204e-07
2.8465301659757634,-7.771314091205652,0.0003261131868118485
3.7618315293820497,8.545705832234532,0.0003618613988752242
3.474758438895339,-5.628885227311013,0.004364872873951035
4.284922784834494,-4.594377096247559,0.009555540666807224
1.3193351231134915,1.1448447563875952,0.056776181293250044
2.515049161100405,-0.2627606180751627,0.046474025949492695
2.4421870187226618,1.1146566903700261,0.042538014258979476
1.6079129143924442,-2.6914172992006264,0.02356915968745173
3.4321049331102857,-1.89569468336963,0.028968892089373113
0.6711710240738294,-6.62402253035808,6.562190149071033e-07
4.025745663572176,-0.059657637104482575,0.03232717699858557
0.18309587081648537,-1.5408776347298403,0.0378911257108308
1.9408992449136715,8.80167491877873,8.058772072754728e-06
3.0366017278264126,-7.404255379959144,0.0006290114860910031
2.1218204353259704,2.3148086086542623,0.0298554516537585
3.2784607283954017,9.33052096673455,8.034533713261394e-05
0.1940030745657395,-8.040764519494719,2.279498666377534e-17
4.335802538197256,4.422370578400983,0.010421975332342546
0.38828563461633214,7.310320715250139,9.777952256835542e-11
1.4387316105809045,-3.355340368033519,0.012586526962431052
1.4668445792800378,1.387268555035078,0.04979933879128608
0.059068185857327205,-8.2073973094633,3.879727282028212e-25
0.470119402582142,-3.2588670312543755,0.002816132199333794
4.259419645660366,-5.023371029789887,0.007592563343923469
3.8790742388140957,3.70736055774592,0.014527693665120021
3.6899673973189873,-8.886244457838844,0.0002322489571113053
3.4464810155471786,-0.33542006261524904,0.03656978686511807
0.3726504198653957,1.0769168146912058,0.07664157633667391
1.4932871713993352,8.62509259323226,1.5178992393925005e-06
0.032866388253052214,8.422443797973795,1.1080619022566908e-28
0.3026051039138744,-9.868138653946946,9.611466990388126e-21
0.18943797895068892,1.6206206990485565,0.033220526162688224
0.9946700216354237,-2.0042357697782247,0.036213625164401214
0.28141773566835837,0.7251224798830318,0.10414388217759389
0.08441892214502922,2.99200124962419,0.00021270484367035398
1.224573658116691,-4.512465330700197,0.00230777966150724
3.9942696178276664,5.223014992768796,0.006527947784022107
0.28155502339513583,8.410390173040607,4.753095539612655e-16
4.922746171589249,7.77572153125217,0.0014463728784954214
3.287916182040772,5.10685680263488,0.006060048779372049
4.334104402982848,0.4891316827538734,0.029886730149304718
3.3035047878859913,-0.29614939691996867,0.03788981103323561
3.884368699316295,4.89997273716366,0.0078086186997197845
1.5038942735573317,5.454602319903225,0.0009351157548199018
1.2866234941180255,-9.75761202023307,1.3288934596815467e-08
3.322124888444656,-9.243443095509566,9.600609739210061e-05
2.8157717669798727,-0.44879806356256147,0.04239449263126802
2.5283162884555264,7.327127989492684,0.00037177744544276894
0.8862762277515596,-5.699872902052898,6.751761671981166e-05
1.1532426160249754,-7.12846471514591,8.802783973222074e-06
2.748625561207103,8.66324503060336,8.408273988735838e-05
2.049590206238585,7.822246809689904,6.937979282572994e-05
4.812561471463816,-4.626514491090696,0.009544561423098558
2.7641117784501334,6.805699807144208,0.0009374252872257045
2.1585583202526615,5.140202714080084,0.003344512753980808
4.752994266171168,9.907820839832983,0.0002058812641651559
0.4580692540937653,-6.732512592925557,1.2728532563499743e-08
1.3589099574163466,7.947872451995323,3.7577103277529262e-06
1.7319721784134217,-8.860392922101406,2.9894837730264366e-06
4.267513089341904,3.461292929645003,0.015822489268649206
3.8320599197890126,3.3831560977857134,0.01673805398052811
1.5235708741025733,8.31387898877519,3.784571978818127e-06
4.3628167876479225,-5.442489522660066,0.006044337281476875
0.31278332564771527,-6.567351905712629,6.172660175323795e-10
2.467334700460574,0.270227966998684,0.04708209078647271
3.27342118837038,9.051434841683992,0.00011474743565294383
1.5609715718760913,-4.422679610220557,0.0042713081638667515
0.3458553619551036,5.933299093625596,4.8163181269384344e-08
1.285801546847647,-3.601156951489102,0.008593963635770816
2.418858862251378,-4.897563371823484,0.005081499922675748
1.590531800355441,3.6821141358493197,0.009969268833812687
2.078359282328788,5.428119881688719,0.0022503800296753374
0.46562308857428014,-9.73873292006215,4.60217487942875e-16
0.07136771745842319,1.6720171570277884,0.019901967096682592
4.388063237933448,0.6180643967429091,0.02933040643915517
0.3905587292691459,-2.2198540183370756,0.017559541522166194
1.4641228798524408,5.706354603424684,0.0005713008189172573
3.3202268687513063,-2.881585413161698,0.021229460670858027
4.222522151587942,0.88056187834691,0.02968375403132958
1.6063136834127096,-1.4428355060009537,0.04722287798520527
3.2603425088458393,-1.0389660001377798,0.03567330685450759
2.3606564661869287,-0.28764896185661115,0.0484910966008603
0.25506516535973245,-6.876379153654004,9.386482537134052e-12
2.0418150158077135,6.069177685418683,0.0009687216941767515
0.14924026232823073,-4.188151928110635,2.6467966705644435e-06
4.820951487534007,0.3259159824801916,0.02727782365739167
3.810918999972874,-4.538634410021498,0.009537552449650906
1.6964616478814465,7.185667022192934,7.971994681190674e-05
1.1737021500700058,6.633740641717537,3.2833382435154714e-05
2.0016358436555888,9.012395744265948,6.610646576728098e-06
1.5808222863110688,-2.7147177151726565,0.023066214658982218
1.8539720441067142,7.739072757151703,4.647558604055048e-05
4.593572147289092,7.177148943916173,0.002010197025822335
2.0226257179673968,1.4760861683357085,0.04263850120778895
3.706997456035857,-7.0485110857738515,0.0015036400740318459
0.7840651044640423,4.08297075233704,0.0016155042877767638
2.668405382491494,8.895757180662667,5.099107321929488e-05
2.4686698173531516,6.386101703392281,0.0011140757652568147
2.9561597335217593,-8.469378787412346,0.00015471786493247248
3.3994374493214603,-9.549530676316763,7.213935739468037e-05
4.305097209072986,-0.7872817429127732,0.02944486417950536
1.1498362336832852,8.260174527867239,3.8455207972064574e-07
1.9076705532912985,4.447255888236501,0.005687592009223699
0.2859139399307187,9.987711662113593,8.18974975417587e-22
3.1209063994387067,2.545972005373013,0.024649569705359156
4.673799571681095,7.64459964256822,0.0014528602060654581
1.9809855436332096,6.240500781012759,0.0006989864626851561
4.858755406719197,0.7721782081644157,0.02643366635696388
2.989376223340654,-8.190989094484193,0.00023239195444201913
1.0562335464650985,-7.383339167977397,2.3171854349561777e-06
2.6476451262620526,6.309638268929735,0.0014530116991971593
3.2002277276126208,-2.6125221908198215,0.02384024210013835
3.331364161864422,2.052819345975843,0.02821900063280519
3.1902090417782505,-4.16576744870369,0.011103891874630673
0.9480698466922799,7.830584694758279,2.3052104938802852e-07
1.0415529326916144,8.319927407983478,1.2027405343024762e-07
1.2073152542079875,9.11410681353393,4.754401071283194e-08
3.664969577638579,8.572735099692526,0.00032086681206783556
2.496772620762836,1.2803404829991258,0.040491003124826716
3.356277872034401,2.0375979627781824,0.02823003261273612
3.9968170521035744,9.244953849150257,0.0002124682155941527
2.8203476020063407,-2.54730818977583,0.025378380685104313
2.3557052045880944,2.616739673324844,0.025375719020705026
2.012575484975006,-1.2056343594121586,0.04629585311198312
2.6813143504878374,-3.105564621766961,0.019624328041048047
0.7478924019385536,8.588845197305702,8.745292000711386e-10
3.932227513723858,1.3928833180072875,0.029386962250601847
4.563796185057835,-0.6978777420041755,0.028155816158950842
4.0618251802524625,-8.917423057964953,0.00031908598234471695
4.109477833307677,-6.890225352523023,0.002086562668710445
4.147007063221944,0.8148691352805209,0.03033353338535555
0.8782455785618692,9.89236641230983,3.299682832926571e-11
4.979063647416366,-0.8112708249067158,0.02575635143153557
3.2859289523114987,2.5038320616976595,0.024577740523923274
2.104635320399486,7.03384857604987,0.00027625647364520905
4.440119261335179,8.367942135317282,0.0007089175073353375
2.9117563649461364,-2.677398564595517,0.023846095747439802
4.968122545367508,-6.72812421846019,0.0030450517602192183
3.7603684722510207,9.426059535310713,0.00013477974050961144
1.837553546298631,0.5497938954563413,0.05554641331639601
3.7128111265125003,7.715585236197786,0.0008104667521038499
3.6505498611253078,-4.029876419593816,0.012412247682922744
1.5649538888839887,-8.226731866102714,5.67443359969558e-06
4.420876204284131,7.568043031952197,0.0013866020252529278
0.703824581836468,-1.6687323594760866,0.045996097391415004
1.8263675740197134,-1.1884486068262934,0.04877245048487753
3.1813709551390423,9.670770856988447,4.3139012732132624e-05
2.395695596041374,-1.8231462870691022,0.03534127452009378
3.3907794879295565,1.4735920218253717,0.032165215548875394
4.9867684053648835,4.745822834685605,0.009055888700549988
0.38998318530556353,-5.49603126942626,9.025010355842057e-07
0.09428910700431421,-0.14687601111960455,0.1662035894495683
0.40276982391834354,0.9125059493587363,0.08642360833098821
0.49374466606059525,-0.12135637476747187,0.10982344758675584
0.06716682106179064,0.6303017046539683,0.1289557733711084
0.11077139310504107,-0.4348902697594883,0.14442918271890884
0.0026278651497824088,1.0431065528693364,0.06776685742060484
0.1457583107674655,-0.34615302642322937,0.1452387294571769
0.6941390905519145,1.07253156649413,0.07080298551401008
0.15391866995101727,0.9376847808984778,0.08991345387751311
0.4269060767625365,-0.6338280637967862,0.10040560918875738
0.017729857418220356,-1.7862892625769828,0.009803724459334605
0.2659429484820598,-0.8356691252509904,0.09664781502442854
0.9240206971431736,0.4631983224675739,0.08038787488482367
1.2478385080611476,-1.3741754540594906,0.052625156270412775
0.259112247092761,-0.15125388726137284,0.1350396190007416
0.004326735441046501,0.4590940097329176,0.16111584209444957
0.5495788334851885,-0.7534619419739557,0.08863671382958628
0.39808537766258995,-0.8041708770190044,0.09301548892723001
0.007497260811520088,-0.17985636094957674,0.19083078583328095
0.4239910169596331,-0.27937595322254183,0.1134190432746449
0.38135268396984645,1.3496510304603349,0.05889101306736496
0.030474563859515507,0.9117848434814698,0.08972384564690465
0.23060522638925954,0.6284425979873608,0.11478092036912126
0.23880389483446768,-0.11813483985513107,0.13866334234158098
0.6757243777490264,0.5227888936875978,0.09023143133271062
0.17562285705750483,-0.8071406124381605,0.10272426577845162
0.24572032389679777,-1.442775090030529,0.048505848440057245
0.24018393416249184,-0.5251013602877768,0.12114795487763558
0.21980096621789735,-0.4712083482463018,0.12681865819486707
0.5755204149945464,-0.4328814293579883,0.0981739443071636
0.8791481218386012,-0.06250803764657013,0.0861128415961171
0.7392559987370013,0.2701307134570352,0.09167088949777755
0.06561537400620784,-1.2395264975924503,0.05236382449378027
0.60748566593777,1.9819504588952945,0.03233179694767338
0.11470985550774221,0.5889578674691841,0.1290569320244929
0.003868283160649768,0.708251606216463,0.12105878443988863
0.22850765330619488,0.13543199128842912,0.13994900840265778
0.02970525599527015,-0.4342207529141199,0.15928349142744808
0.20752938471047583,0.8350553200259743,0.09892391815568147
0.4038630830000758,-1.5380432524533032,0.04807443821189626
0.5608029690735563,2.2015075406727376,0.02356025714234696
0.11694251193964843,-1.2920140543565515,0.05232358737247229
0.5475400163000258,1.6503756739195061,0.045138417412730676
0.017648106392679535,0.43708651735961424,0.16141826209766108
0.28683820974547514,-0.6922412517564196,0.10609745886427939
0.12903636074135527,-1.8327371178176657,0.01749457273611129
0.2387214894311718,-0.11756168309744053,0.13868559145922088
0.06393858273480676,0.018904688308856152,0.17728714077013913
0.07889105383575618,-0.10709311683877817,0.17149902135912623
0.5430730755222983,-1.7652977545026294,0.03982284615651802
0.4792436632201711,0.5713495818956896,0.09980406488980909
0.5779170371742962,-0.8332466878023947,0.08411180985811688
0.19524936120861874,0.30775346289710137,0.13935523877322506
0.3255296152537919,-0.5451762943518464,0.11213949305923113
0.18385286773408333,0.543221462376416,0.125746716554996
0.08595448921974426,0.9431089866773545,0.08824158398888611
0.0018650992797471723,0.23313158469037468,0.18875816402869636
0.7569948011779519,0.4595543705878159,0.08766779977118927
0.3583092226406667,0.605374623459573,0.10640597023937932
0.4567466837276224,-0.5241636883807048,0.1031154852439409
0.023101101778757998,0.6633955902708155,0.1276062898157787
0.6434448329244608,-0.5136868247684109,0.09214144886471314
0.0476053926403727,0.36954367253188364,0.16266376672298796
0.5555313606103469,2.594961886287044,0.013038055323786777
0.43409402819755744,-1.8505828494823806,0.03311746222533992
0.40276157969120724,1.373677801969591,0.05771230852546947
0.34865515707998057,-0.29723811255433397,0.12029463659824084
0.06788267682971007,-1.722577390588864,0.017078079057985415
0.3217000396545769,0.32692414937933884,0.1222212667611723
0.034485354639610694,-0.989048862720039,0.07909268804072173
0.5890152345171198,1.9549521196309159,0.0329583651095684
0.06708211786897501,0.5292824651407395,0.1414414561640397
0.17373419331029308,0.6432071418049122,0.1182773422833314
0.7094801988491642,0.20976980133712836,0.09401351490956944
0.47604960594011914,-0.313815813127026,0.10817216091495803
0.011660374392559824,0.011037338210352807,0.19524236866990508
0.20112592508934404,-0.836854262294409,0.09898452693731605
0.22342445425156562,0.6338981405469536,0.11495233453022954
0.5410582981936655,2.1725357402870586,0.023965409092385058
0.27261971984943345,-1.3096066403391564,0.05926028495598901
0.02045938779893062,0.5576665473720182,0.14395121861019014
0.163278966475541,-0.8026767143709962,0.10363921425084166
0.3238197500028266,-0.0024915285599553497,0.127804976969952
1.32771690863907,0.7201131938541697,0.0642151553136558
0.14539355336208748,1.1928230254270225,0.06374818588396106
1.2518850718648682,0.2271231778071445,0.0713811952880514
0.23879383680932642,-0.006230967011993431,0.1396554314291656
0.1869487092177547,-2.3676698461469807,0.006007775682173394
0.16106568024315396,-0.24024533097052614,0.14818510485712208
0.2597787270442102,-0.5720393358372334,0.11623401996687828
0.16786641625666995,0.8346249918108738,0.10027545733657911
0.14509721054635932,0.19386297037264755,0.1531153292769054
1.1473272332408513,0.6820137166596948,0.06940346131024877
0.20466711932607123,-0.11388272402457544,0.14426720184189845
0.45449569227994935,0.09922466169531484,0.11345012632496661
0.21174717578963265,0.63231028363648,0.1160353733542637
0.0791629341824039,-1.8433688137971658,0.013092765432283125
0.8890844496689446,-0.24713163152051273,0.08458400078119256
0.6393644675185823,0.861664442413457,0.08073329163768603
0.04592206634950546,0.6367298352884585,0.12991725004687504
0.6488008210089402,0.6539236154513449,0.08776794025451959
0.06582538916988548,0.5544044705539698,0.13859667910403858
0.25222513317503953,-0.31775344570352354,0.13084862365350694
0.8021609122307372,-0.7643328610905883,0.07831352927624795
0.24937344043855458,0.5900797631594428,0.11594522521420668
0.07133575873640653,0.7913125367302476,0.10760906488794529
0.09234663945613814,0.7577337916569691,0.11134330548871957
0.34049335777643375,0.7785899874040413,0.09730676335224007
0.4123567551555086,-1.044039650546408,0.07813930459060664
0.26876430699873055,-0.6633660220090578,0.10933078049725349
0.09914588568727606,1.501299782515426,0.033365440136660006
0.06202268809472933,-0.009162770451685108,0.17790333431386057
0.31895613167983444,0.7560211763788552,0.09989332622782332
0.0781489918575556,0.8975537732235174,0.09376121992225872
0.05330014815856572,-0.973617953613901,0.08268252776254276
0.0421724219327374,-0.2276935036680316,0.17623132006546394
0.4027918662571021,0.9973939507160005,0.08122007842049257
0.37334632978843857,-0.33345850161896995,0.1166952963828308
0.7871451620136157,-0.8088312712681734,0.07751917283821966
0.09102663060351054,-0.35173003874842124,0.1549763511265812
0.2670806158024604,2.348860832840011,0.009400756328395219
0.7562831434620059,0.6854371682328055,0.08224375711668627
0.0758897218167868,0.30641838086429374,0.16176614208777126
0.18152382002498804,-0.43917046608273846,0.13368628984520092
1.0128133439429647,2.629678794193094,0.020454624260747442
0.9295447963556073,0.23849730844971156,0.08289673730759088
0.21497765350024814,-0.9323630229582068,0.08994216926550437
0.1786259066690948,-0.14019461256958604,0.14832848192503836
0.8691837185677803,-0.872008690180214,0.0731195860988597
0.2744799706049818,0.7077708184303768,0.10580703982709196
0.08508364204173983,-0.313698924494067,0.1591631270036014
0.2185245726572401,-0.0932616017260259,0.14227475378497537
0.2549775104422221,0.6460273398094434,0.11157247273481866
0.24108411266381186,-0.4569581988157402,0.12525238368589944
0.15610083265799823,1.7222473175878346,0.024882187347358076
0.047494972175675935,0.24867219478961206,0.17323242659195795
0.607613820624249,-0.594781876925543,0.09165986027433272
0.03574590972181163,-0.5724456260643901,0.13994104517546302
0.04506139790577247,-1.2928011511240916,0.044471976327214766
0.04849044372791854,0.3518566985630108,0.16420879915918488
0.012062437847691738,-0.2768443099060534,0.1813511480090918
0.5850124858523078,0.17448769010551893,0.10227935244259118
0.6668782821479899,0.7715813540616346,0.08305850641636382
0.03922524565755294,-0.31552225231617326,0.16994414935314436
0.18572863922557284,-0.6012001296480608,0.12085451171297615
0.1498592094746978,-0.07789217604288287,0.15519964502257533
0.04045529686166801,0.654752583572955,0.1277770547540262
0.5993975347799239,-1.5268803127262234,0.05145269885403359
0.5986789820919473,-0.8698882371123177,0.08181270453403876
0.4050678494118866,-0.21658109475007825,0.11654411953586262
0.054660158158697215,1.148402085904114,0.06105477948172654
0.09180662513997291,0.6043649933090323,0.12974782621322598
0.0640709419069972,-0.7420395816406384,0.11438116322100891
0.5359752664155354,-0.04465737031275821,0.10684223461327648
0.18911853864025374,-1.3837007500226175,0.04978485828822425
0.04891321440991571,0.5973102875725581,0.13505506293080202
0.003043942980360906,-1.2017232382256768,0.04771258004976284
0.09793128278803753,-0.4692559027587101,0.143312922495215
1.0964078729800961,1.0996962231259817,0.06169861468173392
0.009661166658710854,0.48438163412583735,0.15641254328892645
0.7272615478187906,0.3924929609494833,0.0904263524583321
0.01790602741943642,0.5177378044290422,0.1501751776774131
0.3342124357861581,2.131727945310191,0.018099478179122098
0.12909502896704259,1.7797539297434575,0.019853351052330576
0.1823653347582326,1.8023210935345348,0.02282657686783916
0.07497672852566176,0.5402734779274544,0.1390901576773312
0.12398531659952987,1.6492481361437117,0.026213507830639395
0.110496813580798,-1.1998282846456623,0.060698591800547375
0.3702268114392411,-1.138382397278772,0.07257550400782842
0.6149731671501601,-1.3544221053389596,0.05950106948165759
0.15794252372751674,1.0511277410800153,0.07830344935532911
0.5082065660347718,-0.36638873337928235,0.10442683274233609
0.003484935331976721,-0.06661345003453842,0.19768419607848173
0.46492318518522635,-1.7126018262129308,0.04048095184126186
0.22393515377503684,-0.15631477444700392,0.1402224373836574
0.5382407158692293,-1.6851294128790062,0.04336659285596737
0.0760965348203739,-1.6602188033523806,0.02100414675014039
0.14183884714079345,-1.3355588768015851,0.050470843659180344
0.3589091284349525,-0.21647732598195274,0.12127759223799203
0.5659932981377351,1.3588712099498412,0.059413078546609835
0.19520830167457523,-0.774971044657801,0.10490017287218384
0.5619429985760201,-0.5971746767034309,0.0940037514635842
0.2384339545653698,-1.513431915654671,0.04326072351617794
1.4257889026586983,0.6159718512506109,0.06329750333856562
0.7052528167471112,-1.0240487496416872,0.07246362484241348
0.14614635612263188,0.4399787550454753,0.1385700613898559
0.933562764300283,-0.29381847335351174,0.08221306827557154
0.4348876061697734,1.3824003612156404,0.057590680286498164
0.223649817903494,0.9063399076623408,0.09209983053766903
1.4146027645365555,1.7439777291885528,0.042611844264647473
0.356216653180525,-0.8023254922670641,0.0950438856312862
0.06492743653452736,0.786809262794822,0.10830445522193846
0.036323945339962777,0.0004580946336532761,0.1862059510384775
0.09119049864040261,0.4446972175097546,0.1467612500990437
0.3989767415425948,1.3736970688508048,0.05765755756972584
0.23985033682101073,-0.3319808660690633,0.13186325048204484
0.15182672444360507,1.6903849689569121,0.026261329965224157
0.4261782026307081,-0.8114499211005113,0.09135526144257201
0.00722247496829895,1.7070233407329674,0.011602789708158374
0.5039180083253259,0.3595496776456661,0.10491454563002045
0.41381705253506473,-0.11660676102328184,0.11716017449437224
0.05960945199841519,0.646396932834024,0.127491173009467
0.14780886008596866,2.5515399161708414,0.002611426609513874
0.011497590894015877,-0.9076561920941816,0.0888605741558506
0.003557329626879383,-0.17778240337142853,0.19243029130845293
1.677232980234159,-2.195762015065866,0.032589093537398924
0.20094444764747849,-1.9981635153295645,0.01595518590361917
0.13957636391032446,0.43345876245146514,0.14004855792114734
0.06551102420395591,-0.7519865216334513,0.11299348976339349
0.49381850251344506,-1.0104613697482987,0.07830370817310116
0.36700043253838627,-0.7528412320857883,0.09754029991055892
0.00046722301900202663,-0.2588641476530897,0.18687714557609486
0.44250708127358845,-1.237197866949748,0.06615888632998922
0.03546036341226331,-0.06988916931021023,0.18570742655307695
0.8906259329922371,0.22124883487345864,0.08474019251265949
0.12137089052912467,0.41281432191045686,0.14454479157356617
0.1799532178798797,0.5448367309124126,0.1260413489745375
0.0014980055190121657,-0.3559420856696246,0.17578125681561693
0.5218514883263953,0.19899561057877135,0.10665939548979574
0.11052374846384212,-0.7013851925443187,0.11710687794532768
0.24388131037439326,-0.6775157396404764,0.11007421819905283
0.783552660763277,-0.46743781871865914,0.08626833942806497
0.05095989189818058,1.017581495995009,0.0767322475746164
0.605966255857426,-0.9423191757191285,0.07849145781852872
0.20808754693720094,-1.4644925494905063,0.04489039727746211
0.7749126945200919,1.0119210633477687,0.07120775080290374
0.5183905153950761,-0.5379062852202531,0.0985851230269619
0.17554625642940747,2.379046411949495,0.005418123897963784
0.027868813188852377,-0.7766230406725008,0.10995104481941985
0.009198836982077246,-0.2486738821901386,0.1848761474869461
0.6219920627856353,-1.7352688159011043,0.042442912112345396
0.19289876435142977,-0.04902555246174447,0.14719093901832456
0.32692095566783175,0.38229340368420717,0.11960228630902955
0.6402286631841502,0.7362163808578999,0.08537673230213874
0.10900586820516693,0.7763320456868131,0.10850358005456946
0.6783264908269729,-0.15279460081299184,0.09637398102524045
0.008375568235160079,1.2485645426085434,0.043494038267865194
0.09852025449566791,0.22399753480332857,0.16179923056757456
0.5010214524772658,0.6150395401970197,0.09676727361399108
0.5756467741740745,0.12956383650987696,0.10337019836877713
0.8692301254844528,0.09608310351536926,0.08647579251812462
0.10829581235531822,-0.1421104435380115,0.16295066750913514
0.45455974503067664,0.613335844338188,0.09961616611955168
1.2625289615096125,0.8356537602889003,0.06385428168840186
0.22460178225277078,0.7742197558524038,0.10350321382591003
0.08734493927519793,0.1762249805047696,0.16679172706599416
0.011922497050185001,0.170370412153248,0.18982952224400884
0.42770154832170004,-0.32576525384027194,0.11191907209449287
0.0448443641849572,0.5471190837246425,0.14224178182810923
0.14678901602190125,-1.5459822107337773,0.034701749080127256
0.11100530409364023,-1.510463389255576,0.03390417883351741
0.1617935969529782,-0.34046980300456964,0.1429124880108873
0.7093349413687552,1.1019839527811919,0.0693061140413469
0.1665104635437884,0.8252863011914167,0.10125369928124386
0.7316737605583505,-0.22771539933906115,0.09257742746526326
0.49104405810711566,-0.43012070938188807,0.10390740283116863
0.10206266221784006,-0.06888776207115403,0.16626238450619732
0.11485684683786745,0.800232011647741,0.10553335365992532
0.13853646828704458,1.4292235793853385,0.042506547280538744
0.2791527952865929,0.43454228750963364,0.12227614703877698
0.33631490591335117,-1.442071398861616,0.05202767519111515
1.075137918434314,0.1606875384614466,0.07763565861401338
0.783206534288856,0.32357621615081456,0.08869307784003529
0.28392581373531084,0.14113823603928885,0.131788669762216
0.014202579551511706,0.13576535130009518,0.19091496308108494
0.23644025323723034,-0.42229338903197466,0.12776534831658343
0.15507334153828112,-1.084738985849743,0.07483647636114674
0.23609149815398286,1.802309791428143,0.026353681018634594
0.012301720063494833,-1.3667072621009142,0.03287733552920089
1.6391138294774983,1.5778913784281379,0.04442132053507838
0.017593455427974396,-0.013187640270210473,0.19294237412991638
0.09551659288352811,0.3190685368574179,0.15654047240150115
0.02245716210029582,0.8450273631783659,0.09927037366288063
0.23796392523676899,1.1641961694064447,0.06980731669619208
0.1300752646152612,-0.716237248169751,0.11425413813992641
0.141145047877873,0.39388089589411135,0.14277002543468956
0.46700741956706515,-0.32195408273078374,0.10870770238548876
0.7030849939952059,-1.7239831812234228,0.04378462042222133
0.054347583904296046,-1.1850391115229955,0.05688207483587879
0.09812524768060521,-0.2674075652554805,0.15942965484528596
0.19201197323835278,1.1804103779667374,0.06709402844667214
0.035933070298551445,-0.973241025738018,0.08140294630366812
0.14659112705746544,0.15303476997210702,0.1541880099877195
0.10789869720764073,-0.5131613391695178,0.13757759250945129
0.7652229380802256,0.5818021623469654,0.084583502206968
0.0663938635688858,-0.17965198113771882,0.1721579581190321
0.3831904450642884,-0.3842805690999193,0.11409581799752155
0.07296301637497427,0.46870683846151867,0.14736720466160122
0.294775941815149,-0.30803569516803647,0.12594425009603238
0.26167549956638475,0.6460461071453151,0.11106427035413287
0.18414795139338874,-1.9881218839934898,0.015300055490149081
0.509328812681283,-1.7341786437972972,0.04051834272190482
0.07558530709100938,0.040568493495591496,0.17371452916054594
0.19461292791144544,-1.2557553373153898,0.060600448766035764
1.2122570874647138,1.195975213541615,0.05736347878376927
0.06073099889861431,-0.2807148848872279,0.167354005880839
0.23652262865819923,-1.1054584131115164,0.07472454367646784
0.10406227411932878,-0.99942134176596,0.08215696692109586
0.039650345785804585,1.3731906758032002,0.03635096015203978
0.572338995239887,0.5248828515163029,0.09577311052750599
0.2585967646378879,1.1866964762743417,0.06838393221310113
0.2594150932968279,-0.8613355953038181,0.09485801228305026
0.23645814512314245,-0.2546068807354737,0.13543772804942805
0.06117442468287233,-0.47996054940421345,0.14806906481881218
0.2522389280846948,-1.8969695971892022,0.022944080643504942
0.028751470523979326,0.20368232450277515,0.18196328971789905
0.3443173189434586,0.027381737376574823,0.12528535992019757
0.01584849992163206,-1.9169288140933725,0.006113167362371259
0.0629020729048616,-0.990814385871466,0.08108120213963907
0.10453457506522724,0.17834546183980746,0.16251375708618762
0.09810622431520527,0.4995328877971544,0.1402989886012451
0.5015572663312384,-0.3635697889243586,0.10498827674980045
0.10179816318788687,-0.04502468897809545,0.1666504639565165
0.023050674989376952,1.6701726615983743,0.014848847845074504
0.021121168606208513,-0.10132483208691748,0.18984080969391162
0.048548757068524066,1.043542671921545,0.0731733016229285
0.15035760314768473,-0.869696553865022,0.09707876668094136
0.06575077544598029,-1.1632086611805732,0.06056376635442556
0.08037260210129472,0.18316710888098045,0.16826024582839438
0.06099332715337444,0.6457328876153807,0.12746858116763662
0.10646099952766004,0.20066395728093517,0.16110384788776358
0.21087364812310255,1.5764163271586258,0.0374635022520148
1.0657498893213477,1.4348359003586535,0.0529960178991978
0.4710513743456197,0.4867582585239882,0.10348625878857282
0.05681135739933068,0.09980353457606744,0.17806235578480611
0.4871381761865045,0.21222348353684065,0.10925356248981244
0.37145856006497124,-0.06860260546324837,0.12199427275570295
0.7086954652448879,-0.22636086536872202,0.09388117007612957
0.17112318803685836,0.35164035030054624,0.14076155570788318
0.6054445200973567,0.7742586784085488,0.08541299977354126
0.3592881467103735,-0.3687585189163738,0.11688348370235246
0.09568684483943833,-1.523898501114125,0.03141401521854223
0.14817882583284048,-1.5085882912383506,0.037407621920387685
0.5469352720033439,0.27772346649429175,0.10352070585026402
0.4946287457956567,-0.3668000814167063,0.10542197807971472
0.08451237508000142,0.12283071642685127,0.1695222175773492
0.5428680936009177,-0.8946448595652985,0.08264555346996172
0.8742847960952921,-0.574897309382239,0.0802924387988079
0.6305539002219372,-0.05524378929432418,0.09996802649092829
0.14403462777539994,0.1306430244224475,0.15533688694068434
0.23371728806365097,0.440691061934802,0.127046453003727
0.561164141925012,2.4174592818827407,0.01733187631391456
0.37805759756617613,-0.9714004772790533,0.0834557135547266
0.3704378087539257,-0.5191168603019493,0.1097500834040087
0.1007473475997021,-0.5188544434593386,0.13797284998164475
0.28310003539342754,1.3178100780943498,0.05896740371898596
0.016800079839966585,0.10419808640057499,0.19131942952979122
0.10578242440895189,1.2463739575677157,0.05568652728965171
0.06799071737934952,-0.0790428728895228,0.1752696668156596
0.14682423560713906,0.6186703349376717,0.12291383620066021
0.40208623283118355,1.2864513519225484,0.0630712651335554
0.09055098420828939,-0.815204388144884,0.10425659933191281
0.05913862614564072,0.4917009100545345,0.1470422784241275
0.5536158193890258,-1.1067798984040056,0.07209952287564272
0.7398771612500392,0.09276387874162441,0.0931393163319243
0.177294491035965,-0.18112840603743752,0.14743490431807277
0.08411176441275323,-0.46978426273751345,0.14543970068281611
0.0872524782674139,0.3500574668894417,0.15587735237296002
0.16144871116696496,0.3294186116786729,0.14361341560754498
0.4865183438017065,0.19478609041154799,0.10956853141602446
0.24730610734799335,0.8966708418287234,0.09234461272128648
0.25835328482808617,1.9381089302424808,0.021549500351204554
1.1471667675901627,-0.9195051488900197,0.06484136924078755
0.024257350920348576,0.7260957821458534,0.11780189530618422
0.19331475833528544,0.866285378375008,0.09648352901799082
0.19583330850850703,-0.5145770230254414,0.12659738053418138
0.24221339351104695,0.17572005216120357,0.13695978032550643
0.0551553031943614,-0.8238931231398725,0.10323538782222069
0.055509541283322354,0.10565671253274102,0.17828285252828507
0.16107314901765074,-0.13746591502551814,0.15172391435646346
0.2795867801024879,-1.286182324049264,0.06119822015838372
0.10820597610633202,0.5849096659729595,0.1301776924179078
0.2064593570778985,1.8646203738782798,0.021594203937879353
1.2972920650470379,-1.6820768289699206,0.04470284421782147
0.00927109621830647,-0.9834036920971483,0.07722181791553731
0.18813328274500477,1.3807745162098592,0.04995373029203387
0.19268186966906367,-1.2435959470049562,0.061557189480365274
0.35310812563490035,-1.6130899765686892,0.04227030360381409
0.09293745455785829,-0.7388973804663528,0.11363262155653309
0.4827324912322323,2.224263029872842,0.020581775224838488
0.15374480879888397,-0.41542941869414457,0.13927059803196543
0.029999937222359257,-1.7480730942837779,0.012308570345220487
0.2983247393074531,-0.2249363261276494,0.12808740651036774
0.008024308751287965,-0.7993203186086799,0.10591904795665655
0.3784828989166866,0.6460397698674203,0.10287589429972517
0.003664377929825416,0.17660461931974933,0.19246931238205334
0.27240020858375535,-1.6437238563294319,0.03695138556674892
0.6141317570096426,-0.011055097065701824,0.10116336295055253
0.35960447552659863,-1.447640303349023,0.052313103987912696
0.29372423852787505,-0.2804416941288465,0.1270134258469955
0.16957985720686694,1.2617327256866104,0.05878655407570618
0.12293028781151344,-0.23557769259492195,0.15584404735742735
0.13875139515395424,-1.6873001064665873,0.02535187937331021
0.1410137706330037,0.8121862912897531,0.10342234127391448
0.22643250539004256,-1.6272295491910602,0.03529752441380408
0.04641077800451016,0.7626906483333635,0.11193477297866353
0.6408211815060288,0.141413269314851,0.09881818968237706
0.29495003030600486,-0.9910776510290491,0.08381382610690348
0.14073060010854063,0.8963002826056967,0.09434496209453254
1.2087721297539835,1.4895867698486922,0.05016072517341755
0.6179564733722728,-0.7519250237354345,0.0857409146306427
0.280043419604871,-0.11402069821187777,0.13274528046880918
0.13944456655964357,-0.23973811459406275,0.1522992773019308
0.13817945075463084,1.8317588648244898,0.018238764227672195
0.02071073804955652,0.9710619403037791,0.08028889576642455
0.1258027230516221,-2.138955601419981,0.0076780304713275
0.08458326103889749,-1.138137136723301,0.0651217686849173
0.28137010577304017,-0.7534425554731929,0.10211506956171723
0.3820649170022445,-1.2349971760315477,0.06622627793363145
0.10377341409036236,-0.9838739462360611,0.08395516367267403
0.2369949066948701,0.786929028777058,0.10183198899888043
0.4640511284285336,0.7393561815663979,0.09329587785143494
0.3080860926833046,-0.901081522978476,0.0902210498771262
0.40837671326235814,-0.11838832028694092,0.11768356987226775
0.0738007338263602,-1.5193795658715188,0.029348645861298497
0.30239838838460703,1.0234062857244732,0.08126109082804994
0.09597246566210062,0.4929726801967543,0.14126859838005004
0.07870200885849517,-0.5983226541455308,0.13180536690045352
0.0947986541544631,-0.8546621748142761,0.09933210348674627
0.13696066523670028,-0.9928487119692782,0.08387579105828906
0.19099626579685014,0.8580879329236824,0.09732096029835535
0.07812181750355611,0.8566496151370059,0.09902922799546902
0.12921802697395582,0.3198273618112008,0.14985015815136055
0.6804455786243333,-0.2430842820521078,0.09532524542014652
0.043378363277299437,0.2529213278764251,0.17407175428451654
0.07289830687797533,-0.47921618990908593,0.14624554837997014
0.018783774826097954,-1.4864949950429172,0.024654750140300868
0.3702070819176605,1.455532251640982,0.052092546220247074
0.22613087074277358,1.3306303062994627,0.05591983020604923
0.19291897934970192,1.200023959735597,0.06538156275202493
0.010506397713318913,-1.255648252993738,0.043104111818167534
0.9759056265515206,0.47221684753686144,0.0782779069811359
0.5575185966349152,0.7385763859920313,0.08889295452425705
0.5150636908047402,-0.37889353857800273,0.10361174412958957
0.6243548583590572,-0.47375394781260355,0.09422592480571154
0.4502089029489612,0.9722071523150618,0.0815218912996975
0.045050733619696734,-0.9189504763867404,0.08960755395630136
1.0672756941817103,0.6632404961116564,0.0720366728884162
0.8141532141486948,-0.13349139964644902,0.08898597373138266
0.35729437968116606,-1.566370336292092,0.045095944665456945
0.10359787957321034,-1.748651442808063,0.019157640483012044
0.00033351783874984044,-1.1225919373983972,0.0567742989160715
0.19957893557423448,0.798550810998684,0.10254829471032174
0.2710149229734839,-0.08809313495944868,0.13433454553980115
1.5338663514791104,-0.21782624834753048,0.0637993085775485
0.042785493156146354,0.3675931736653034,0.16396787773455757
0.02790447694931641,-2.1636779759927927,0.0028043938364956714
0.16670424199346834,1.5768372104443855,0.034276987586943385
0.41703797513496893,0.03329115010703631,0.11739040293115503
0.12468660285021035,-0.6151152939855741,0.12534609310972072
0.3257327364811336,0.7404027771009377,0.10054545495405261
0.660654697828856,0.7260823791464867,0.08487423944166926
0.47274580733934907,-0.8314466869283318,0.08833358739404297
0.03214057971998842,0.6558555610677919,0.128186403171727
0.17721797131552872,-0.30277615520204626,0.14245601490703308
0.011619957783469454,-1.3855255785327478,0.0311876340619139
0.05540710484793999,0.08396813037362459,0.17891534688731497
0.4418316534030874,-0.891427808165999,0.08631826965670851
0.05738197866778004,-1.5680286496663363,0.024277309951471336
0.24548665065410286,-0.6328111988583075,0.11325932643338099
0.28633681987413684,-0.1193251281968275,0.13181455515319196
0.05110710676130977,0.28325032542013867,0.16962514386880748
0.7389042008495297,0.2091138911996732,0.09237014841597714
0.018084867934306702,0.0765040264927729,0.19173793217709723
0.7548619551777119,1.0707458813766755,0.06954830375086479
0.036243578604264144,1.1313108651694717,0.06089745836271938
0.6933968972689432,0.6235074633170804,0.08665570516430153
0.13760799473607704,1.178459423043174,0.06468704501824171
0.46796696751448474,-1.4363331230838927,0.05490877307772142
0.1503802521575199,-0.490520533288454,0.1339630161208906
0.39632786137066833,0.12482685384354879,0.1188348318746008
0.5739560207792624,0.3911684305251009,0.09930216755478119
0.22360945708626662,0.209947789113337,0.13882695839457518
0.15431938259615188,-1.4990891645065416,0.03858931755279407
0.1505759396525772,0.5412989245746744,0.12962867535954983
0.017476853053082077,-1.171077824446728,0.05356890217622314
0.004477969814197579,1.218729669363644,0.04605458322517041
0.4082700239063916,0.6991159889970759,0.09827690915805352
0.16104796278847716,1.2686791527984247,0.05766551035650395
0.04914160995700095,0.098425750442268,0.18047259511834104
0.6156342993560867,0.10252703263507736,0.1007575630296666
0.3046442020586046,1.6023763146637362,0.040939568530058715
0.19302406610958772,0.3297880813555394,0.13859550158285874
0.1324761649127918,-0.9317253977561654,0.09047178876837013
0.1268198491048194,-1.277725913633678,0.05445363424905932
0.13928772556101082,1.5729357207285526,0.03226810047727005
0.6529293860266906,0.7261554916431956,0.0851943564766378
0.14273607724815704,-2.745665404855028,0.0012961334882988303
0.00585162933963753,2.269012824701639,0.0012911006192450256
0.046972877830090395,-0.4050147480806727,0.15908510054155967
0.12748991454871184,1.78086881009362,0.01967096768689572
0.05458328066392907,1.9016879521922576,0.009260752668220561
0.5194502445613355,-0.3218570054772972,0.10464847542085873
2.001002248065496,-0.2043680093033699,0.054311910493055636
0.12201312434243768,0.14897656177978344,0.15956751734107621
0.19918508545507152,-1.4593832707693155,0.04470311724676093
0.014636771913105752,-1.5017405859816275,0.023055728949642678
0.06487425780737882,-0.8670357105287108,0.09747615033095407
0.07804361556262164,0.21262376099176947,0.1673716490197326
0.14705353250542935,1.3351058527412414,0.05090556937164779
0.5253291478419235,1.6312758863348829,0.04568768215015634
0.15285308277549403,1.63044451426633,0.029807947864272665
0.4057750353449237,-0.43809425161244553,0.11021065535857594
0.22560805043495163,-1.365091351496299,0.05323243377666324
0.3268801890155164,-1.4511770945347908,0.05115762297851935
0.06590378352818538,1.0316030694532914,0.07613803338764966
0.011875518096730603,0.8142898964475218,0.10364031346898765
0.08497575373304521,-1.6095171839648763,0.024782512971967315
0.03201932458960976,0.7330581030585158,0.11657037724332114
0.36387196508269654,-0.3812020258567777,0.11599971790632506
0.2526511730679452,0.577218712908935,0.11652693305311153
0.47351035842881256,-1.0423914071376688,0.07702924965049049
0.1545487008745648,-1.7273219126147754,0.02449327534625881
0.0905311207305313,-0.056855532951169595,0.16941787313120782
0.5920725940223719,1.2256610180634853,0.0657533872294397
0.2500888768680819,1.6008268936080785,0.038303848244635785
0.19210881394367846,0.4206520201462191,0.13348642391616064
0.665869812332319,-0.5724737216202015,0.08939512072076866
0.12822698366570687,-0.2653441678826056,0.15322999022377795
0.15773213848805587,0.5704436983443569,0.1262731558186992
0.08929733075287065,-0.26285265872420915,0.16170470961111738
0.042713703396793964,-0.7718463656010665,0.11064926069308847
0.2538168443659434,-0.12774515652861246,0.13624600936940165
0.7627942850365873,1.1820430310804808,0.0652117997248284
0.31392179748937393,0.47248008736499786,0.11688977164515559
0.327068639723924,1.4606692800234315,0.050554561211845137
0.5864752847005749,0.04915029228377404,0.10303614066055639
0.3613129148731691,0.40959411944696916,0.11518074773135321
0.14145283526119964,-0.5304942031264823,0.1316621926127263
0.48786096307273785,1.3007169121483508,0.06249904040973603
0.03971585612864526,-1.6952812487625322,0.015496718952030494
0.6154754036721038,-0.37566904263143996,0.0970372568069351
0.21348003579029312,0.3484024563859257,0.13467221465826193
0.23677946394414848,-1.6185001621773156,0.036456529351534615
0.7679237253137876,-0.1921009714017295,0.09096111160513755
0.34435326051650467,0.07084759651608444,0.12505633201667518
0.024417843149765445,2.435728505209941,0.0008559083336973879
0.0874692921946087,0.9716811975751055,0.08478503021168188
0.3721562925548986,-0.9329622079926991,0.08609727462415065
0.02932388875460648,2.8652035405143534,0.00012152609474867763
0.09085770288792717,-1.7920479933488889,0.016100033980438137
0.09183002947051173,0.5449343866619168,0.13639141633237564
0.36900117316035463,2.4494491677910926,0.010858146950466963
0.015901044692028143,0.017083479268107382,0.19356651781299453
0.12692737578127494,-1.396088082736664,0.04415024185223693
0.1667327376322125,0.5912993638749305,0.12352014981510652
0.022835285225680603,0.7908233899916132,0.10769167592223881
0.18396911928749485,-0.21011952594592193,0.14528978471177312
0.22740667209631762,1.0908360564333195,0.07586872400665118
1.060266645074301,0.9109295775117167,0.06706773186794011
0.6202970109499443,0.10535182698480468,0.10042513959020305
0.8001582372299149,0.9273505370304073,0.07340249143299919
0.0947133605165315,0.8930205209727146,0.09461832701982008
0.048814710475962496,0.537803804730489,0.14291799445644998
0.3052416343614211,-0.6903609564287765,0.10502847409639698
0.06751544248608275,-1.1878530082002492,0.05803623665782299
0.26491633297579553,-0.49418724633876304,0.12053989957505867
0.06534414688143159,1.1770657515891572,0.058985452420181286
0.020208840172321947,1.0582617810751134,0.06811992213696064
0.17876487235166663,0.5110420529437091,0.12882309074603923
0.3035513707736239,0.5188018148787893,0.11546379154676907
0.029659386504799004,1.3615533415507914,0.035948113195787654
0.23936439757980918,-0.21382382307074327,0.13634664957321213
0.17225472536245892,0.44885412886492,0.13425429126651173
0.08840874039179213,1.4647056544751271,0.03492453601999476
0.05657839539204346,-0.3835515246378715,0.1592842960876731
0.08009961646981699,0.7276459819993624,0.11562463501852398
0.6807785924226776,1.1939560086748437,0.06602758152882196
0.009716810469296802,0.21226465319485585,0.1877121426148849
0.0478691689931832,-1.01290658679486,0.07707927288402805
0.21904909633123995,-0.56531584409397,0.12047643138906418
0.34431641680917896,0.13056589322792755,0.1244294908730764
0.15845241915073985,0.2739067760032025,0.14709735327311882
0.08247233689266649,0.7412998156824082,0.11378502004669888
0.09620517971911934,0.06156683207399878,0.16786739397436046
0.3144316055089704,-0.46687530835285307,0.11711424352470812
0.3743793066897648,2.5491123419806105,0.009038177347424736
1.0548374805942566,1.0991567309398476,0.06250039400233924
0.3647203199551847,0.6903137134921035,0.10131063073100945
0.16441055030887158,0.6747993177242619,0.11610306781271286
0.08452571260896007,-0.49395891632670863,0.142864137882124
0.22948239862810305,-1.8001532745711246,0.02605309636937201
0.3890087106002266,-0.20430266798158936,0.11837506432334263
0.037190444379769524,0.0035368698423905464,0.185906732365216
0.018501732092830372,-0.0057333200702479456,0.1926236651629037
0.07614201105208245,1.0612638234284217,0.07329049351231523
0.1630290878870407,-1.4626442628605505,0.041933466270063974
0.3300410106598671,0.4315978863281265,0.11723826305194102
0.002755705971879716,-0.6228010248970486,0.13549142472433934
0.23201854769723057,1.2404770554056483,0.06335547031309226
0.10311690142265206,0.17044628537935602,0.16316604077254634
0.12239746594489147,1.9868982579637375,0.011433998080700048
0.17034048173023641,0.11130116609767121,0.15052263082870254
0.18486961486348755,1.209655033377371,0.06418878644099116
0.15413928451682277,-0.4573297684375581,0.13609781927766765
0.027435009436968524,0.9231834934516051,0.08784046869550408
0.052000354088709996,1.325518815179213,0.042273697945963244
0.20398600280812038,-0.9531663653007397,0.08817389140578168
0.14660027241513635,-0.6781297963115857,0.1171022029556441
1.7143024157130606,0.33409959888608093,0.05926180324620827
0.44040690167893787,-0.7549282415757853,0.09369049339450147
0.26229373485937857,-0.38838251653229566,0.12643884845824127
0.23811247503337934,-0.6265756531184102,0.11430661637089551
0.015386722448668498,-1.30642116470233,0.038827658679766335
0.3387816400986226,-0.0384958515715997,0.12590312133016796
0.2500195935975579,0.14356738742234282,0.13651258800207855
0.2176392317470013,-0.789073649467857,0.10257286152861422
0.43630089442848846,-0.09850370081247763,0.11514879236012576
0.4583441031012186,-1.4528664124030177,0.05388025923696402
0.07326827434725897,-0.9478659644274826,0.08715273634232322
0.06124105465018304,-0.869578692740466,0.09705319937930681
0.3233488102319634,-0.3055172750986958,0.12276426513911372
0.12050274612344407,-0.6051473529537972,0.1267818888144687
0.18196930284403365,0.22482053772992547,0.14509974379373444
0.013617641112638744,-1.0384724270962453,0.06994569744365146
0.16494215909299428,0.771819168698336,0.10665247892810119
0.8534135079976738,-0.48000929448165597,0.08296517046683076
0.3491071389210125,1.834745098744133,0.030621607242931715
0.5134503239362931,-0.10876542521536404,0.10829997575422029
0.2962753771387792,0.45447499078926695,0.11950202559134633
0.2639214067578278,0.09870934946366622,0.13521697520560766
1.060641105198987,-0.4583054456846312,0.07547358801623125
0.2018351062886495,-0.8570440276014528,0.09710509721202111
0.4686260106382271,-0.7744029475519987,0.09136727943341356
0.07895965863287707,0.7087873279659438,0.11808328254183044
0.0322625795017038,0.018473602030237596,0.18756030414127575
0.06002115977666731,-0.10408057725244638,0.17697171675331286
0.12570379145783483,-0.2348577380339561,0.1553023253370685
0.18523544607656134,-0.25090635122797156,0.14351216785836807
0.6605153984432234,-0.9627502495101709,0.07605794218022881
0.2694067337745558,0.49340515381415356,0.12013152882131013
0.30867837481379956,2.1330500491853006,0.016934982547377648
0.14581504916343627,0.9838882935892127,0.08499337250125694
0.33225347582268,-1.8092816899997557,0.031088530935591295
0.1553127512185766,0.042358814173605736,0.15448242476316443
0.28100093061820214,0.5168721789131142,0.11765845814868307
0.23023840143185545,-0.03292069305061399,0.1409377742825057
0.1104102832947552,1.2981114320305154,0.05118844019042171
0.026191510195354557,-0.20211702713566235,0.1828935150314133
0.03923902777754155,-0.8332310006734793,0.1016372976773276
0.2566332374746027,1.7336002474410015,0.03107738062258891
0.02277657703930992,0.19064900407720914,0.18477364529512819
0.18102242087410358,-0.1778103936485962,0.14686700136500797
0.6879714858673943,-1.085025119015919,0.07042916881261546
0.26214117044776447,0.9722623328412471,0.08580621384004136
1.1273140358198641,1.4314716840449928,0.05247996288842446
0.10185299938838514,-0.2450730432591931,0.15990520193502697
0.3148724466485647,-0.6232538101120374,0.1085643775802299
0.818881279162858,-0.39599886600563744,0.08590984084951558
0.12896004044314016,-1.35852240228175,0.04746084035834084
0.22880098114717465,1.3226025276669688,0.056665279621406855
0.5635453549400523,0.0034439384342185293,0.10479319182232277
0.1207414861510822,-0.0001967701085504745,0.16226343270148663
0.0026981582980201897,1.533703955410446,0.019405338431671516
1.3883940636836378,-0.7730822478242712,0.062070888190781166
0.15632470164314918,-0.40125493717108385,0.13987888614959615
0.03478322983594091,-0.11535676437265875,0.18456902316089316
0.3995730673201346,1.011555448987993,0.08040839944939757
0.11793922017994769,1.5132355220559772,0.03437782942797146
0.05534158329871367,0.9170686211979239,0.09039716063632412
0.037835855615555046,0.7288930717878552,0.11705232560773249
0.35877521583382954,0.5520321430104638,0.10910396697935451
1.5000072015186319,-2.8032340846449872,0.021174028755977375
0.149232024469004,-0.3960531781701271,0.1413343458869762
0.43284494841624577,-0.7131436220838693,0.09620032635753946
0.3186033935197392,1.3008336687012387,0.061043938534335616
0.1639158977514193,-0.5528657928192442,0.12712993583765103
0.0150515267288076,2.070897409904509,0.003395675965115087
0.15799960086765025,-0.3659083300934038,0.14196420043644462
0.008910740109710628,-0.897630041656074,0.09018886072153297
0.9124803695152397,1.4449364810209575,0.05403534789656136
0.15797890314565646,0.1729418541647085,0.15130758206365852
0.25970793729808916,0.28268849628368736,0.1312314694703774
0.8477203028310698,1.0908695632652103,0.06687097205539659
0.25742396379459404,-0.20134816164355054,0.13410968671893772
0.05674183781937014,-0.6806857550693184,0.12306907341202529
0.9085608179161873,0.8032750237333707,0.07380964495351476
0.062454267095261855,-0.34216382997053885,0.16188703288532977
0.041140039469475774,-0.47248884219904835,0.15237308760543722
0.1350374486336006,-0.6922568981588467,0.11648033724694025
0.17119967269351785,-0.04667126371866919,0.15127229602685177
1.1365768704491568,-0.6195800882493349,0.07073071795767695
0.24226783752235526,0.869526007527249,0.09475872286483684
0.4917227447293687,-0.14688285276596932,0.10974022874676657
0.43958014273839036,0.32809176306796345,0.11083283546992519
0.15436288103014506,-1.3630434995429042,0.0490972989572388
0.023274722910055244,0.8078343030528042,0.10505318144598162
0.038258399267736644,0.6606640291019935,0.12707109421612423
1.4766748897532536,0.7788500451366795,0.060133981310447934
0.5897165864957798,1.5073202527585416,0.05230651742381696
0.12726516769933147,0.37957620568444406,0.14611175983066935
0.536533998971245,0.6519295489168465,0.09336217195689953
0.690377949090372,0.3520001583555273,0.0931237375172166
0.7707282501756877,-0.4837388859726418,0.08653304435078216
0.6243272516444152,-0.13574286986858092,0.09994490400040838
0.061819529101435226,-0.13497142932629702,0.17539629301870802
0.4731856841020638,1.005336215715737,0.07908350672473284
0.017172810563102568,-0.8543254894390128,0.09755574401411078
0.49278526500365694,-1.7947654413388694,0.03735283953558748
0.2580501838931392,0.9829106565380966,0.08499140793450405
0.3983354804922557,0.8027749601445952,0.09308465067382292
0.23935608083447302,-0.4673963563947825,0.12483108421167069
0.2730322112624992,-1.4142329316598898,0.05172456558443051
0.011317218787373188,-1.1199934494063788,0.05884981016721727
0.009588341528982858,0.8871966718314312,0.09188116646429471
0.5016024777331879,0.07628205085815096,0.10949164891133076
0.10319377747810703,1.2231287811336957,0.05775905100308782
0.4938527564315446,-0.665636318993776,0.09509057922058749
0.3647165899929832,-0.34127374385273646,0.11728760152689494
0.24968668323919843,-0.5046559863369944,0.1214703069689212
0.03326637390867621,0.3275733535096538,0.1703448118979697
0.020497272689974314,1.142386791502953,0.05743828911636593
0.14534347974755457,0.7465314490056919,0.11019098738813363
0.7780894261521443,1.7910561356632877,0.0418231937045597
0.07695709910659622,-0.07253710979396416,0.1728483204709454
0.16457940479085184,1.247681944733755,0.05975357298595052
0.3079051781313762,0.07114297838985101,0.1295277049534592
0.20597176781447976,-1.847773486633084,0.02231507529779691
0.007624868159779317,1.9659148720832205,0.004627876299066116
0.3565149911221538,-0.24107387043898762,0.12097409860755012
0.75180602155004,-0.1578042885798054,0.09209982676710257
0.2746580307679203,0.5254575960517767,0.11775946210447195
0.26054508891458605,-1.9116709354444583,0.02277701401592147
0.5410856897246813,0.9348054125055213,0.08080810671330595
0.5366382874538999,0.8459462166669192,0.08512053627035529
0.062017422128650565,0.11846466549000206,0.17592752214529356
0.16460972997161719,0.5029144671652596,0.1311591367147003
0.5132249604028019,-0.1982770798083221,0.10734751656925619
0.3982197327111346,0.7655358277971175,0.09521047623362593
0.5581169314634291,0.9073389563262152,0.08154841072648485
0.04158671914784523,0.19739117270603754,0.17836181872480078
0.1736601813125436,1.3738482064307522,0.049572429427470324
0.37028137799655975,-0.9893300483371293,0.08247087509591354
0.39297922108910643,-0.98910237970825,0.08196618538478576
0.02235400503369583,-2.476985396400261,0.0006848088114809421
0.3733763174506466,0.7702542746146643,0.0961779592089001
0.29523315651060456,-0.08612658057142746,0.13104182581333929
0.12873363782214378,-0.8576679545471977,0.09871097166747245
0.1087684992353199,0.6391735981123292,0.1242316679857119
0.008831531901383732,-0.24720034332861016,0.18512902566775247
0.14926909347526565,0.23337956844057567,0.15068620030458402
0.11001546603964822,0.8708141179797153,0.09735715430243153
0.16942691330992132,0.6738551738753373,0.11581626297181598
0.3700674670123863,1.627266980882297,0.04207703273478855
0.04716528119467258,0.7516965184693887,0.11350220406871304
0.1961562670730652,-0.788341151202794,0.10363295317988866
0.47229839535244733,-0.8082208047921341,0.08952408935295138
0.08575895458114803,-1.3736036789803596,0.04198900947377912
0.597834716182297,-0.40459921329891924,0.09748039927184649
0.8107373482399062,1.028063040452162,0.06979172915051504
0.0359188466961419,-1.5187824320207397,0.024796026176638866
0.036887839954260176,-0.4838001599812875,0.15169112549148397
0.3108619965156432,0.6150732041871906,0.10935430447528958
0.21843961619831379,0.821620459164484,0.09970637448046242
0.7017049409638996,0.1266588664699341,0.09515771441151782
0.4857736125133916,0.5752500417317628,0.09924308637028131
0.20908184577513264,2.1062377535255425,0.012906161232718307
0.021349088472884793,0.8944895891475889,0.09165660725336569
0.031231883562523887,-0.7871508835390414,0.10836856368924155
0.17852914228593478,-1.3972195603916242,0.04804349306831298
0.10896817432488046,0.32731962695640004,0.15322674153455856
0.8600931862059412,0.7946544404326524,0.07554485399165455
0.3288458347647428,-0.4160199059340583,0.11802496421552557
0.09463134897899156,0.7112743815332743,0.11690393617186795
0.13246386176212263,-0.040538001011210446,0.15939895035436388
0.025269826072134134,-1.7044556341312864,0.013587782445787771
0.08617986547783532,0.5837534853605787,0.13271375775572736
0.11515720408338811,-1.007587834647137,0.08163860517908367
0.3081234042035569,0.7251851096847165,0.10255325172917129
0.056823333005891694,0.9467189336983024,0.08648250402269178
0.3392015539261722,0.5067328894177603,0.11293266247956071
0.037549723848670696,1.6449492394120058,0.017673773667406967
0.6736519850081539,0.5131101299443802,0.0905818442002695
0.29540022883600414,0.3260095229121064,0.12521475800388523
0.2584503089286042,0.5165187832725062,0.11986189752763793
0.06220752211321283,0.16197185453128088,0.1741619224889127
0.40512837713395067,1.9142762170215872,0.02930467639837764
0.08077673005816424,0.6852089779339632,0.12095192650444438
0.47991047091667965,2.6714636073399225,0.009681478342511634
0.4528161331809237,-1.261583166716562,0.06472001158899195
0.8410170908314302,0.06337552323699824,0.08793456373547529
0.45793357325120215,-0.6122508875465347,0.09945489464657159
0.13621318845485283,0.7064355986514393,0.1149147373209188
0.2144045668972684,-0.14906750696995313,0.14192051818034546
0.29574774748911653,0.32145090743268456,0.12534377507588876
0.09339498016669846,-0.34267037424150476,0.15521027927078687
0.48290881112197065,0.3457258554977247,0.10685524546501872
0.11973967993885286,-0.46828027719986326,0.14010658370285317
0.041825547355954444,0.2918916161538617,0.17136533751578426
0.01840992432984473,0.4650507698531623,0.15751343939539483
0.32365117586222775,0.12497494456993527,0.12695913127412398
0.09224764855691404,0.5599335473853763,0.1346981349622649
0.5723040613074728,0.6786236141635721,0.09053624098222433
0.444091655612383,-0.4045546255651797,0.10824395283788768
0.03672079050229573,0.6692442547119919,0.12591349797323706
0.24309395088920066,0.4938224969448551,0.12282376680118724
1.0267927726124237,1.2209396499642167,0.059646341360419124
0.5302329223808907,0.10368793762459683,0.10699514091794875
0.6172795092630337,0.6975646496174545,0.08773966223760342
0.09145119555979127,-0.6695911465691408,0.1221232333119717
0.38781760979820235,-1.2909108938927436,0.06268079716641634
0.12460084435283195,0.1948612951330835,0.1573254038224462
0.5281875559457949,0.194225206309927,0.10623209560067402
0.03249353205507412,-0.6748269097045134,0.125331247951732
0.3466634767809445,-1.9970334429329615,0.023516127318094895
0.3106104010849454,2.4057706086921167,0.00980093659649469
0.09086638684807483,0.620078462947971,0.12802376216886024
0.3000333687805818,0.3772981632852988,0.1226521893180352
0.7253346723283004,1.5525031950547303,0.05077068506290504
0.2864828293260843,-1.4655271204334124,0.04876562029193654
0.06101809025197079,0.3644940410699924,0.16016897263794155
0.10965521133555241,-0.01552260595851709,0.16490044093768527
0.12995501561877007,1.19856239254142,0.06222856400408225
0.11182794807423423,-0.4178135534244185,0.14571682309047393
0.3459910189400399,-1.6951625124061231,0.03748566990835994
0.8987363647572384,0.8210743567369998,0.07364430946692226
0.21029947390345366,-1.7736727728128168,0.026139697085408444
0.46856176679642464,-1.0594503660183041,0.07617637246400681
0.8667910906216528,0.728453164842704,0.07705147280889867
0.14073452669250333,1.1591846484149788,0.06676823581095744
0.014215135866672994,0.2815538630859726,0.18023055047672804
0.4198766279285531,-0.3945144124018533,0.11054552819343673
0.398396687300754,-1.9853501270654939,0.026106969745431096
0.10839926310723266,-0.44234222852747945,0.14415622171223064
0.0940558544028527,-0.9395880953067811,0.08892167099739821
0.3645385972824077,-0.3203176746376846,0.11796855159915764
0.05102487422717736,-0.9223165962915231,0.08946723478822859
0.5563105483358146,-0.5297619651507749,0.0965601633501633
0.5911848127867138,1.663475742936379,0.04515615641544892
0.2506541696434107,-2.526466987217336,0.0056898109950292534
0.07407913832312855,-2.269043326893836,0.0032853186778084033
0.8927968709925254,0.521688339423346,0.08060924228995872
0.08047427682782068,-0.3797107416582067,0.1547274654340234
0.11088508823920315,-1.0727113343599657,0.07418303371650212
0.17492861255139205,-1.299086425596276,0.055852075656730386
0.2206473175425865,0.17974832154122783,0.14015743675720102
0.18237574500791645,0.26792302199371976,0.1432595349662487
6.209096965686271e-05,0.7701866969136175,0.11051449983842138
0.5945778687325917,1.319512390449166,0.06123947084669841
0.007207476746782406,-0.42585312989504187,0.1651933291002311
0.6399808492258545,0.09323028872719887,0.09918712072051307
0.5191729161489801,-0.1008663206440931,0.10789578732103325
0.827956756848264,-0.05279595197280718,0.08860553914024864
0.11304731191754033,-0.24208871107891866,0.1576092493399715
0.05942810553446923,-1.2358770773665917,0.052023611059407275
0.016744691300886235,0.21881312587549712,0.18481471019859716
0.34917832250987885,0.24743498165174235,0.12160831583373176
0.05107954502073932,0.09112409365673263,0.18007217909056358
0.05511609488131738,0.9356385455296768,0.08787418832152012
0.07856255474114189,0.664236396308401,0.12373171430344423
0.09797637905824513,-1.7988439395452025,0.016418811756396482
0.0720856099752194,-0.9775349083889646,0.08332279046908309
0.2805023695046427,1.0068738854114494,0.08279213121776129
0.21468897618587782,-0.4412638181578756,0.12930059509867783
0.3155357223358442,0.26307243998823443,0.12496252789855677
0.308207094521122,-0.29382700804006656,0.12486038640533398
0.5796288883464137,1.2398546025791883,0.06519381810534804
0.011225417919900975,0.1530414119923566,0.19110408690059608
0.24473797704152211,0.09194025238518974,0.13814286844263327
0.14629956745514708,-1.4946029988700007,0.03825014490804051
0.46714568101676135,-1.6424170523254005,0.0440058306567196
0.07784687190301103,-0.39248209104372056,0.15408813892869372
0.2816772737142393,0.9380593941111683,0.08815510943915725
0.09424618394624575,-0.7755195745937238,0.1090897631873809
0.08023491412570892,1.4306208883272302,0.03666097912107497
0.11917631583789738,-0.5973093375438037,0.1277261665744307
0.01970599132465898,0.41537651649182034,0.16377274535040667
0.41158282541824665,-0.4966987964201381,0.10748431049844706
0.6393722209192431,0.45516739185104693,0.09384230026079006
0.005139303281335032,1.39694494939978,0.02923838119757196
0.3170474747644467,0.9603327718863652,0.08567187914706738
0.24827843812611736,1.6694878862404157,0.03413183975441535
0.7074099975823607,-0.7250532165396051,0.08300650776025041
0.34689806144296653,-1.1356847151987635,0.0728413525278761
0.16268713456705072,-1.2331088267155557,0.06096513752245396
0.25896438965811813,-0.22711857550792863,0.13316982598754087
0.04081963195037377,-1.2854925434717652,0.04461489958604325
0.053074900691936586,-0.931805927289277,0.08828227662808087
0.07601779804905867,-0.7606769514793232,0.11152625804298684
0.1979660049081323,3.220501789041126,0.0004487507751527022
0.09311089432714874,0.22094288278267873,0.16322692106886008
0.031789672466466246,-0.06291226232546265,0.18712501833427678
0.2192599767501034,-0.6298870127758327,0.11560384822354101
0.35902942449436925,-1.0732093608408462,0.07704726216395319
0.030423524150131907,0.0010558149720355943,0.18826564220537043
0.3916387126025454,-1.0177213564885237,0.0801830449160039
0.00718582747643324,-1.5743276568197215,0.0177107582171333
0.36013433078970536,-1.6354320092102381,0.041275664971878054
0.91782697745874,1.7043139883134715,0.04533143835781295
0.18306500908150572,-0.661769813867044,0.11587170324025625
0.02044856563740953,-1.6599169514589147,0.015028783637203095
0.09967083115845762,-0.33339088616391443,0.15464271663441667
0.04787948197154734,0.677761374775711,0.12401343914158763
0.20850662524184088,-0.01046752448558686,0.14462584813803742
0.059829369838713835,-1.132321616505606,0.06346514368234972
1.6865251428853911,-0.09044046282076681,0.06064360096190081
0.163193652548517,-0.5879105926201705,0.12416903661440412
0.14698412504650146,1.0276099944744983,0.08043089874462422
0.019894537226398865,1.4621688449214008,0.02651464521639467
0.27383174209525835,0.24523734508460476,0.13063102879033772
0.03982065202035891,-1.856893768369243,0.009451131195616828
0.0910383592958665,-0.20752753387280246,0.16441200724463867
0.10663381629523672,0.09245421232670205,0.16468551591193026
0.0309808083631978,-0.5434443130705732,0.14460963963786094
0.5316114748574485,-0.5015998820600788,0.09896163410979159
0.03513851605617104,0.38582272211052027,0.16378124136356553
0.19791664080814161,0.5888552370569027,0.1207131922721965
0.10235126084153638,1.1586396992561725,0.06432878341879665
0.08097015791257714,-0.7475170599514432,0.11305314849755436
0.07580872925830799,-0.24346263481017716,0.16613977619859255
0.33247551811850573,-0.1310633234831389,0.1258114084991004
0.47366898233814525,0.2667567877999524,0.10939127196818105
0.15773780116222194,0.5259755237021785,0.13010434592731335
0.11505016791478802,0.11212240809420126,0.1622139309166452
0.39395288762955455,-0.533279619594086,0.10727900204946954
0.0940699533215684,0.8407949521701985,0.10104450374845675
0.6131313808776421,1.0488711894551888,0.07361184895376767
0.1043899784326195,1.6149709389911395,0.026404546372152532
0.015783795687055416,0.9318397176252087,0.08557291564415559
0.19065748360228557,-2.2712432462614784,0.007918718143033932
0.10696192474386497,-0.7382249864587218,0.11305341642250015
0.18818185713065627,0.04732907919502253,0.14806251692091596
0.10360456235588382,0.18569193123725433,0.16242545910010317
1.303179567945188,-1.3058172104257066,0.05352975047999174
1.1011476102691344,-0.7064233325243636,0.07026284026938064
0.28833560126884566,-0.17918793483173018,0.13045942587461745
0.7111311045103759,0.5038547103611054,0.08892961723208176
0.11259833482628062,-0.6263046317163103,0.12529752326005872
0.46519917341111106,-0.02828213324996122,0.1128396488244852
0.4345179987123005,-0.7154991628392807,0.09599229461538986
0.13169780973941944,0.48784121977814787,0.13668624611296487
0.3834707155026531,-0.08434079204989818,0.12057676064251921
0.029488138884926837,1.773789491885827,0.011305075032494236
0.07941677552010994,-0.4433949359710576,0.14889507969157303
0.0706793971450693,-1.0820725133878841,0.07038261174784717
0.29486648180598635,-0.5127086556576494,0.11659175918608111
0.06760460903105851,-0.4460237452224102,0.15070011783094542
0.10003706028773206,1.8900141234196939,0.013049588664343697
0.09538440622180956,1.3373774213629348,0.046180221388190494
0.861256286875074,0.30396475467854656,0.0852435890686578
0.8869519329151487,-0.1128789275859155,0.0855839538356293
0.5345069740155687,-2.2114961433016136,0.02252302094401481
0.18018241214455463,-0.7659805105165982,0.10647920565515201
0.2020421727789168,0.012160432383094865,0.14574726891400802
0.14079825943555282,-0.5553606728647008,0.12948531467429913
0.18531705027829795,1.8555424006857106,0.020597356441044812
0.04577192475717456,0.9179546060506324,0.08978678227489247
0.09481807014941189,0.23524098720880424,0.16205506019514312
0.06140744273191548,0.8584582505947634,0.09856607187425562
0.6383530459495937,-1.175178985629452,0.06748291966589492
0.3513289253144407,1.6242084607123264,0.04157854448358828
0.04293074619626518,2.2770773504411337,0.002202537122486087
0.16885128640031205,-0.18048749685270615,0.14900222414090228
0.11819852042314144,0.5590753767739638,0.1317216249509678
0.004516699119199725,-0.1992742339964766,0.19054862575948392
0.40346225940772285,-0.5453976415950043,0.10603383353893067
0.17405797114460592,0.5759513849213382,0.1241069954522564
0.13466514170496094,1.1652381784847645,0.06582185107153497
0.06032330409558546,1.6872155800358521,0.01800909662830889
0.2009987362747829,1.8794616509245927,0.020596688695169375
0.09508754818112462,-1.1923128089679216,0.060204631879807124
0.21264662460376138,-0.34553058398684344,0.13493402646817823
0.08646200297067605,-0.09260986281047577,0.16982803844159966
0.10386689742325732,0.029812195942828648,0.1662633232368582
0.1661006470624282,-2.2340764033022067,0.007600713550220823
0.28318450668371825,-0.012846135750045186,0.13311564121594668
0.5546188216672776,1.7809996767526082,0.039364100618618315
0.09799117835463578,-1.7698057451574296,0.017689133636428742
0.11896985929433096,-0.16576047685410852,0.15968071663501104
0.31041665686503916,-0.29625381696483033,0.12452588762091217
1.580357756882932,0.39844849540390737,0.06175619157216741
0.07870802642180734,-0.2784538835690372,0.1631420635329487
0.07483608729312508,-0.7657407590216401,0.11090022787597496
0.5149489951227646,0.5881029846206353,0.09699049588266272
0.4799496844391458,-0.026851192832658227,0.11153273370453062
0.1197011231156259,1.2491877627785926,0.056571550108510754
0.004457980520994613,0.5969085879690543,0.13962726898259045
0.16838212376762263,0.8053591460978369,0.10317696859414874
0.23523923421890625,1.2250876023947608,0.06471258035912768
0.4283280071491141,-1.665481855796839,0.04185015579415209
0.324479703207337,0.7458550449047495,0.10026121785587493
0.3345382276043949,0.17671838688139194,0.12481423061941305
0.48794566546139295,-1.0294940034480147,0.07742124838026625
0.44732568675130796,-0.30470130427177,0.11076420175649558
0.1923109975445638,-0.8348066067746716,0.09947554890347937
0.03321665138728208,-0.5481224452099569,0.1436555361782655
0.5051443132363065,-0.22754183512410006,0.10754809024647312
0.2762206787222202,-0.39199832306538995,0.12465656258427565
0.010071216137773497,1.7537639126240845,0.010185657577878109
0.4660464032735001,-0.45488529439700137,0.1049334727589383
0.14993574951411906,-0.20241486748883347,0.15183445584327535
0.11311267102110517,-0.7957806518924123,0.10609990059276267
0.21711182734052567,0.7550222873609325,0.10552572596759029
0.3340206347835297,0.5483199508083028,0.11127194937325272
0.7764662893152089,-0.6040002207570119,0.08356376785995617
0.00790866690756845,-1.0742309787190316,0.06428768594623538
0.10901127499061398,-0.2339738889883395,0.1589116818663271
0.012385662127871351,-0.7312680131821201,0.11714249974752025
0.5557039157998314,0.6031472990863054,0.09413601935807774
0.3647506760428353,-1.9090847942103875,0.027933225286850175
0.09464765131283565,-0.4644692721388064,0.14429136456293384
0.44010059592957745,1.8127009235886615,0.03503174705234583
0.3010286651759664,0.5727068882765648,0.11264508694822628
0.32375809823725993,-1.1307304807437515,0.07322031615826183
0.41640440792628913,-0.21263406545189792,0.11552620557532263
0.05265525043301895,0.9141866483613167,0.09066283262164916
0.2752322784997044,1.0289264252738954,0.08110051797927072
0.21872118983897887,-0.933654079772615,0.08976822809065031
0.1248722212423054,0.9685837215023437,0.08628178601051359
0.3934939307996981,-0.44682556174194377,0.11090523555590265
0.1708756538345512,-1.3155292863339458,0.05420674978654067
0.19050202138694014,0.966465765089759,0.08700201323120675
0.07042612962649765,-0.1305926687538433,0.17310065806864336
0.4029176134465858,-0.1409974147889999,0.11796860106998006
0.0031971084007804034,-0.2777955239474348,0.18409428651373805
0.20628832034454248,0.1934855082911813,0.14207357286195962
0.23142659603095356,0.2790493984869386,0.13524553646048323
0.09342220233087471,-1.0827175677056873,0.07201296673716581
0.055365622309529176,-0.6172372167137222,0.13174261140121446
0.12829538436894794,-0.9062940133020448,0.09327680178224763
0.033570570669165856,1.624947698953277,0.0182487419262969
0.38315986368822935,-0.8238903027889735,0.09251321259542575
0.2610606481370223,0.6574448714599262,0.1103059715745345
0.012799910658023534,1.3339019363425244,0.035853426799930845
0.9226262275904918,-0.7396215094195788,0.07493773200578935
0.44321012274594335,0.035373986112279245,0.11484793579986344
1.0994291924261632,-0.9580649982137769,0.06506164238498625
0.30881279989854515,-0.10813258987786131,0.1290278474760707
0.854782468529533,-0.5253805865041443,0.08205636381929275
0.4875999487271806,0.8399999464720194,0.08730720841731501
0.11073897632559786,-0.6203388032721232,0.12611671302294852
0.42090753658887997,-0.13528633083668726,0.11625910863294611
0.03889818820705938,1.857881145571923,0.009347879908718633
0.2117781633122407,-0.9981376670365238,0.08401176181630131
0.7183184078006081,1.3206781379940695,0.06028728018294942
0.22309248006776713,-0.012640160776246242,0.1421678928595546
0.8796128367060725,0.5569839289744896,0.08044813604067898
0.1442689129562664,-0.12702478782720075,0.15537991560521316
0.22279803426714426,0.48804345564498136,0.12539750742775838
0.25283922600090003,0.5574302631550505,0.1178180701567558
0.9694187893140375,-0.4547669863226679,0.07877858693930144
0.3689734086654102,-0.6072672452577231,0.1055488321853234
0.2710235487315629,-1.0674308437673683,0.07804857489867674
0.020390224960099762,-0.5023055840331304,0.15198649422404265
0.0757164226522997,-0.4857284452923227,0.14509309233104897
0.03949898914387214,-0.09192173869927626,0.18377740590388017
0.21471498954242918,-0.9623599696109382,0.08723763576605892
1.4071360100265013,-0.0035295901674356873,0.06748526629578214
0.5452236387464504,-0.07589338194017901,0.10599617627314308
0.20131891817374523,0.09332617224359485,0.14518433314233212
0.2167069199771629,1.228130035339417,0.06385254335096859
0.012655944098620578,-0.017855349329771918,0.19481614940047096
0.5410691518860538,-0.4720449410259836,0.09926855232723339
0.14429802397673752,0.22141397035893914,0.15216741483003765
0.008412365061808482,1.4468604674218666,0.0259370344993323
0.7742777217642666,0.4306002002213484,0.08739981170833751
0.17387953809766937,1.0677331515229593,0.07705677487833136
0.3367838536474943,-1.6240932183500456,0.04102800193103448
0.23298950430713466,-1.1872858668881707,0.06776895694850804
0.4677005636376861,-1.1063474456449531,0.07354432366225061
0.9840598289363676,1.1893282650130261,0.06125558152032728
0.29103847533505367,-1.3409972210274292,0.05752747766538817
0.03730154669765395,0.7507524924207454,0.11381798074740919
0.266181302240816,0.21445976820014195,0.13254537812877115
0.009666396609835835,0.31687076969752753,0.17798744570623476
0.12686326608692866,1.2522690359753492,0.056834146792259316
0.023060423779251053,0.9644386451809874,0.08147574910872742
0.10094004016215762,2.130352390964892,0.006590401547478373
0.6869860876605705,-0.763230034256277,0.08256543338640156
0.0714189016506617,1.795560774221474,0.014265904209309472
0.45768071475577915,-0.34861874906298046,0.10878233590942027
0.15144880412117367,-0.3859466812588085,0.1416844133723133
0.13823309068851555,0.2825184701060623,0.1503587585441599
0.5581282471587071,-1.0904860708014346,0.0728206725409046
0.1596477536262216,0.24797790126251487,0.14810274059597833
1.2120748677434408,-0.3009818082450534,0.07213536572812
0.06651171843517865,0.44860350069391147,0.15062013890914644
0.634807125653739,0.9551592385560186,0.07710020866774733
0.09486033190206587,1.4568217597181734,0.036214122153422096
0.24311653683014023,-0.6479675788249982,0.11233685236333206
0.0382912064029695,-0.3713506421060529,0.1646213652615999
0.014402079345598175,1.016820965369842,0.07305886801095529
0.13993133369070365,1.2009193631953137,0.06264066655210532
0.05927326989585003,1.0800971134894524,0.06961519148519679
0.20094831632544954,-0.39414843007331274,0.13390772069852624
0.08351445118774159,-0.10198950191089971,0.17038424052588472
0.011894839781715108,-2.3731226915779264,0.0009029922767988224
0.38006661911708345,-0.35240955533467155,0.11545153819670916
0.12184973679566741,-1.0711951690592252,0.07490079125721845
0.0567320742473395,0.5553830975901711,0.1396287057495205
0.8868007686725995,-1.7090670921692666,0.04515170077746549
0.2011570113200685,-0.6871978663653117,0.11231879121069277
0.24831813418411103,0.062364098478549436,0.13791609044640094
0.9828208023321862,0.040837932033978244,0.08160556604751973
0.037721488646952024,0.4368767788071045,0.1573449601323681
0.06036668307548412,-0.9474046821903199,0.08658597167916596
0.3715742258709917,1.3001302681660902,0.061923562684198304
0.24683207804096668,1.158771872239291,0.07042734320892419
0.1609824814860245,0.4988572332418538,0.13193297426049322
0.03568744143564957,0.22810881292985258,0.17812689702827514
0.263092221800983,-0.6101936616268562,0.11341945943440969
0.17472085818159588,-1.8242050469713913,0.021265550130268845
0.3335696592917619,-0.044102147298511744,0.126504225748716
0.10718326915729197,2.4481766679880974,0.0024947321727748846
0.15450534811818184,0.9330115396352185,0.09040101781100984
0.11045791544975997,-0.15315052523383457,0.16207300282647016
0.06729276601605526,0.043076546006510195,0.17608098850421522
0.2127914647598104,1.4130680229465467,0.04893435780395882
0.5300710499721949,1.1317970774410282,0.07122330113252731
0.010511717843672575,-0.8838879361132777,0.09247504409496923
0.1992974020251632,-0.46411615332004585,0.12972536696148812
0.41842069845299384,0.8401603251733424,0.09008381122758302
0.3015811023184365,-0.13607210609419854,0.12955470279687809
1.48965355163725,0.7551409454085373,0.060184497149251594
0.01768266561406499,0.9949775603027557,0.07653855098648549
0.052928894330652294,-1.5624422164210496,0.024102618488440967
0.11555749358039236,-0.33600732048521736,0.15134603332214422
0.0018740024731178073,0.25827484066590606,0.18645433442564524
0.2198573213480003,0.6022773065299767,0.11766519298929187
0.3070247419956825,0.17842335421729807,0.12809249301724784
0.162765270627692,0.7269070454013773,0.1111964956066062
0.16204558492171167,1.0488575117956467,0.07863465095559205
0.6293520819671693,-0.36210687865991886,0.09647096598708776
0.28394915271142274,0.6744479268526179,0.10750351220405173
0.0917547553953663,-0.47865584734648775,0.1433409936619847
0.11554257024485681,-0.23345930217614896,0.1575159331941461
0.0672524617912996,0.4071067428275271,0.15475931651914107
0.09221975701465665,0.28391894752399544,0.1596863734305968
0.3327462879459295,0.7738008147974543,0.09800553981871292
0.30463774090090273,0.4134279763642848,0.12058850565307994
0.0909998445784805,-0.13201269266177387,0.16754134793352363
0.23278381743228405,1.082572771805466,0.07663905515175728
0.5911901833049089,-0.8175003703818615,0.08425942995325622
0.09374797428547434,1.4486015140896835,0.03672900827009269
0.007563405954931496,1.0853775044672251,0.06275308402994272
0.09692491630048002,-0.23581377547816731,0.1615361530469908
0.8476604422873825,-1.6589474751151445,0.04685237356926775
0.006217725878620265,1.1178635675066197,0.05833009991507992
0.03887979433178135,1.0709910032572112,0.06868345263144902
0.057248016638662615,-0.38299508529501963,0.15919681749735137
0.36756770479403283,-0.19811753786865452,0.12072407017275114
1.1545242180127435,-1.3988099702377859,0.05306877512681307
0.26624476594577645,-0.06386436748433517,0.13525443242485377
0.027798430480015963,-0.11479525887188771,0.18697236358350589
0.1837449321561805,-0.3831200545705335,0.13698124707730885
0.4584548166739653,-0.885700371269596,0.08604209269536542
0.059202088788096505,-0.8296794336024185,0.10246918021080316
0.10522505880243802,1.453053907037882,0.03757031913794041
0.3304018517091321,-1.6511634667892303,0.03924460665798763
0.11474497524224808,-2.565426669987211,0.0017985926704768113
0.39153367868238204,-1.1252266653028746,0.07330010104407426
0.47563940264737026,0.3472560264151263,0.10738411730314623
0.5329701908427481,0.978096149678325,0.07894417916319456
0.24039833883288786,-0.7914997230462536,0.10129430031143323
0.14282820370549074,1.9477937906590208,0.014063749715256663
0.289064295625885,0.3580872753527623,0.12468079208803069
0.06183835012059785,0.11181406095507632,0.17619624263456185
0.06865991424014398,-0.28046947005815104,0.16540642176391532
0.5122878900748126,0.4610228695133047,0.10148911686578152
0.5099364812709068,0.6023619254872213,0.09674431283758311
0.15669877375772834,-0.5335633456640492,0.12958552884674912
0.18899883999892989,0.05424775840147781,0.14785376138173734
0.16850576321882324,-1.7664861148840822,0.023565779369234815
0.18065417434225867,-0.050807667366935476,0.14943046516001793
0.0775501193214875,1.995089517920861,0.008310148791620993
0.07388085664092739,1.5672857657432895,0.026191006967264632
0.536531973953858,1.435325604660137,0.055520598015578966
0.32995778830381817,-0.5908765428867503,0.10929757080378501
1.11615757945697,-1.2080716192147845,0.05858529331143285
0.052386336771238266,-0.6752406249074339,0.12408871084336325
0.7709254448682368,-0.7683525380905859,0.07929353443582964
0.43518901907199253,0.24062165973375388,0.11324532009755489
0.22496272087514702,-0.8646903909204199,0.09571564190787807
0.31774689478495133,-1.63525563838213,0.039604672856833306
0.5453572330491477,1.7879844358775503,0.0388713375072026
0.2249963073108878,0.377616598847478,0.13161019256731876
0.31271132124701323,1.5704457996679977,0.04319270546412324
1.1286942414634928,-1.446623458832139,0.05205274014903505
0.3822073072328576,0.8425059162905955,0.09142589511525567
0.02451738269580916,-1.2013957445948118,0.05114394154322155
0.37848531656011475,-0.3469410805578134,0.11577662873842898
1.0934694320113516,-0.7660391347749362,0.0693383180294977
0.14864784814052925,-0.6346268301935113,0.12121556845441522
0.01331981603392394,1.6559985173341594,0.014402742677512608
0.38984305293203514,-0.6233503616793096,0.10329937903301407
0.1109480312829889,0.49075662968207057,0.13932006004507974
0.7500386135896298,0.8447885255436829,0.07761315950298592
0.06046554807579412,-0.9813486475827042,0.0821445146775552
0.14180311446912702,-1.4458114890197205,0.041499159917127666
0.007188547274233085,0.6337310250129994,0.13335764318899596
0.17325124733580502,-0.5561428333943814,0.1258448567676856
0.06321768855735713,-0.5065685812766224,0.14467036981297723
0.2727143442724609,0.11020684113999395,0.1338138885485642
0.4113466899692719,-0.5101391902982102,0.10695394014709671
0.09848451212608904,-1.1948239588256657,0.06023481975565031
0.043068009041375435,0.7441099957517043,0.11468718666049589
0.0382626044341134,0.08571160077552319,0.1843644085443508
0.08820531107953769,0.05159826248106855,0.1701078594418992
0.528814166913104,1.148331952037793,0.07038549456185042
0.17025544156727904,0.7804873606104666,0.10555327141778452
0.06431619215800657,0.541978024871554,0.14029988560124998
0.10007056562011643,1.2188420017061856,0.05791993936875137
0.1292000450463389,2.0769409421935014,0.009329292586964948
0.06843051622892923,-2.486274285569535,0.0013734915785618134
0.2326511527182326,-0.4223719097076171,0.12821779926889293
0.2528262814038403,1.009972959667591,0.08280486915618138
0.45366727326514533,-0.7526312071475753,0.09315620674477643
0.3567395680628587,0.0810160049955146,0.12354674551378532
0.08463098341713289,0.5616210152191112,0.13542585181294506
0.05141672437435332,-0.4127331848345207,0.1573337368006752
0.7026464622986524,0.13252727915175255,0.0950641683686263
0.5239812399377431,-0.5238465339846312,0.0987151408783288
0.002240292661072697,-0.38265819207120916,0.17217405665158664
0.007111754323222712,0.06318276194719777,0.19631089345931296
0.20131434528122805,0.25853885438856355,0.14058437711076371
0.5466779177526576,-1.0420077064880067,0.07544724315210821
0.7784403885789415,-0.48636870295892753,0.08612512646111312
0.06468680037294748,0.03872506826934981,0.17690252024510014
0.49718856960568186,-0.41882315775228,0.10380137536018573
0.1613603486502628,0.014050592278455383,0.153401246640998
0.31664131435516585,-0.9987033731266133,0.0828861207123657
0.11373848832042202,-0.8189832240273918,0.10338465677114259
0.04039282131148186,0.2218448218679671,0.17715442714312116
0.3688336688652028,-0.5424128140505122,0.10878667656381286
0.11048084548246248,-1.5457696845861912,0.031411856127410015
0.009052168077366227,-0.4346087836764221,0.16358673889694433
1.0214987155628807,0.4255478726760282,0.07727081672322676
0.16800221461197126,-0.2396979112830664,0.14695719140742702
0.031377481884146186,-1.625215438431649,0.017980369853487263
0.5020755025074417,0.3310910483206036,0.10573990240308108
0.5663575408068453,-2.3621445623489956,0.01893968388696595
0.10758164911478324,0.25202456616717056,0.1582539291886514
0.34443365758345595,-0.22751661490072086,0.12261258631828999
0.038430711472948985,0.32970844826092316,0.16880664279680183
0.14685668573135416,0.9491755770585014,0.08867967336994569
0.07512242748790758,-0.0028857999602689894,0.17406490961777293
0.08454315564859279,0.3958771840431709,0.15248962628034832
1.0038913405576608,-0.38087282953792445,0.07847125458574618
0.010587357044388656,-0.7215410910383668,0.1187535941380514
0.24004101910504194,0.96203509814428,0.08697658452145927
0.30351313271319075,-0.963018642535007,0.08577105884338329
0.12187147725695904,-0.44335432491405125,0.14194533836682782
0.08352306749937859,1.298179914001995,0.04855053540373972
0.4774748610701335,0.05063722985849662,0.11167908470763584
0.05626571657878705,1.3202215988635295,0.04331169862012356
0.31540962434534,-0.013781793406677772,0.128849833770011
2.5465684979992527,-2.1586008419521385,0.03056251798144921
0.5456810239107289,-0.28511508697835963,0.10347596110307371
0.16534724039698448,1.0693598784655312,0.07668129025337972
0.34342939780616827,-0.4877946497097908,0.11346618329651231
0.2663613764787677,1.0574340065088994,0.07885730694359433
0.3167603504568707,-0.5105757487896193,0.11471069831064683
0.1119438364525361,-0.5830003375523525,0.1299750161013524
0.2109512872697929,1.826182463646066,0.023631446404267724
0.023858666625470818,-1.2577497905655317,0.04498099450083157
0.07918453447666775,2.4384018170999853,0.001891301419435507
0.15311738302096017,-1.290815883140975,0.05519083133907535
0.051138957625661986,-1.2552079978420703,0.04901654578338042
0.05212313694599633,-1.0708710089549298,0.07007012637385518
0.058904752718080794,0.35587555946589294,0.1614416404761581
0.24056714198628984,2.2702765301645127,0.01008025940676312
0.1806738734352056,1.6279611989531337,0.03213251193845763
0.29190702286865794,0.927142619579427,0.08874352223035802
1.188798123670027,0.41941035221954936,0.07179549489413656
0.2801691785905822,0.6996855329731351,0.10601515555761622
0.07657051747141902,0.27649275301591825,0.1637833122702836
0.0925316113986841,0.0600915754658261,0.16884433035716537
0.06598190375616764,-0.27198331360698774,0.16668059002823157
0.44994811318170364,-0.021666471500097196,0.11424922448662549
0.2060301491728181,-1.0817744746493236,0.07637313533580782
0.03617508071662324,0.2898022249964794,0.17308098131186517
0.6207702407940493,-0.7958546211240652,0.08396799011928033
0.15110402472261858,-0.5543126401706759,0.12842133474473386
0.2821828366296166,0.05876459743718826,0.133048505438395
1.1021042924594342,0.20736076934697853,0.07641495392594137
0.26283396952560545,1.6387189920469054,0.03673354015665589
0.21283224278705445,0.9563472295898201,0.08779976001085646
0.7152484952769355,-0.11447784308154436,0.09443728264106695
0.6774912695117473,0.40837436713788755,0.092768320128455
0.1825522629459452,0.3125553451690454,0.14110145166844615
0.34424394562730665,-0.0443716501246945,0.12522976554161752
0.3397816374940697,-1.4478203552353153,0.05176173445379346
0.10548663385803188,-1.4528866455517542,0.037609450274593184
0.053481540061439396,-1.0498052314836026,0.07283277659888296
0.2523506764538329,-1.0768824219672088,0.07724938323074161
0.011022703381873718,-0.9817907871136669,0.07766725260065833
0.5193025628018029,1.005747396238457,0.07791819815332902
0.428919682256938,2.173976349838976,0.02040083663239323
0.37015696217480293,-0.17062299580635312,0.12094186818573995
0.7899725925200383,-0.39734255588810047,0.08723647700271944
0.9509567139250519,-0.8106068042046307,0.07236566475440147
0.1888919597203611,-0.31176263868299325,0.14014359851461178
0.33701047779746984,1.738597087663539,0.034830346678913826
1.1016113228457007,0.46362932199844425,0.0740397290645143
0.5761215705358481,-0.3924411850004252,0.09913259874530674
0.31851406327065973,-0.5573529217390705,0.11206518037630105
0.17367333070968158,-1.3127901174398218,0.054611769658300856
0.4070749946375736,-0.05005301487467333,0.11833126752897284
0.018080494900974537,-0.33188202637075903,0.17396935228524163
0.007036266692571869,0.6395338002465196,0.13241334498199733
0.42026073929268776,0.11241925480723924,0.11656796358480197
0.04161444826960505,1.6188535853957382,0.01950098126586926
0.5012116020313364,1.5975138061361063,0.04693537061212051
0.15049375737320067,0.773138292541266,0.10718118128956541
0.9079780056727912,0.13068725422832414,0.0845503666837996
0.019836951556464064,-1.3235601873838312,0.037906678671026484
0.20968102128191451,-0.47222467515764643,0.12793670643422395
0.09433362572369604,-0.2985983203763733,0.15823393245704592
0.03197044974828241,-0.43974831080799937,0.15814253823269794
0.2337049951065942,0.902858914882067,0.09216976940362709
0.0018916346127601986,0.7685422108411333,0.1108455413174396
0.07080050447154432,0.9230428849705373,0.09025036510252388
0.180337199483096,1.6842801841728974,0.02880991886933116
0.1274717335099799,1.4418077930330857,0.040558871772517185
0.596706612730517,-2.513114525595589,0.01586162704151388
0.10101985640953555,0.4086238443688539,0.14835443100528845
0.11664145527367362,0.06557016873156057,0.16275725090645396
0.7248804194618815,-0.33208671146116997,0.0915716363951427
0.05642893940962811,1.7466781624541676,0.014907259162269598
0.293912956849107,0.3734170633658711,0.12349129144803124
0.1511917588063124,-0.2728291850947726,0.14846136209952
0.020207446543710976,-1.6017852947553233,0.017878392739546237
0.47823772776997847,0.7018960568251418,0.0943285100817364
1.881131861000444,0.4604117389247676,0.055360339221984994
0.16469121294070918,2.3683567754407537,0.005192998791173433
0.27361431306233164,0.498243117407781,0.11943632630986252
0.5443971558987717,-0.3625016269809264,0.10194789951439943
0.4621678102569174,-1.740230595066944,0.03907884352955202
0.2109909959264425,-1.1604846860033653,0.06947154703845436
0.10030209210758105,-0.012434271806311438,0.16725328226805541
0.08704911667200535,-0.07711253522499298,0.1700033239709311
0.6103511970928789,1.2629164717815833,0.06380815770588825
0.023956743524862014,0.23552804948632702,0.18118970473108464
0.26771693866223334,-1.0599642839506642,0.07865127896534024
0.20149358349368723,-1.4503680871515794,0.04550559232899698
0.2030147264296735,0.19688042925643898,0.14250726095568683
0.4902435091888605,-0.37458191443485594,0.10554600219065384
0.049477389714259204,-0.6852248901469723,0.12286917756234182
1.340209081987947,1.8013814338456813,0.04164025645457403
0.11331771356842926,0.4930929857506328,0.1387635453760688
0.5246434572086976,0.7483560935990895,0.0899848973543114
0.054699944382029804,2.18405896331061,0.0035971238760760353
0.42738641496179786,0.08304276536437256,0.11612220498947935
0.33777810870042313,-0.6732596214075557,0.10399075983552351
0.47552736217614083,1.0215715184670882,0.07813532941554292
2.1185072703844905,-0.5686770813885313,0.05080804720237205
0.34501105936298,0.8424427057803417,0.09295029683111948
0.21756183613877764,-1.9740311423621286,0.017813413207509485
0.3598601785497694,0.6989012711791973,0.10111022962073578
0.42618263964503494,0.031286278573785596,0.11649356753889183
0.18509095996071867,1.7320979389235134,0.026546286668646484
0.07796933503546459,1.0707975550208395,0.07229612651342081
0.07380126640435347,-1.0670249943050523,0.0724255145318888
0.006635613082420047,-0.21675636187865716,0.18844141010820661
0.42625956740840665,1.771426924083323,0.03652851182146412
0.12903027065312844,-0.23450685888925835,0.15463450277279753
0.426379463892861,2.486513522715362,0.011855545758525153
0.04185781893268247,0.24142703111424982,0.175353000603982
0.3346208325572714,1.7394777176125826,0.03468113259183933
0.013193813865821583,0.42678869820121673,0.16373766585304483
0.27024152525500555,-0.6875585097620681,0.10752306023646069
0.007835447108688744,1.1192632734655459,0.05840628244800697
0.3585678338401649,2.261895177117417,0.015118384095343197
0.4710249487524648,-0.11679029640713193,0.11181873149465951
0.15950933148772864,0.46768527187989,0.13457014514807233
0.13206919766506958,1.3006483286954649,0.05277914632243052
0.0792348992539555,2.9003544741456597,0.00029088110280805926
0.5769993461289464,1.5146407083291664,0.05188002074739675
0.18902069927414045,-1.1470533777766356,0.07000944836830579
0.4234138404769312,-1.2451536919712065,0.06569013757059981
0.29016119764482057,-0.5879987361645168,0.11262679912259453
0.047272749373769504,0.5812782624700858,0.1373925251305701
0.055950232239064576,2.125387069105896,0.004484204100341911
0.0912405990555324,-0.0506866938927732,0.16931276083640343
0.5859355420389961,0.4011137291576975,0.09830364475873837
0.11744203863555623,0.788209624780256,0.10683851671578876
0.6593055672655433,-0.6160338429164779,0.08845017873343453
0.2980887587583743,-1.264739635533969,0.06320663818061431
0.36962118163256635,-0.2363180684762146,0.11970126159898649
0.09875143571018095,-1.5727478412224773,0.028470154666136255
0.014817813916145003,-0.053175616292722945,0.19351897519750477
0.18148145943254018,-0.5144679590687353,0.12824386047787545
0.30700497836354795,0.23950068079480846,0.12663578699958905
0.12249424264979701,-0.8833888997874798,0.09586464686749743
0.9155278173459199,0.2919378142346562,0.08299243508492851
0.305494450078272,0.25288434134587007,0.1264425664910618
1.5184515923413695,1.3525061344273221,0.049882725192730785
0.4847753367055351,0.1802900649945675,0.10991733269990661
0.2141769435832063,-0.9587054964640745,0.08757298050424463
0.05385463130310606,-0.1820952779949535,0.17558196248261992
0.3148900352505129,3.057101495410382,0.0020608072197461883
0.049188458878038195,1.5167911026640573,0.026607125211278927
0.15611378188679492,-1.0126098678434003,0.08217949410191264
0.20411934575310423,-0.17193680717882465,0.14304816169520693
0.20476596007228487,0.40791305442794656,0.13258288062166276
0.08543515118118454,0.17541290463327397,0.16731149625653688
0.006979674015766474,0.35285797351360015,0.17463958247531486
0.2417508970072656,-0.2692727076439641,0.13415884948692391
0.1803064651989673,-0.8049977244394079,0.1027480713229849
0.019782843982746056,0.04604370996041387,0.19176991607006819
0.21869662770502044,-0.07985969617223565,0.14242257934007968
0.036650401678341965,1.0721807415821503,0.06828300436687153
1.4419931491232842,-1.102899171798272,0.05560595986201079
0.4041912274459248,-0.6041131788676086,0.10328185469873569
0.13568926463507527,3.4571788927440137,6.861377138935374e-05
0.5492682564891641,-0.484653848863919,0.09837655962510292
0.032336851652898284,-0.6901526242905673,0.12303960431292517
0.6305816009628216,1.077456670000956,0.071960071223617
0.32265059944740154,0.14118806557789662,0.1268420158586641
0.025539731186046816,-0.4632414611034008,0.15640140965297936
0.17258051937409413,0.1769790255083102,0.14842352238647358
0.2724661158510464,0.8287273124207813,0.09692065745159048
0.29323679289954885,-0.7865690938424595,0.09910968409172885
0.40068796180613814,-0.8834164716958434,0.0882450807823083
0.322861824413806,0.8981290941433416,0.08996485669641444
0.30958497674321395,-0.34180116675856204,0.12301392670183035
0.5151839534806175,0.4376186121738459,0.10199271189947536
0.006231977405891055,-0.8193335295358799,0.10255537361196149
0.9635192185062579,0.7731699545546785,0.07288650146225671
0.16877321984992696,0.35169020525130446,0.14112802307824873
0.10038872654430618,2.364206054536199,0.0031001109874628538
0.2017784534299368,-1.3887287054704989,0.05015235217365454
0.8455104660675474,-0.3825967078410718,0.08491105940497756
0.7536364407218251,0.6642029229464995,0.08293854017337157
0.5106618973381959,-0.8499180299877973,0.08592503917089417
0.07579410087137806,0.8090372653435869,0.10522169929209148
0.10104979052670753,-0.08872948437780816,0.16614686306820833
0.5298598350781417,-0.7657515260337728,0.08899054494555245
0.31684734512272145,0.40940073992721343,0.11950957706924219
0.08468460420655709,-0.2589460322679475,0.16302414479663768
0.6100456021691598,-0.07104179366616178,0.10129970545054473
0.703442513303904,-0.2994653605854804,0.09323743915147269
0.30228767112679616,0.14745625506356075,0.1292750274105963
1.2526147941900168,-0.02654878784157125,0.07196558687250952
0.24057705885576705,1.6107178521050647,0.037154183250276626
0.5858823874390175,-0.8812941745495856,0.08177097523776257
0.10838660142002281,0.024990223104875454,0.16516870012629029
0.9113883954475159,-0.314226156014143,0.08292768281034023
0.1348939634423746,-1.5077642940984763,0.03632348306398499
0.031458059865011156,-0.5018021641361219,0.15024220925865886
0.050573235648233815,1.0165740297115942,0.07683048908113212
0.3010877489481613,-0.01836469635825226,0.1306914271936638
0.4246362863072015,0.3615891101240728,0.11116844089049277
0.016884141016138138,0.797544430141673,0.10649688301041162
0.19018770792981532,1.2121457485656169,0.06419699515418001
0.46003078486422777,-0.6506839584346121,0.09764282683925003
0.22458793719220976,0.35485818883521486,0.1328249450443938
0.1628344946870742,0.24842728425348107,0.1475058135445861
0.05841885531312816,-0.27896629904428,0.1680724219371319
0.036189434158401215,0.5858780607106936,0.13800005672255833
0.12151047439115797,2.30153522437728,0.0045885426085887525
0.10062038397092536,1.274614750597849,0.05249552456185468
0.1375306824233645,1.0363812189635555,0.07924096333452772
0.023772310801409357,0.7774480245307598,0.10979121249377337
0.07686246680062801,1.1028864046933173,0.06846090921329807
0.21727786680427755,-0.10681145478134337,0.1422739172509148
1.4343248552678436,0.19700367092286222,0.06637329313818177
0.1612345730636467,0.19325387942386502,0.15000044201349158
0.15986618692077934,-0.39524650653649696,0.13975051049100132
0.10027368642734656,1.1583860593987532,0.06419605531386889
0.24474429056009472,1.4059976390317654,0.05109252389155336
0.5895551745764902,2.121932719670189,0.026920474530139727
0.33204084554514207,-1.8358495771234509,0.029812652942070226
1.9898756835258347,-1.208536311574957,0.046523355580341076
0.8716381553596394,-1.3249143754464925,0.058519122303924795
0.5561390120735857,0.42055048116323074,0.09972906157501943
0.012794756296144091,1.1037262706373228,0.06114092160586779
0.4216659395281341,0.9093187456792811,0.085990417226657
0.28704288324587685,1.4752906626313222,0.048140578287005006
0.41090746022786895,-0.8287338302469623,0.09104518674308056
1.1376620293345285,1.0169249804952143,0.06288355515366012
0.0747210585612849,-0.697243720343999,0.1197984316987656
0.13453414097390665,-1.4810217549876175,0.038227316906783
0.24128344466748727,-0.7408619341196673,0.10533033514350255
0.12288112302483334,-0.6186294952735406,0.12515401792255834
0.5999113437287392,0.5369817412803107,0.09384769281552162
0.23461808599949238,-0.2822094128702184,0.13466907109435375
0.0015801270666833196,-0.1443003904824434,0.19525711434359308
0.7257445492083333,-0.7923364008011244,0.08015980544044876
0.2215637333328302,-0.6148131953412426,0.11656741089379256
0.34754186385691194,-0.0632172253600958,0.12473723962244199
0.21322309028640965,0.11864239128317093,0.14273993646755748
0.28566136245863294,0.3373407529265801,0.12591653362221716
1.1889146268407162,-1.399413415614869,0.05267205374938946
0.17490942037484247,0.5843820991860204,0.12330885994962262
0.35916706967783035,0.18353617075918374,0.12190723859276524
0.5886132853766924,-1.369317198015437,0.058870750208276014
0.03311468889411529,0.6581259335562302,0.1277840677547128
0.2612088225110368,-2.253669696645027,0.011366903979358528
0.18406378296695677,-0.7097249885660244,0.11148979512961119
1.4551185102521993,-0.29934465075968714,0.06534644581644881
0.8292599994121644,-0.774418269589206,0.07710639869347184
0.0618135916719555,-0.7150697673070452,0.11812027615165248
0.030810854940409933,2.747823826985424,0.00022651203969208198
0.18134224457874654,-0.44641942244554494,0.13321398907714063
0.005801248364151903,-0.5393986684677116,0.14869761151521993
0.20612768097856662,0.5048452100295435,0.12613555295410409
0.4023304296938608,0.030901629329451705,0.11888696972130089
0.644359126698292,0.7893177105030468,0.0832963633331747
0.9909884653638542,0.8253212948405576,0.070873523780866
0.7462337945647229,-0.12163398829798863,0.09263997784981028
0.7358300260232437,0.8358047899531801,0.078380109232066
0.12233317373192402,-0.5530249778311677,0.13183729106325226
0.14661484531542535,-0.6232783775853598,0.12249053386994858
0.5049480761371231,0.1180848438360256,0.10891970778190377
0.18885250348400048,-0.5877562848144791,0.12166666034059133
0.048953883158386585,0.35726169676171043,0.16357511694666435
0.18168852464185034,0.608374721709066,0.1206245185914043
0.1385724056345235,-1.6882966542204907,0.025282017687695158
0.02675504322692492,0.301375815334722,0.17464567319204444
0.1294255741809958,-0.9361636455481485,0.08995617649746429
0.9598735631700122,0.687878636494526,0.07489977119291258
0.7830353588084379,-0.5113450227815501,0.08539930134214517
1.0434690876609203,1.3853739845036102,0.054664096045002684
0.25436735166055585,0.28469485153667207,0.13186570092002378
0.033579638053021235,0.43299512935914525,0.1586434607431911
0.07723834803423826,0.12501796738985918,0.17140670796630256
0.06187316185105797,-0.8994542880869787,0.09304162417180158
0.062718051122343,0.235223901431104,0.1700158491555332
0.6576967774779006,-1.203250610279092,0.06596096544854566
0.06845350096599429,-1.719382250077406,0.01728187269628931
0.14291058485942504,0.593198767657408,0.12572154667430213
0.02930598107443623,-0.9778930757111387,0.0801600190841043
0.011157324663061054,0.26530685063523585,0.18272641145458957
0.8860936189966455,0.5067004522139713,0.0811472624400212
0.4311691896692839,0.5289206504036129,0.10472629460692692
0.1712225024149239,-0.8424483519050525,0.09939672088720677
0.055471486226726305,0.39137407029064425,0.1587314944372107
1.1797271933793965,-1.1664303849561457,0.05858918609877678
0.1708349089946214,1.4980699864760525,0.039950962709635746
0.23594337581171881,-2.3028693693947164,0.009153188120261023
0.02352594181120628,1.2116063573826061,0.049862475080843585
0.09836101236382844,-0.24390486599751213,0.1607579112061929
0.09127921186838571,-1.2052580339137684,0.05852478378776747
0.04490658376253642,-0.2917331847055814,0.17055867342886116
0.6738171859990298,0.061604799300528826,0.09716222228730212
0.06463415926622615,-0.6883228999810076,0.12156138430658514
0.00938608886392944,0.6314316257312205,0.13357618413897349
1.2776199804030848,0.21474495522154657,0.07066891311340841
0.8418986092294086,-0.4651605019500604,0.08372021569500492
0.3850633587842345,0.09133530968572193,0.12034891212068202
0.5524884874954699,-0.6877609251681315,0.0911568256731577
0.050966109508941045,2.5887622490302062,0.0006932517326457593
0.025007145330451758,2.2688219117168917,0.0017659285488531755
0.5990103041038732,1.6409702204470398,0.04625607574876046
0.1331766759329649,0.7080410397874247,0.11493872896900717
0.11692607753724384,-1.6533527042223548,0.025337650327537705
0.3500947348083031,-1.6032719204239916,0.04271841010697184
0.4244582810111648,1.0296444110427945,0.07878140863698095
0.2853312296461709,-0.14688410795409282,0.13149861959495485
0.030041543290085612,0.7079297828136374,0.12044252864903082
0.136367911098262,0.7750738345625088,0.10758772350367109
0.003973518834824353,-0.5503200796341151,0.14721903716922005
0.030762493048048282,-0.19526090627881412,0.18186554967702653
0.3909947764314578,2.206902595123665,0.017973218657991653
0.09548549900484259,-0.373775781011538,0.1523115786990973
0.052170471532734505,1.3544288982154848,0.03966957520140257
1.1805199370310173,-0.18111478649063084,0.07387441648765901
0.5150315660305309,0.13935001873896752,0.1079038433755578
0.34384950695402844,-0.1114728868591934,0.12472592117834577
0.11817751720889216,1.011448159777615,0.08131179901029875
0.05509863586068558,-0.6935763025236199,0.12139457189591521
0.5080136114913122,0.2787633549302485,0.10640649658667142
0.783301804885799,-2.054699769825539,0.032754098570351144
0.5978560011565579,-0.5709085071371665,0.0929257440273051
0.087355249817181,-0.30623677845886743,0.15921362411332435
0.028024533757753618,-0.31568636729169086,0.1729112059276364
0.21047343829328483,-0.8897069858463195,0.09388864903159273
0.44500224293676144,-2.323143977861438,0.016464888829688176
1.199324709870546,0.47976236194144106,0.07080895988220895
0.7426241441443441,0.04171264669476967,0.09314627892344471
0.009756333885607182,0.0786912832420757,0.19485202954522843
0.00669530482235799,0.8310974413279966,0.10065777069638861
0.29967679507731376,-1.6643716950225598,0.0371336333956376
0.04102170548318932,-2.125664357266927,0.003806489015874994
0.280473457782055,1.295263856771145,0.06054881612278091
0.0028344324177433313,-0.9766326272566132,0.07742258138799574
0.40609175555359933,0.14363935557861637,0.11761616913765487
0.14689149120873363,-0.7110436656597628,0.11375680825717582
0.42549742048752587,-1.1480141316300356,0.07159378351775185
0.3539999557913449,-1.145262991948179,0.07216597142134518
0.19481944288926625,-0.8019243405855964,0.10244259771392253
0.21316901935388957,1.5351486357569344,0.040311756293852495
0.028360811250891762,2.170728229474933,0.0027449978703362812
0.3135443653205451,0.7657800565228233,0.09952637178602415
0.30712527060606754,1.562086243012953,0.04346617214570252
0.5075722058839411,0.17562755568925525,0.10809951817882683
0.015125707599876435,-1.3503173670280835,0.03474725948918723
0.06239284443416518,1.7917488075144015,0.013619543590513799
0.32626470226274895,0.7160843314373893,0.10207222697512669
0.24070962116041666,-0.19385663266484013,0.13671584465756143
0.16077694570055842,-0.4526286330416618,0.13553892470010734
0.008200601749996001,0.2835141674612922,0.18191362788241333
0.5387654998426513,-1.259251590649478,0.06454372834304106
0.10280113742300102,0.36303103888903077,0.15177908044080043
0.13613938324838515,0.3490190556931153,0.14671147346176164
0.18238322809683594,0.4931244892295,0.12974275484701714
0.23618922131498035,-0.8836599061246422,0.09374815557217847
0.08270274266542617,-1.2861915179958308,0.04960465949729689
0.20717188580999865,0.6278841036138496,0.11677108229408743
0.7786070710806634,0.5298740749650077,0.08519708442779408
0.0675828670075796,-1.4413780072934055,0.03434528233269631
0.23992868837787862,-0.2835259742669586,0.13387483539899744
1.0848017818071773,-0.5337915583135024,0.07362115105411046
0.196043440311739,-0.5376721396720884,0.12486140724723427
0.7065445682955336,0.20810730857843468,0.09419910124060707
0.011616100571705012,0.979997946816357,0.07799884414807302
0.2226491975053614,2.2777760091897155,0.009146394119951147
0.0008635954812776363,1.2127616969168056,0.046098436881968456
0.09481938151809652,0.5642753014033415,0.1339149938073079
0.7453503269968438,0.03544852349154675,0.09300467814263977
0.1610723631107359,-1.0789267490581038,0.07561093854347659
0.18654864502150612,0.11252103045759125,0.14747998049288444
0.1547885292652807,-0.21529854976740825,0.15039397992545236
0.40351018205637307,1.7759254441796528,0.03555179233548515
0.15233612077381478,0.9840850253249683,0.08506537684396605
0.21461529208882704,-0.07671864265609617,0.14313874822564027
0.01965841069882309,0.6679525401252155,0.12708663343071744
0.374791114220922,-1.0115308011211543,0.08091873404544507
0.22927784631322767,-1.5240343809377097,0.04203184115689955
1.0899563825088083,0.16092555389403165,0.07709391259291776
0.6146784623107845,0.8578896924107268,0.08174564732531887
0.12714015635493897,-1.6950411699728993,0.023937634405167975
0.13978322464780604,1.2214843572888958,0.06066194432175183
0.3238885335202016,-0.11973558319393555,0.12700113186727655
0.18399404945601022,0.9035636510749346,0.09311491296260516
0.2426424212049339,-0.23019806798849765,0.13536847424733592
1.0617875510232735,1.8057300426626397,0.042177228103503425
0.02851009771106149,0.013448217407584655,0.1889169152396575
0.2710017137058168,-0.8037885875026782,0.0988946051926966
0.33957930608260617,0.44526065253440844,0.1157367373805
0.07429648250843313,0.12485016946532686,0.17221998595287646
0.26463544726236776,-0.5301916680598363,0.1184274292080727
0.447429350795302,-0.8451347795179495,0.0886391613249264
0.10085499816535784,1.150239147951291,0.06510771060615564
1.1318210656071412,-0.11141309547484404,0.07579567342447162
0.04187022677268327,1.0182910211433125,0.07583351718476271
0.19269465030760857,0.17982657591266774,0.14475988971274142
0.391548275105853,0.07255388602640776,0.11980907896814862
0.1740477793990595,-0.07256821859321373,0.15044766610654242
0.2167671114014282,0.6086733156399934,0.11745149705925516
0.19320182059654373,0.6504692430939103,0.11605314404881903
0.016531134137612022,-0.03888250432167908,0.193104424342085
0.11635344816965566,0.6453584374545241,0.12290376525941789
0.0259660230878074,1.5192260200175105,0.02346317175702779
0.42852907282295677,-1.3471193697363244,0.059596959825837466
0.19479056715246743,0.3118595725240946,0.1392266040883854
0.15685003976710138,-0.6958822095543836,0.1146150053831884
0.4292983299032206,-0.8889675908718206,0.0868992742524103
0.3211117525710154,-1.8208668527578313,0.030017595433047193
0.1599589707633323,0.3896815865372157,0.14010912681411877
0.0431257598318419,-0.29157648739151865,0.17104480384257278
0.19768002194534925,-0.07120151136703995,0.14611725010326465
0.06412024641135386,0.4959938962328936,0.14575907065033228
0.16315159586761604,0.5245856908831299,0.12958104341241491
0.6379644065102483,0.1248566019807761,0.09912647261498742
0.09684262967797491,2.2854577040296955,0.0038962864577022204
0.17059380061486032,-0.37730344960968326,0.13928712848902036
0.009596035707408735,-0.4099958099089347,0.16677440559587373
0.6733798615116491,0.2611141351299066,0.09550990602955889
0.02486223373980595,-1.1319281693158179,0.059326715281208975
0.3019166268062042,-0.8118617103102429,0.09689213340764163
1.0665755851147007,-0.0755043488737395,0.0782503299447743
0.7329479457775588,0.8247570147849513,0.07884380987495836
0.009434306333832571,-0.26583511881886746,0.18323219498493692
0.0944983493161378,-0.530852966712935,0.13755853713683078
0.03418789638792775,-0.5981124969453088,0.13647053474761597
0.15601556795100732,0.5713994208777151,0.12636987103960293
0.18085069794256983,0.14426129723495587,0.1478216130180695
0.05488862332583406,-0.021517119340618437,0.180044862725409
0.44688118754586753,-1.518033815198575,0.05011695788566503
0.12874511803850056,-1.9154884401796348,0.014237293744014008
0.15283076876446836,0.9877078450246337,0.08469545311163801
0.10581459412310554,-0.2374628816660188,0.15943591999336185
0.10129276915358414,1.3302844678915455,0.047404621565603426
0.1634130167863367,0.14672567907271197,0.1510278477346226
0.1584159903953934,-0.21504323251161778,0.14971843552101397
0.21718733157370107,0.6785774982434503,0.11189488172706631
0.37022570360921503,-0.7292082833822846,0.09875562484089007
0.03555779186485264,-0.25427161678064336,0.17620824905954877
0.02929109656935445,0.4539424446236864,0.15688906090950244
0.05067844261974037,-0.08671151546000969,0.18031542557212646
0.03033661940345794,-1.229887036091551,0.048866146485203724
0.053246993811472375,-1.1490352839936233,0.06082463702644165
0.009519979874676355,0.9752449934652363,0.07845031687867278
0.5263932601936866,-0.16239650745730433,0.10676037982267857
0.4844808420396263,-2.702793395352949,0.009249192712139908
0.007233660291354885,1.0214067486620497,0.07147859968485631
0.11791279651156869,-1.6213695432065827,0.02730347774787306
0.29544614904968947,0.43404407142141144,0.12058470754303509
0.04989507756295519,1.3481116431047484,0.0399371889199695
0.05649732723022005,-1.2926946742625736,0.04595966368948069
0.02091243082308053,0.3220206621237504,0.17422823256901085
0.051410829452271156,-0.6569662129609957,0.12668233565355502
0.31249213681275395,1.641913318737707,0.03899465894185345
0.29807066078266065,0.16431164018135963,0.1295055175675765
0.09319822680231064,-0.013228393211636841,0.16909258953717948
0.08954673975976746,-1.833310938194116,0.014319804416450067
0.1611627675228188,-0.934602614981761,0.09022731287549302
0.19546777366857038,-0.9406162964317335,0.08942541373736565
0.7488144810610572,-0.9235872915632592,0.0749915440908446
0.3394877074769154,0.6504324080414946,0.10521992028276432
0.1156879195999886,0.10446877562247231,0.16224828669560593
0.43515666378809936,1.2268142310434271,0.06678892183475099
0.1753722081257444,-0.2209423192153699,0.14639939091588083
0.2670419179339834,-0.23840833567477895,0.13173589227299412
0.3203941542672329,-1.2015172821902327,0.06810870570959375
0.1179706478095244,-0.5316178011555878,0.13445617153866987
0.2083216518188119,0.1752220077541134,0.14226374026824926
0.031962857794944385,0.6893568870104249,0.12317675062444358
0.5632824389125083,0.23459456716668917,0.103055009696519
0.9135818783943686,0.4606382774647514,0.08083993933184866
0.6963427142914297,-0.6025770809227429,0.08711155006403555
0.01373579851794559,-0.8063659550321293,0.1049872722154097
0.5749390677177522,-0.5693377973724681,0.09422315732933532
0.5536887600917622,-1.832289599451085,0.03714156430625501
0.04200940948513563,-0.4588719083517364,0.15388149186987427
0.38291760398117664,-0.44389085785532056,0.11191685883777622
0.016606066846763596,1.381348888163986,0.03230517944653996
0.501171868896021,-0.7166424317834726,0.09249812213804078
0.4858876053159918,-1.3205441407167833,0.061405169046620356
1.0293286761220042,1.6986227554385522,0.0453874188923574
0.17072014684008438,-0.9610489725544045,0.08754579303281296
0.2060902821643871,0.7402990522605701,0.10741403843606677
0.16921924549755143,0.5968779051386154,0.12278962040980472
0.21423422457478922,-2.001395841791758,0.01661551568103305
0.5068138130657329,1.5075762459697883,0.051574805101249656
0.6083353874215554,-0.038940301729198004,0.10152196454504912
0.004645070884224124,0.49368185756852767,0.15592451450263692
0.33100014530280336,-0.36878220429938635,0.11970763481576567
0.2936051575715697,-0.38757256775396154,0.12291512871252813
0.28392493935167706,1.2237678359114972,0.06597671812678577
0.4153982633092628,0.32620370036569385,0.11299411492833814
0.39615328051229654,0.8998846608155666,0.08740926731408237
0.03408733373435671,2.190078218826173,0.0027458086635347
0.3716676942422825,1.2703543579272178,0.06386030536491594
0.5300236292619808,2.1951560600533453,0.022919126216078937
0.0037018035986809226,0.21567719830368756,0.18957030063090444
0.11557834089394967,-1.5663991374184536,0.03053446597392795
0.06700275058646186,-2.2078026301942653,0.0037763864755682506
0.005692191805592684,0.06852915851005771,0.196743280728518
0.6090484326099036,-1.5581027423037788,0.05008524554133177
0.23140963080499424,-1.0036826850784888,0.08346333149512446
0.4006070582198131,-1.3702378249126603,0.0578916244633129
0.0736176184331756,0.16941807586259486,0.17066995469611312
0.03994207414180625,-0.9137530317303816,0.09004318673788317
0.05083751156574243,1.096109370314162,0.06683675229628941
0.5610734004731863,-0.197299122648547,0.10372701774771921
0.08970657166602464,-0.8759289040289002,0.09667871682148957
0.28843759135880775,-0.5241637455039849,0.11654776560994623
0.13130088222524428,0.4103074284433363,0.14312855358062407
0.17415753644069437,0.1449525822669718,0.14903713402403365
0.5796663253554382,-0.7451390730098596,0.08764227789826529
0.3975953154599136,0.23335532013650329,0.1169367758781798
0.12269082459622849,1.1782257025578782,0.06376425268045831
0.6824923936675162,0.1412797441021436,0.09620841692226507
0.11384950971254858,-1.43614493408918,0.039731573620917095
0.41618706009276135,-0.35978104068464417,0.11195175544158659
0.46795511862295025,-0.8911457682678573,0.08541485956569525
0.13423514195397818,-2.299556875541222,0.0051009169022189355
0.22301203440560222,0.026972789257705774,0.1421384647062035
0.18454041925728087,-0.5035428324001211,0.12871152980056547
0.29386873955801696,-1.4560674989680658,0.04968714319065418
0.3926422704857773,1.7810405123180386,0.034917233902781925
0.729605639858021,-1.3310171798007102,0.05976318221920798
0.2630170765674919,-1.8869807973872268,0.023984722966920488
0.6979386707344531,-0.22429677475391885,0.0945227970375108
1.4848871776377384,0.727128063999679,0.060644052771033095
0.2367218216093061,0.7559499686967285,0.10437645588343719
0.08715383234246667,1.470831692792899,0.03432723455131232
0.30859721884435665,-0.04753333402436986,0.1296012675744235
0.3919023090909527,-0.550506130939856,0.10665600200162108
0.31347218360726525,-1.209114419895649,0.06749163820489859
0.01719623433278781,1.0972719999348224,0.0626033117409992
0.06271466492140518,0.17982286271728307,0.17317099674364214
0.08177247528834328,0.09759749785264583,0.17096661533722876
0.08431995638903074,0.6015082860638801,0.1308443226296382
0.8395925094670417,-1.5747113128746126,0.049866737938512526
0.3307995170092148,-2.3804231550196557,0.01107518749875715
0.07926526004010552,0.22428788884291812,0.16641664003502962
0.05429944207920847,0.4144230640181115,0.15657135923775864
0.014859303087600289,-2.069472492450706,0.003405929109330463
0.09980881176065932,0.06898334132972421,0.16682955084331116
0.1231614243160628,-0.8785432012545781,0.09641213916335839
0.09884114736814599,-0.2263758334435911,0.1616008628909405
0.38169613101702365,0.28708970186112276,0.11722032081042233
0.25109750092675276,-0.1257645959812204,0.13668058154859056
0.03271107403862998,-0.5280503464447701,0.14649476227938785
0.3143994698053401,-0.6401610628575476,0.10757665131743638
0.1115548792846551,-0.9018902334451375,0.09371416644400635
0.40569550313680997,0.6883197896394884,0.09898696692724752
0.20139766223725974,-0.28709989783303,0.1393631458147279
0.04555962392193048,2.064810123911782,0.004971950702710448
0.060614097848415635,2.5321287042153204,0.0010234990644203432
0.24053730496750267,-0.1234981675083009,0.13830624921401918
0.10042520446973807,0.3702547529869199,0.151658314864742
0.14441432839474613,1.3969179062823773,0.04555958680552061
0.46192765238390654,-0.28726361152100033,0.1099349816503465
0.2435691170249138,-0.5175419585457582,0.12129064247430989
0.6293067948869634,0.14753084515823578,0.09952033560306581
0.349462547090551,0.07703518441885834,0.1244134047288512
0.050104971224296455,1.005558242345939,0.0782292084963821
0.03145867966324461,1.4378953769827252,0.029947792846070794
0.3092759885601808,-0.551807033321654,0.11314715587464001
0.23008007987647303,-0.04542762528619185,0.14089130514128864
0.3976126874317364,-0.9547314441984207,0.083995750049818
0.2426010196864521,-1.7417740428775743,0.029822571079567713
1.3177984044831603,0.5516366985988291,0.06668834693936532
1.1993049227967458,1.4494178497689907,0.051280725399428774
0.09530191279910355,1.2299992803978619,0.05637149053024534
0.47087709822166907,0.03447578404963365,0.11231569204249664
0.4358783769664507,0.8050377603176108,0.09127574386344381
0.5506408752715194,0.1586563124279975,0.10494302548745305
0.1635934543348624,-1.441790868538637,0.04354184492548175
0.7885003773450405,0.8038491933471077,0.07762401174260952
0.1418549089855912,-0.4616938484059649,0.1374721744724441
0.37482116834891827,-1.5563237396608924,0.046233203821010815
0.2766760487310282,-0.24344730583000462,0.13031505529736162
0.1357421472639522,0.8458123786768236,0.09990685182970811
0.07758585879115985,-0.31567239842961026,0.16067217307969556
0.34689167218491224,-0.9523938249355796,0.08550574302128575
0.6978538725028891,-0.33825902072837355,0.09294275651025583
0.15249777004094298,0.1520356658456066,0.15302421010837686
0.030433337927277666,0.36310404601018925,0.1673855823633929
0.0988045133189099,1.6726389539826576,0.022571548071284506
0.15357462503059977,-0.6849400871034472,0.11591908997834073
0.15679743160156945,1.633714360683306,0.029932512072108574
0.3045641607027383,0.3757461897956351,0.12222373230295928
0.03670121624609162,-1.1149409101794054,0.06294083143137211
0.03584002273724618,-0.1292464696967229,0.18366942481454177
0.05718231959230347,0.5845023661887083,0.135851594048491
0.05436064223415412,2.7107895653527563,0.0004311022115890669
0.057987834974830364,0.19548073065447893,0.1736776264421951
0.0015716410008855158,2.007900878159104,0.0036275148855293418
0.09614558761385981,-0.31366215670508263,0.15679618346747115
0.25019981012237896,-1.496613046103744,0.0450172651510376
1.4557754090201944,-0.48277903532482697,0.06397055994253262
0.15883329161718834,-0.5490917127615701,0.12801450958128818
0.5613492066155316,0.8668015686853333,0.08326702918140486
0.07051606207739376,-0.44253827870155643,0.15054714167284708
0.8428740536018199,-0.3470218559242054,0.08553534721452366
0.005150024950603888,-0.010661467999036242,0.19784731517209855
0.008252433914158325,0.14584799581550673,0.19260893913303384
0.13485745203488161,0.9882314178153195,0.0843296882829145
0.6245902812547879,1.5065392991310962,0.05250627936243552
0.2510529423297578,1.02666771518072,0.08142406483551153
0.010729993456865877,-1.698504781797645,0.012305405097184295
0.5504321786422971,-1.225168512383305,0.06619517893021296
0.05308602182019067,-0.05374709135121512,0.180250600926211
0.14148049666723234,0.6280582349928919,0.12249020092784693
0.026780687027726843,-2.1100038770015543,0.0033987835974425727
0.8030056617550593,0.0921582580083057,0.08975007918169446
0.0018770895053539026,2.0108948703783205,0.0035996139005675305
0.6322450930399898,0.1368566431500683,0.09941280787678103
0.055307403666156295,0.26662807191209736,0.16980407221084512
0.0677909038459707,0.5259639295167271,0.1417331515165834
0.07481365055063179,-0.514167688314756,0.14209042575434566
0.046066601542999255,-0.12543861142134208,0.18052375441616292
0.04632910319403549,-1.9846127134091673,0.0065914926184943035
0.6157570315972205,-0.6376038294738676,0.08986207482979751
0.1619134798868986,0.18305195741794947,0.15022182084511507
0.135143436957432,-1.34486297005783,0.04914183700732218
0.0844955303302287,1.7952604755289143,0.015416909987125542
0.7058808103030917,-0.6953235279268544,0.08398982561251923
0.2638395982757083,-0.44458402261542856,0.1234137587559119
0.1270427137308012,-0.28509759080088926,0.15236375608178948
0.06607321133609725,-0.6821460372801266,0.12229099197257916
0.7322759554200131,-0.6116260052577085,0.08525740768583527
0.0687524134356163,-0.04208847903268283,0.1756644947409277
0.020268202530519076,-1.101717096936125,0.06246197624613952
0.29871035954598557,0.6697148946191362,0.10680881159682715
0.09734296770149277,-0.3835142223515132,0.15115323631695415
0.05876510986985598,-0.12984927918046385,0.17648379719741478
0.2787300668579201,-0.4696798591550927,0.12049757918709593
0.18284705729931658,1.4395703210312052,0.045088798757154144
0.05126151400416678,0.02836020275236268,0.18113903351777538
0.2563163842612277,0.4346496825298378,0.12478017025685183
0.3300925996871508,0.902806775791393,0.08940546195036735
0.3550321663929033,-1.2745651268052338,0.06341191476444322
0.08716338846432317,-0.808585499913218,0.1051365593832897
0.2194758641646918,0.21516657168324602,0.13930118973951805
0.12352668860830286,1.1069250106103692,0.07117368547009541
0.7838514293367261,1.0683196915652442,0.06900336174209128
0.19688348349673007,-1.101207447472862,0.07442660153513662
0.25357717853826967,-0.21087377076784677,0.13438995435251463
0.22739316956542643,1.031654951371688,0.08102698338167227
1.866373698939992,0.02203823367534098,0.057032620383927396
0.6788323120407072,0.19561918889060614,0.09595705623915742
1.312395623325526,-0.0308300899412887,0.07015228539608269
0.0824840905681692,0.9818850131444239,0.08331119018189118
0.19754604114402088,-0.9788653791674153,0.08581243506824812
0.1808860664461823,-0.460463137274298,0.13229307838137147
0.3626876273037961,0.7173712814427913,0.09986968241224012
0.3846723832478153,-2.1900359754565235,0.018260878866658434
0.16256902676453633,-0.05211142448726667,0.1529243898028921
0.2244007066520417,0.040359741861587244,0.1418433362576051
0.18801223180953655,1.2453624197132669,0.06118580886141675
0.4352127406715085,0.5835828298890573,0.10214621177115822
0.20460902570592193,1.4235873417202274,0.04767434445319916
0.33999371291301345,0.9640865347560835,0.08487233003542906
0.5196992269905865,0.28920685749431213,0.10531031135353161
0.34022201954073045,0.22815337890832052,0.12306685825086541
0.1358479662559034,0.18889664203287523,0.15518565063373493
0.19528103576059272,-0.6644413008712584,0.11469767075441532
0.18833962968502807,-0.36629325415453307,0.13730362456556391
0.9602307641448056,-0.46542323347988285,0.07896416706935667
0.17167346615349816,-0.12655797709483835,0.14994503815015991
0.7345738994780115,-0.52793354504704,0.0872446107924227
0.7211892287306948,-0.28212649047903626,0.0924972662965632
0.411773112600436,0.5741770354181441,0.10415344158097697
0.06771251282161263,-0.9894772526555136,0.08155692631453493
0.16609328705215015,-1.6030363879549616,0.0325580190128254
0.31072306411602685,0.5362505343702915,0.11388058804479909
0.0890309048113469,-0.06420123173474752,0.16970467220341381
0.05245185139613924,-0.5990480097747287,0.1344533221217367
0.19747510579860814,-0.3981341849164343,0.13414635416989418
0.2747608791851406,-0.48848640052129855,0.11987152411096436
0.31267907252403443,0.8829443830096629,0.09138219688154602
0.28366503125056325,-0.9191870464004209,0.08956764665103
0.10334573564651255,-3.597163346380387,1.7596503975420304e-05
0.1284046212581191,-1.1088981206894701,0.07122408475583462
0.14482705491083625,-0.2825691255340697,0.14912487777677708
0.0686486197344609,0.08018578151717692,0.17505389804101865
0.0695539393378752,2.0061071096833603,0.0075392801851958255
0.1840619999085639,0.5381712070431437,0.12612017433715214
0.04122558188640888,-0.6989403821419865,0.12132981307885461
0.034949708514241784,-0.6342703290509881,0.1311629563190914
0.21125638781216408,0.6783562425362821,0.11234062006005385
0.014642778387304507,-1.72757502920434,0.011576902003491365
0.15448692777472264,0.10308017168863354,0.15381062523068056
0.4143119857648837,-1.1218009227457453,0.07330684358420608
1.097877739841716,-0.8425818570330725,0.06765617351225435
0.20787021364783756,-0.20693261697723714,0.1413992327788742
0.08917421706105033,-1.2354468811129629,0.05524844945087666
0.29662160832349654,-0.656782806166003,0.10779389639425235
0.04697554517944226,0.10832416997799676,0.1808462728947263
0.7999198090163611,0.804437687310772,0.07722578113656425
0.4220026707584316,0.2656084289193686,0.1139171044585005
0.04898819806319343,-1.1283918576610734,0.06275883887008701
0.030833347216283592,-0.7726039915319354,0.11057607561416653
0.7822578710303345,-0.26780337900456846,0.08945187576264826
0.937435067617268,-0.8238725375844517,0.0724301740286878
0.08684223853963319,-0.7397587421660247,0.11379510513080897
0.05657405282533984,0.3420246070486445,0.16324744799827795
0.3509815754226743,0.674362318233175,0.1030785985039329
1.520259443041358,1.0771562545408218,0.054801955673007996
0.08942728322735415,-1.15600527742926,0.06357423626142038
0.13428961662745217,-0.3988094027303442,0.1435166671120716
0.13382542220491436,-0.23470349306542218,0.15365225372709126
0.18788460840705662,-2.5536951634488907,0.003582510821119846
0.09130604914037824,-0.43527634158766265,0.1476356871058855
0.24554954407845,-0.7365463139876172,0.10542216506806308
0.5344929326092345,0.6908098847237716,0.09192758676328393
0.15342822691951985,1.7416142832201906,0.02366631437834574
0.09862415684327468,-0.8961228859162171,0.09428547923309746
0.8176610773184275,1.10034868221683,0.0671654945310297
0.2393830587404881,1.5549330887309658,0.0405851234623407
0.07946448313351855,0.720451526432225,0.11657186509780984
0.12791938051463636,0.2944574111599248,0.1516474653729536
0.20851026890579755,-0.5237665681157343,0.12454011573802877
0.027941795862031063,-1.240683463543112,0.047370487119559344
0.010325382172771616,0.19105765140943615,0.18904667361678523
0.3720919446568569,-0.5132317522981628,0.1098855549045106
0.4064428940785171,-0.10788975322256432,0.11798442513295793
0.19067367836318155,0.29128565179684357,0.14084966616707298
0.5992284695385599,-0.177502412633859,0.10125940963620948
0.2663154601826103,-0.44349782789947,0.12320132876153571
0.4248560807659257,-1.6129905907933346,0.04450048492313843
0.8245796699953183,-0.8831277696835127,0.07409151220410334
0.4687142213660155,2.1223090452538784,0.023492700278601036
0.1115577639952728,0.5924318198528468,0.12902398263074924
0.03799954557129573,-0.15806279454069383,0.18164986552509851
0.01217493129612241,-1.5093832012051411,0.02221758196394124
0.1485584794872505,-0.10522217217596164,0.15498371013604093
0.002244283787030966,0.49465331925790024,0.15619722805706465
0.40171446807152716,1.304449389907309,0.061950630809361175
0.1803168075292503,-0.5286353556889017,0.12728146286181327
0.3952880418533953,0.5293801476457805,0.10735033669300861
0.20659369079882456,-0.06583700682936983,0.14462124352812758
0.004501878426652989,-2.1142231672658713,0.0024548670297044983
0.6170131971433227,-1.6638370815755938,0.0454482798575925
0.7597214776891381,0.19018834068990367,0.09141457566149516
0.2756830312962286,0.07222688302409509,0.13384057889278167
0.3603592914711354,1.6248866055368767,0.04186929085486731
0.018776726294659325,-0.15969091147638279,0.1880127851233319
0.3569387965237669,0.9091033762919428,0.08812134693940392
0.02632180955766941,0.04573342606198832,0.18937709763018434
0.11604653395065438,-0.14731183555293348,0.16097384329729278
0.10637347167911874,-1.2650078608581827,0.05393777435590069
0.552468234846116,1.2293517286646731,0.06596501286955553
0.18646944963344056,-2.2262835555427265,0.008689897729419966
0.01943318362879257,0.8036817804931016,0.10559663418543455
0.08320068155330883,-1.5079095019815454,0.031197347000412743
0.17629079814564763,-0.3022215086548793,0.1426354996637141
0.8840384481260762,-0.5339203702188872,0.08072348791396805
0.08285340572453166,-0.002814782015659793,0.17189871706342907
0.44802849274321943,0.9604150978708271,0.08224947647975023
0.057690683417209024,1.0207607265845056,0.07687190089062904
0.30844835109738317,-1.7765925279453545,0.031584068836351925
0.07669388612386618,0.3125726317132576,0.16111222848819653
0.44350570652403454,-0.5199762460827577,0.10420401496699049
0.2346068718916744,-0.7035210100441901,0.1086994281952111
0.6693402450829934,-1.5594059240966542,0.05035060674235327
0.03387718012999422,-0.9711892123878952,0.08151123643268861
0.06295111381250966,-0.8094975235982319,0.1052413088242163
0.4360482065399289,-0.29926018298545226,0.11186961975268782
0.12282715154215937,0.10380634704177608,0.16061046293968775
0.0216022528556359,0.48994077498368643,0.1535104057261339
0.3642962649939965,-0.4866145902697925,0.11172177589079961
0.04375764272847312,-0.4270956332014619,0.15728436780455973
0.03807531609463156,-0.12040219003927737,0.18328616484615745
0.20965845437042716,3.8051337131625654e-05,0.14443652210644636
0.15930358886514925,-0.7106296001512091,0.11300607079830352
0.05734696506758351,-1.1571166201134933,0.060354200130197655
0.33311451090513244,1.2584541108037945,0.0642356539847202
0.16109342312635674,-0.909829287560962,0.09276980145635065
0.3467074322032257,0.46061018291282685,0.11440846904039437
0.14477787976474477,-0.8967497609363111,0.09426970946721216
0.5243733216156162,-0.7487707680351805,0.08997931202046139
0.25604634493894063,1.1330285491154897,0.07266948021774924
0.5011228947065337,-0.248768645943375,0.10750669469748303
0.29506797588277384,0.04856896253708589,0.13136816769811407
0.13467937448270662,0.9908419449003646,0.08404327971181523
0.14718412799991076,1.7194275266859458,0.024319052950805126
0.49421364660431677,1.138865278759343,0.07136181064699186
0.008898715084825502,0.4050374506140796,0.16759041047555276
0.05703735504015664,0.7197656148887183,0.11768783756089757
0.2979005955384309,-0.009545371721749196,0.1311273848262563
0.40809653320405376,-1.785090302254765,0.03527045531572386
0.5738838093147377,0.28073619854469156,0.10156811548510582
0.4422244427310746,0.3113456611128638,0.1110367624846619
1.1967245926095553,-0.41487805997269556,0.07160056541330423
0.7571813500271952,-0.5144474709458745,0.0865032440555446
0.16390559069954277,2.337049727507122,0.005645714423529146
0.4660716700202074,-0.9018598519348756,0.08490963849475143
0.10530158505033467,-0.04326503903124318,0.16578919803395611
0.7924363158513533,0.6294213612207953,0.08228060041831617
1.759540000663139,-1.221499082598479,0.04913841844899133
0.39793123398735825,-0.3480480501164332,0.11393434157559285
0.12218648497407593,0.4941302764905515,0.1374313717200416
0.9890162368088046,-0.84277086417742,0.07051305572007388
0.012543539268039382,-1.092026996225314,0.06261702456219216
0.15829062064987398,1.1331649815890503,0.07017456778037118
0.21402632046276612,0.5445849964240622,0.12247319993929012
0.21685119147746598,-1.9988650655011975,0.016857195668838587
0.07641963270138004,-0.513663935333052,0.14191590306287163
0.15436842419847854,1.566980816268986,0.03393285105935389
0.3725522422802305,-1.4852890673611945,0.05034885208742315
0.45095980499577165,1.1697503092575308,0.07008519017575951
0.38009522111793936,0.17140322400382868,0.11987460399262663
0.005069056608849076,-0.14980044316370184,0.193597168134003
0.3376862284451083,-1.7167566849137808,0.03599678398908271
0.08279637848664,0.2077475334555733,0.16643107658394918
0.311293820776848,-0.2835475292419525,0.1248341955143595
0.1434490668296745,0.6810170736858758,0.11704233284654735
0.2556433609175587,0.1799054363250607,0.13490425713569507
0.07636636038744724,-0.32341748635036005,0.16033687933457905
0.33938650026267625,1.2285729470941305,0.06637561132539113
0.6987598907417424,-0.24948292924119816,0.09417861578397987
0.12220571862455988,0.4951613367363999,0.13733459855376418
0.019733467801049853,1.2835343685867935,0.04173848616855873
0.8411029198905172,-0.21530738923699522,0.08708143548184402
0.23891639415685756,-1.5655417861686316,0.039877769986490806
0.5347427553111749,1.0642518150625169,0.07459448074704914
0.876751891750937,-0.44657741619792657,0.08256420938023318
0.6235206294254932,0.6258027989648115,0.08986839728550196
0.22042683478202105,-0.4518454096585456,0.1279558698586033
1.13575818940261,-0.6958141961208055,0.06948601026593086
0.17274248561970482,-0.4009466865577911,0.13745867290502978
0.08619608306115985,-0.743873101279962,0.11330739123791056
0.6080064439808218,-1.0151066137364155,0.07524116266449322
0.6411749602194858,0.2284471756736012,0.09790716062973567
0.01836593309939942,-0.5200065877297213,0.14977501243461702
0.4004338045788744,1.7738700389102298,0.035543430260026036
0.1224504758217483,-0.9808174275618193,0.08486191519758075
0.590043008963243,1.6659056216902928,0.04503295354471744
0.08349063130278785,-1.2655656004934814,0.051687488512787115
0.26046635161639947,0.16194340662058543,0.13462523142810295
0.041863936756293414,0.5714436324988438,0.13935276788942
0.6445219702998607,0.8214023941416757,0.08209572674605445
0.043859053375129554,-0.7151944257704123,0.11886062539355509
0.3131631275105754,-0.7368196696560412,0.10148800806013948
0.07668969533368288,-0.5527368957009426,0.13742455774413878
0.4239631642582629,-0.4281289644652826,0.10907901455566552
0.06107364463086361,-1.3470569662523,0.0414554535316392
0.42599881845659476,0.2309796295926504,0.11427657740490167
0.21155999564854394,-1.1804646160587324,0.06774904071119825
0.3700061842644671,-0.197081206100331,0.12048447936592363
0.22057088191068228,-0.6844749964232145,0.1111759893345125
0.24394583880321158,0.12224667633550987,0.13781009252381035
0.27822993557180825,-0.5097717257063126,0.11832905767274011
0.07776486684424264,1.0388318783717274,0.07609584298937232
0.2572283633930003,-0.003298260997294235,0.13684364077832975
0.09189210127992155,-0.9455435174162796,0.08813392941813775
0.10677109624777628,0.05213318909951145,0.1653259583408328
0.20735875454621225,0.9406508520405286,0.08929256090444182
0.07773056028344354,1.422405958090483,0.03703296156780504
0.2894712558473708,0.7051896511036941,0.1050411643242305
0.10681738066641736,-0.048549382752124136,0.16535630939770454
0.06175373744828502,0.003071661265722282,0.17799546973406555
